2026-09-20 22:24:38 | INFO     | __main__ | Старт парсера. base_url=https://books.toscrape.com
2026-09-20 22:24:40 | INFO     | parser.utils.http_client | GET https://books.toscrape.com -> 200: OK
2026-09-20 22:24:40 | INFO     | __main__ | Получено 51294 символов
2026-09-20 22:24:40 | INFO     | __main__ | Готово
2026-09-21 01:02:24 | INFO     | __main__ | Старт парсера. base_url=https://books.toscrape.com
2026-09-21 01:02:24 | DEBUG    | parser.utils.http_client | GET https://books.toscrape.com (timeout=10.0)
2026-09-21 01:02:26 | INFO     | parser.utils.http_client | GET https://books.toscrape.com -> 200: OK
2026-09-21 01:02:26 | INFO     | __main__ | Получено 51294 символов
2026-09-21 01:02:26 | ERROR    | __main__ | Парсер упал
Traceback (most recent call last):
  File "c:\Users\dalum\OneDrive\Рабочий стол\python_learn\parser\src\parser\main.py", line 18, in run
    items = parse_books_page(response, settings.base_url)
  File "C:\Users\dalum\OneDrive\Рабочий стол\python_learn\parser\src\parser\parsers\book_list.py", line 11, in parse_books_page
    soup = BeautifulSoup(html, "html.parser")
  File "C:\Users\dalum\OneDrive\Рабочий стол\python_learn\parser\.venv\Lib\site-packages\bs4\__init__.py", line 445, in __init__
    raise TypeError(
        f"Incoming markup is of an invalid type: {markup!r}. Markup must be a string, a bytestring, or an open filehandle."
    )
TypeError: Incoming markup is of an invalid type: <Response [200]>. Markup must be a string, a bytestring, or an open filehandle.
2026-09-21 01:02:56 | INFO     | __main__ | Старт парсера. base_url=https://books.toscrape.com
2026-09-21 01:02:56 | DEBUG    | parser.utils.http_client | GET https://books.toscrape.com (timeout=10.0)
2026-09-21 01:02:57 | INFO     | parser.utils.http_client | GET https://books.toscrape.com -> 200: OK
2026-09-21 01:02:57 | INFO     | __main__ | Получено 51294 символов
2026-09-21 01:02:57 | INFO     | parser.parsers.book_list | Найдено 20 карточек
2026-09-21 01:02:57 | INFO     | parser.parsers.book_list | Разобрано 20 из 20 карточек
2026-09-21 01:02:57 | INFO     | __main__ | Получены карточки: [Item(title='A Light in the Attic', url='https://books.toscrape.com/catalogue/a-light-in-the-attic_1000/index.html', price=Decimal('51.77'), currency='GBP', in_stock=True, rating=3, image_url='https://books.toscrape.com/media/cache/2c/da/2cdad67c44b002e7ead0cc35693c0e8b.jpg', description=None, category=None, sku=None, scraped_at=datetime.datetime(2026, 9, 20, 22, 2, 57, 315590, tzinfo=datetime.timezone.utc), source='books.toscrape.com'), Item(title='Tipping the Velvet', url='https://books.toscrape.com/catalogue/tipping-the-velvet_999/index.html', price=Decimal('53.74'), currency='GBP', in_stock=True, rating=1, image_url='https://books.toscrape.com/media/cache/26/0c/260c6ae16bce31c8f8c95daddd9f4a1c.jpg', description=None, category=None, sku=None, scraped_at=datetime.datetime(2026, 9, 20, 22, 2, 57, 315958, tzinfo=datetime.timezone.utc), source='books.toscrape.com'), Item(title='Soumission', url='https://books.toscrape.com/catalogue/soumission_998/index.html', price=Decimal('50.10'), currency='GBP', in_stock=True, rating=1, image_url='https://books.toscrape.com/media/cache/3e/ef/3eef99c9d9adef34639f510662022830.jpg', description=None, category=None, sku=None, scraped_at=datetime.datetime(2026, 9, 20, 22, 2, 57, 316475, tzinfo=datetime.timezone.utc), source='books.toscrape.com'), Item(title='Sharp Objects', url='https://books.toscrape.com/catalogue/sharp-objects_997/index.html', price=Decimal('47.82'), currency='GBP', in_stock=True, rating=4, image_url='https://books.toscrape.com/media/cache/32/51/3251cf3a3412f53f339e42cac2134093.jpg', description=None, category=None, sku=None, scraped_at=datetime.datetime(2026, 9, 20, 22, 2, 57, 317232, tzinfo=datetime.timezone.utc), source='books.toscrape.com'), Item(title='Sapiens: A Brief History of Humankind', url='https://books.toscrape.com/catalogue/sapiens-a-brief-history-of-humankind_996/index.html', price=Decimal('54.23'), currency='GBP', in_stock=True, rating=5, image_url='https://books.toscrape.com/media/cache/be/a5/bea5697f2534a2f86a3ef27b5a8c12a6.jpg', description=None, category=None, sku=None, scraped_at=datetime.datetime(2026, 9, 20, 22, 2, 57, 317927, tzinfo=datetime.timezone.utc), source='books.toscrape.com'), Item(title='The Requiem Red', url='https://books.toscrape.com/catalogue/the-requiem-red_995/index.html', price=Decimal('22.65'), currency='GBP', in_stock=True, rating=1, image_url='https://books.toscrape.com/media/cache/68/33/68339b4c9bc034267e1da611ab3b34f8.jpg', description=None, category=None, sku=None, scraped_at=datetime.datetime(2026, 9, 20, 22, 2, 57, 318529, tzinfo=datetime.timezone.utc), source='books.toscrape.com'), Item(title='The Dirty Little Secrets of Getting Your Dream Job', url='https://books.toscrape.com/catalogue/the-dirty-little-secrets-of-getting-your-dream-job_994/index.html', price=Decimal('33.34'), currency='GBP', in_stock=True, rating=4, image_url='https://books.toscrape.com/media/cache/92/27/92274a95b7c251fea59a2b8a78275ab4.jpg', description=None, category=None, sku=None, scraped_at=datetime.datetime(2026, 9, 20, 22, 2, 57, 319092, tzinfo=datetime.timezone.utc), source='books.toscrape.com'), Item(title='The Coming Woman: A Novel Based on the Life of the Infamous Feminist, Victoria Woodhull', url='https://books.toscrape.com/catalogue/the-coming-woman-a-novel-based-on-the-life-of-the-infamous-feminist-victoria-woodhull_993/index.html', price=Decimal('17.93'), currency='GBP', in_stock=True, rating=3, image_url='https://books.toscrape.com/media/cache/3d/54/3d54940e57e662c4dd1f3ff00c78cc64.jpg', description=None, category=None, sku=None, scraped_at=datetime.datetime(2026, 9, 20, 22, 2, 57, 319640, tzinfo=datetime.timezone.utc), source='books.toscrape.com'), Item(title='The Boys in the Boat: Nine Americans and Their Epic Quest for Gold at the 1936 Berlin Olympics', url='https://books.toscrape.com/catalogue/the-boys-in-the-boat-nine-americans-and-their-epic-quest-for-gold-at-the-1936-berlin-olympics_992/index.html', price=Decimal('22.60'), currency='GBP', in_stock=True, rating=4, image_url='https://books.toscrape.com/media/cache/66/88/66883b91f6804b2323c8369331cb7dd1.jpg', description=None, category=None, sku=None, scraped_at=datetime.datetime(2026, 9, 20, 22, 2, 57, 320226, tzinfo=datetime.timezone.utc), source='books.toscrape.com'), Item(title='The Black Maria', url='https://books.toscrape.com/catalogue/the-black-maria_991/index.html', price=Decimal('52.15'), currency='GBP', in_stock=True, rating=1, image_url='https://books.toscrape.com/media/cache/58/46/5846057e28022268153beff6d352b06c.jpg', description=None, category=None, sku=None, scraped_at=datetime.datetime(2026, 9, 20, 22, 2, 57, 321007, tzinfo=datetime.timezone.utc), source='books.toscrape.com'), Item(title='Starving Hearts (Triangular Trade Trilogy, #1)', url='https://books.toscrape.com/catalogue/starving-hearts-triangular-trade-trilogy-1_990/index.html', price=Decimal('13.99'), currency='GBP', in_stock=True, rating=2, image_url='https://books.toscrape.com/media/cache/be/f4/bef44da28c98f905a3ebec0b87be8530.jpg', description=None, category=None, sku=None, scraped_at=datetime.datetime(2026, 9, 20, 22, 2, 57, 321520, tzinfo=datetime.timezone.utc), source='books.toscrape.com'), Item(title="Shakespeare's Sonnets", url='https://books.toscrape.com/catalogue/shakespeares-sonnets_989/index.html', price=Decimal('20.66'), currency='GBP', in_stock=True, rating=4, image_url='https://books.toscrape.com/media/cache/10/48/1048f63d3b5061cd2f424d20b3f9b666.jpg', description=None, category=None, sku=None, scraped_at=datetime.datetime(2026, 9, 20, 22, 2, 57, 322022, tzinfo=datetime.timezone.utc), source='books.toscrape.com'), Item(title='Set Me Free', url='https://books.toscrape.com/catalogue/set-me-free_988/index.html', price=Decimal('17.46'), currency='GBP', in_stock=True, rating=5, image_url='https://books.toscrape.com/media/cache/5b/88/5b88c52633f53cacf162c15f4f823153.jpg', description=None, category=None, sku=None, scraped_at=datetime.datetime(2026, 9, 20, 22, 2, 57, 322491, tzinfo=datetime.timezone.utc), source='books.toscrape.com'), Item(title="Scott Pilgrim's Precious Little Life (Scott Pilgrim #1)", url='https://books.toscrape.com/catalogue/scott-pilgrims-precious-little-life-scott-pilgrim-1_987/index.html', price=Decimal('52.29'), currency='GBP', in_stock=True, rating=5, image_url='https://books.toscrape.com/media/cache/94/b1/94b1b8b244bce9677c2f29ccc890d4d2.jpg', description=None, category=None, sku=None, scraped_at=datetime.datetime(2026, 9, 20, 22, 2, 57, 322935, tzinfo=datetime.timezone.utc), source='books.toscrape.com'), Item(title='Rip it Up and Start Again', url='https://books.toscrape.com/catalogue/rip-it-up-and-start-again_986/index.html', price=Decimal('35.02'), currency='GBP', in_stock=True, rating=5, image_url='https://books.toscrape.com/media/cache/81/c4/81c4a973364e17d01f217e1188253d5e.jpg', description=None, category=None, sku=None, scraped_at=datetime.datetime(2026, 9, 20, 22, 2, 57, 323375, tzinfo=datetime.timezone.utc), source='books.toscrape.com'), Item(title='Our Band Could Be Your Life: Scenes from the American Indie Underground, 1981-1991', url='https://books.toscrape.com/catalogue/our-band-could-be-your-life-scenes-from-the-american-indie-underground-1981-1991_985/index.html', price=Decimal('57.25'), currency='GBP', in_stock=True, rating=3, image_url='https://books.toscrape.com/media/cache/54/60/54607fe8945897cdcced0044103b10b6.jpg', description=None, category=None, sku=None, scraped_at=datetime.datetime(2026, 9, 20, 22, 2, 57, 323829, tzinfo=datetime.timezone.utc), source='books.toscrape.com'), Item(title='Olio', url='https://books.toscrape.com/catalogue/olio_984/index.html', price=Decimal('23.88'), currency='GBP', in_stock=True, rating=1, image_url='https://books.toscrape.com/media/cache/55/33/553310a7162dfbc2c6d19a84da0df9e1.jpg', description=None, category=None, sku=None, scraped_at=datetime.datetime(2026, 9, 20, 22, 2, 57, 324251, tzinfo=datetime.timezone.utc), source='books.toscrape.com'), Item(title='Mesaerion: The Best Science Fiction Stories 1800-1849', url='https://books.toscrape.com/catalogue/mesaerion-the-best-science-fiction-stories-1800-1849_983/index.html', price=Decimal('37.59'), currency='GBP', in_stock=True, rating=1, image_url='https://books.toscrape.com/media/cache/09/a3/09a3aef48557576e1a85ba7efea8ecb7.jpg', description=None, category=None, sku=None, scraped_at=datetime.datetime(2026, 9, 20, 22, 2, 57, 325245, tzinfo=datetime.timezone.utc), source='books.toscrape.com'), Item(title='Libertarianism for Beginners', url='https://books.toscrape.com/catalogue/libertarianism-for-beginners_982/index.html', price=Decimal('51.33'), currency='GBP', in_stock=True, rating=2, image_url='https://books.toscrape.com/media/cache/0b/bc/0bbcd0a6f4bcd81ccb1049a52736406e.jpg', description=None, category=None, sku=None, scraped_at=datetime.datetime(2026, 9, 20, 22, 2, 57, 325788, tzinfo=datetime.timezone.utc), source='books.toscrape.com'), Item(title="It's Only the Himalayas", url='https://books.toscrape.com/catalogue/its-only-the-himalayas_981/index.html', price=Decimal('45.17'), currency='GBP', in_stock=True, rating=2, image_url='https://books.toscrape.com/media/cache/27/a5/27a53d0bb95bdd88288eaf66c9230d7e.jpg', description=None, category=None, sku=None, scraped_at=datetime.datetime(2026, 9, 20, 22, 2, 57, 326249, tzinfo=datetime.timezone.utc), source='books.toscrape.com')]
2026-09-21 01:02:57 | INFO     | __main__ | Готово
2026-09-21 01:06:00 | INFO     | __main__ | Старт парсера. base_url=https://books.toscrape.com
2026-09-21 01:06:00 | DEBUG    | parser.utils.http_client | GET https://books.toscrape.com (timeout=10.0)
2026-09-21 01:06:01 | INFO     | parser.utils.http_client | GET https://books.toscrape.com -> 200: OK
2026-09-21 01:06:01 | INFO     | __main__ | Получено 51294 символов
2026-09-21 01:06:01 | INFO     | parser.parsers.book_list | Найдено 20 карточек
2026-09-21 01:06:01 | INFO     | parser.parsers.book_list | Разобрано 20 из 20 карточек
2026-09-21 01:06:01 | DEBUG    | __main__ | Получена карточка 0: Item(title='A Light in the Attic', url='https://books.toscrape.com/catalogue/a-light-in-the-attic_1000/index.html', price=Decimal('51.77'), currency='GBP', in_stock=True, rating=3, image_url='https://books.toscrape.com/media/cache/2c/da/2cdad67c44b002e7ead0cc35693c0e8b.jpg', description=None, category=None, sku=None, scraped_at=datetime.datetime(2026, 9, 20, 22, 6, 1, 518734, tzinfo=datetime.timezone.utc), source='books.toscrape.com')
2026-09-21 01:06:01 | DEBUG    | __main__ | Получена карточка 1: Item(title='Tipping the Velvet', url='https://books.toscrape.com/catalogue/tipping-the-velvet_999/index.html', price=Decimal('53.74'), currency='GBP', in_stock=True, rating=1, image_url='https://books.toscrape.com/media/cache/26/0c/260c6ae16bce31c8f8c95daddd9f4a1c.jpg', description=None, category=None, sku=None, scraped_at=datetime.datetime(2026, 9, 20, 22, 6, 1, 519048, tzinfo=datetime.timezone.utc), source='books.toscrape.com')
2026-09-21 01:06:01 | DEBUG    | __main__ | Получена карточка 2: Item(title='Soumission', url='https://books.toscrape.com/catalogue/soumission_998/index.html', price=Decimal('50.10'), currency='GBP', in_stock=True, rating=1, image_url='https://books.toscrape.com/media/cache/3e/ef/3eef99c9d9adef34639f510662022830.jpg', description=None, category=None, sku=None, scraped_at=datetime.datetime(2026, 9, 20, 22, 6, 1, 519314, tzinfo=datetime.timezone.utc), source='books.toscrape.com')
2026-09-21 01:06:01 | DEBUG    | __main__ | Получена карточка 3: Item(title='Sharp Objects', url='https://books.toscrape.com/catalogue/sharp-objects_997/index.html', price=Decimal('47.82'), currency='GBP', in_stock=True, rating=4, image_url='https://books.toscrape.com/media/cache/32/51/3251cf3a3412f53f339e42cac2134093.jpg', description=None, category=None, sku=None, scraped_at=datetime.datetime(2026, 9, 20, 22, 6, 1, 519573, tzinfo=datetime.timezone.utc), source='books.toscrape.com')
2026-09-21 01:06:01 | DEBUG    | __main__ | Получена карточка 4: Item(title='Sapiens: A Brief History of Humankind', url='https://books.toscrape.com/catalogue/sapiens-a-brief-history-of-humankind_996/index.html', price=Decimal('54.23'), currency='GBP', in_stock=True, rating=5, image_url='https://books.toscrape.com/media/cache/be/a5/bea5697f2534a2f86a3ef27b5a8c12a6.jpg', description=None, category=None, sku=None, scraped_at=datetime.datetime(2026, 9, 20, 22, 6, 1, 519840, tzinfo=datetime.timezone.utc), source='books.toscrape.com')
2026-09-21 01:06:01 | DEBUG    | __main__ | Получена карточка 5: Item(title='The Requiem Red', url='https://books.toscrape.com/catalogue/the-requiem-red_995/index.html', price=Decimal('22.65'), currency='GBP', in_stock=True, rating=1, image_url='https://books.toscrape.com/media/cache/68/33/68339b4c9bc034267e1da611ab3b34f8.jpg', description=None, category=None, sku=None, scraped_at=datetime.datetime(2026, 9, 20, 22, 6, 1, 520122, tzinfo=datetime.timezone.utc), source='books.toscrape.com')
2026-09-21 01:06:01 | DEBUG    | __main__ | Получена карточка 6: Item(title='The Dirty Little Secrets of Getting Your Dream Job', url='https://books.toscrape.com/catalogue/the-dirty-little-secrets-of-getting-your-dream-job_994/index.html', price=Decimal('33.34'), currency='GBP', in_stock=True, rating=4, image_url='https://books.toscrape.com/media/cache/92/27/92274a95b7c251fea59a2b8a78275ab4.jpg', description=None, category=None, sku=None, scraped_at=datetime.datetime(2026, 9, 20, 22, 6, 1, 520418, tzinfo=datetime.timezone.utc), source='books.toscrape.com')
2026-09-21 01:06:01 | DEBUG    | __main__ | Получена карточка 7: Item(title='The Coming Woman: A Novel Based on the Life of the Infamous Feminist, Victoria Woodhull', url='https://books.toscrape.com/catalogue/the-coming-woman-a-novel-based-on-the-life-of-the-infamous-feminist-victoria-woodhull_993/index.html', price=Decimal('17.93'), currency='GBP', in_stock=True, rating=3, image_url='https://books.toscrape.com/media/cache/3d/54/3d54940e57e662c4dd1f3ff00c78cc64.jpg', description=None, category=None, sku=None, scraped_at=datetime.datetime(2026, 9, 20, 22, 6, 1, 520714, tzinfo=datetime.timezone.utc), source='books.toscrape.com')
2026-09-21 01:06:01 | DEBUG    | __main__ | Получена карточка 8: Item(title='The Boys in the Boat: Nine Americans and Their Epic Quest for Gold at the 1936 Berlin Olympics', url='https://books.toscrape.com/catalogue/the-boys-in-the-boat-nine-americans-and-their-epic-quest-for-gold-at-the-1936-berlin-olympics_992/index.html', price=Decimal('22.60'), currency='GBP', in_stock=True, rating=4, image_url='https://books.toscrape.com/media/cache/66/88/66883b91f6804b2323c8369331cb7dd1.jpg', description=None, category=None, sku=None, scraped_at=datetime.datetime(2026, 9, 20, 22, 6, 1, 521252, tzinfo=datetime.timezone.utc), source='books.toscrape.com')
2026-09-21 01:06:01 | DEBUG    | __main__ | Получена карточка 9: Item(title='The Black Maria', url='https://books.toscrape.com/catalogue/the-black-maria_991/index.html', price=Decimal('52.15'), currency='GBP', in_stock=True, rating=1, image_url='https://books.toscrape.com/media/cache/58/46/5846057e28022268153beff6d352b06c.jpg', description=None, category=None, sku=None, scraped_at=datetime.datetime(2026, 9, 20, 22, 6, 1, 521691, tzinfo=datetime.timezone.utc), source='books.toscrape.com')
2026-09-21 01:06:01 | DEBUG    | __main__ | Получена карточка 10: Item(title='Starving Hearts (Triangular Trade Trilogy, #1)', url='https://books.toscrape.com/catalogue/starving-hearts-triangular-trade-trilogy-1_990/index.html', price=Decimal('13.99'), currency='GBP', in_stock=True, rating=2, image_url='https://books.toscrape.com/media/cache/be/f4/bef44da28c98f905a3ebec0b87be8530.jpg', description=None, category=None, sku=None, scraped_at=datetime.datetime(2026, 9, 20, 22, 6, 1, 522021, tzinfo=datetime.timezone.utc), source='books.toscrape.com')
2026-09-21 01:06:01 | DEBUG    | __main__ | Получена карточка 11: Item(title="Shakespeare's Sonnets", url='https://books.toscrape.com/catalogue/shakespeares-sonnets_989/index.html', price=Decimal('20.66'), currency='GBP', in_stock=True, rating=4, image_url='https://books.toscrape.com/media/cache/10/48/1048f63d3b5061cd2f424d20b3f9b666.jpg', description=None, category=None, sku=None, scraped_at=datetime.datetime(2026, 9, 20, 22, 6, 1, 522353, tzinfo=datetime.timezone.utc), source='books.toscrape.com')
2026-09-21 01:06:01 | DEBUG    | __main__ | Получена карточка 12: Item(title='Set Me Free', url='https://books.toscrape.com/catalogue/set-me-free_988/index.html', price=Decimal('17.46'), currency='GBP', in_stock=True, rating=5, image_url='https://books.toscrape.com/media/cache/5b/88/5b88c52633f53cacf162c15f4f823153.jpg', description=None, category=None, sku=None, scraped_at=datetime.datetime(2026, 9, 20, 22, 6, 1, 522554, tzinfo=datetime.timezone.utc), source='books.toscrape.com')
2026-09-21 01:06:01 | DEBUG    | __main__ | Получена карточка 13: Item(title="Scott Pilgrim's Precious Little Life (Scott Pilgrim #1)", url='https://books.toscrape.com/catalogue/scott-pilgrims-precious-little-life-scott-pilgrim-1_987/index.html', price=Decimal('52.29'), currency='GBP', in_stock=True, rating=5, image_url='https://books.toscrape.com/media/cache/94/b1/94b1b8b244bce9677c2f29ccc890d4d2.jpg', description=None, category=None, sku=None, scraped_at=datetime.datetime(2026, 9, 20, 22, 6, 1, 522779, tzinfo=datetime.timezone.utc), source='books.toscrape.com')
2026-09-21 01:06:01 | DEBUG    | __main__ | Получена карточка 14: Item(title='Rip it Up and Start Again', url='https://books.toscrape.com/catalogue/rip-it-up-and-start-again_986/index.html', price=Decimal('35.02'), currency='GBP', in_stock=True, rating=5, image_url='https://books.toscrape.com/media/cache/81/c4/81c4a973364e17d01f217e1188253d5e.jpg', description=None, category=None, sku=None, scraped_at=datetime.datetime(2026, 9, 20, 22, 6, 1, 523024, tzinfo=datetime.timezone.utc), source='books.toscrape.com')
2026-09-21 01:06:01 | DEBUG    | __main__ | Получена карточка 15: Item(title='Our Band Could Be Your Life: Scenes from the American Indie Underground, 1981-1991', url='https://books.toscrape.com/catalogue/our-band-could-be-your-life-scenes-from-the-american-indie-underground-1981-1991_985/index.html', price=Decimal('57.25'), currency='GBP', in_stock=True, rating=3, image_url='https://books.toscrape.com/media/cache/54/60/54607fe8945897cdcced0044103b10b6.jpg', description=None, category=None, sku=None, scraped_at=datetime.datetime(2026, 9, 20, 22, 6, 1, 523280, tzinfo=datetime.timezone.utc), source='books.toscrape.com')
2026-09-21 01:06:01 | DEBUG    | __main__ | Получена карточка 16: Item(title='Olio', url='https://books.toscrape.com/catalogue/olio_984/index.html', price=Decimal('23.88'), currency='GBP', in_stock=True, rating=1, image_url='https://books.toscrape.com/media/cache/55/33/553310a7162dfbc2c6d19a84da0df9e1.jpg', description=None, category=None, sku=None, scraped_at=datetime.datetime(2026, 9, 20, 22, 6, 1, 523533, tzinfo=datetime.timezone.utc), source='books.toscrape.com')
2026-09-21 01:06:01 | DEBUG    | __main__ | Получена карточка 17: Item(title='Mesaerion: The Best Science Fiction Stories 1800-1849', url='https://books.toscrape.com/catalogue/mesaerion-the-best-science-fiction-stories-1800-1849_983/index.html', price=Decimal('37.59'), currency='GBP', in_stock=True, rating=1, image_url='https://books.toscrape.com/media/cache/09/a3/09a3aef48557576e1a85ba7efea8ecb7.jpg', description=None, category=None, sku=None, scraped_at=datetime.datetime(2026, 9, 20, 22, 6, 1, 523751, tzinfo=datetime.timezone.utc), source='books.toscrape.com')
2026-09-21 01:06:01 | DEBUG    | __main__ | Получена карточка 18: Item(title='Libertarianism for Beginners', url='https://books.toscrape.com/catalogue/libertarianism-for-beginners_982/index.html', price=Decimal('51.33'), currency='GBP', in_stock=True, rating=2, image_url='https://books.toscrape.com/media/cache/0b/bc/0bbcd0a6f4bcd81ccb1049a52736406e.jpg', description=None, category=None, sku=None, scraped_at=datetime.datetime(2026, 9, 20, 22, 6, 1, 523923, tzinfo=datetime.timezone.utc), source='books.toscrape.com')
2026-09-21 01:06:01 | DEBUG    | __main__ | Получена карточка 19: Item(title="It's Only the Himalayas", url='https://books.toscrape.com/catalogue/its-only-the-himalayas_981/index.html', price=Decimal('45.17'), currency='GBP', in_stock=True, rating=2, image_url='https://books.toscrape.com/media/cache/27/a5/27a53d0bb95bdd88288eaf66c9230d7e.jpg', description=None, category=None, sku=None, scraped_at=datetime.datetime(2026, 9, 20, 22, 6, 1, 524140, tzinfo=datetime.timezone.utc), source='books.toscrape.com')
2026-09-21 01:06:01 | INFO     | __main__ | Готово
2026-09-21 10:59:35 | INFO     | __main__ | Старт парсера. base_url=https://books.toscrape.com
2026-09-21 10:59:35 | INFO     | parser.scrapers.catalogue | Страница 1: https://books.toscrape.com/catalogue/page-1.html
2026-09-21 10:59:35 | DEBUG    | parser.utils.http_client | GET https://books.toscrape.com/catalogue/page-1.html (timeout=10.0)
2026-09-21 10:59:36 | INFO     | parser.utils.http_client | GET https://books.toscrape.com/catalogue/page-1.html -> 200: OK
2026-09-21 10:59:36 | INFO     | parser.scrapers.catalogue | Получено 50469 символов
2026-09-21 10:59:36 | INFO     | parser.parsers.book_list | Найдено 20 карточек
2026-09-21 10:59:36 | INFO     | parser.parsers.book_list | Разобрано 20 из 20 карточек
2026-09-21 11:01:21 | INFO     | __main__ | Старт парсера. base_url=https://books.toscrape.com
2026-09-21 11:01:21 | INFO     | parser.scrapers.catalogue | Страница 1: https://books.toscrape.com/catalogue/page-1.html
2026-09-21 11:01:21 | DEBUG    | parser.utils.http_client | GET https://books.toscrape.com/catalogue/page-1.html (timeout=10.0)
2026-09-21 11:01:22 | INFO     | parser.utils.http_client | GET https://books.toscrape.com/catalogue/page-1.html -> 200: OK
2026-09-21 11:01:22 | INFO     | parser.scrapers.catalogue | Получено 50469 символов
2026-09-21 11:01:22 | INFO     | parser.parsers.book_list | Найдено 20 карточек
2026-09-21 11:01:22 | INFO     | parser.parsers.book_list | Разобрано 20 из 20 карточек
2026-09-21 11:01:22 | DEBUG    | parser.parsers.pagination | Следующая страница: https://books.toscrape.com/catalogue/page-2.html
2026-09-21 11:01:22 | INFO     | parser.scrapers.catalogue | Собрано 20 книг с 1 страниц
2026-09-21 11:01:22 | DEBUG    | __main__ | Номер книги - 0, данные - A Light in the Attic, None, 51.77
2026-09-21 11:01:22 | DEBUG    | __main__ | Номер книги - 1, данные - Tipping the Velvet, None, 53.74
2026-09-21 11:01:22 | DEBUG    | __main__ | Номер книги - 2, данные - Soumission, None, 50.10
2026-09-21 11:01:22 | DEBUG    | __main__ | Номер книги - 3, данные - Sharp Objects, None, 47.82
2026-09-21 11:01:22 | DEBUG    | __main__ | Номер книги - 4, данные - Sapiens: A Brief History of Humankind, None, 54.23
2026-09-21 11:01:22 | DEBUG    | __main__ | Номер книги - 5, данные - The Requiem Red, None, 22.65
2026-09-21 11:01:22 | DEBUG    | __main__ | Номер книги - 6, данные - The Dirty Little Secrets of Getting Your Dream Job, None, 33.34
2026-09-21 11:01:22 | DEBUG    | __main__ | Номер книги - 7, данные - The Coming Woman: A Novel Based on the Life of the Infamous Feminist, Victoria Woodhull, None, 17.93
2026-09-21 11:01:22 | DEBUG    | __main__ | Номер книги - 8, данные - The Boys in the Boat: Nine Americans and Their Epic Quest for Gold at the 1936 Berlin Olympics, None, 22.60
2026-09-21 11:01:22 | DEBUG    | __main__ | Номер книги - 9, данные - The Black Maria, None, 52.15
2026-09-21 11:01:22 | DEBUG    | __main__ | Номер книги - 10, данные - Starving Hearts (Triangular Trade Trilogy, #1), None, 13.99
2026-09-21 11:01:22 | DEBUG    | __main__ | Номер книги - 11, данные - Shakespeare's Sonnets, None, 20.66
2026-09-21 11:01:22 | DEBUG    | __main__ | Номер книги - 12, данные - Set Me Free, None, 17.46
2026-09-21 11:01:22 | DEBUG    | __main__ | Номер книги - 13, данные - Scott Pilgrim's Precious Little Life (Scott Pilgrim #1), None, 52.29
2026-09-21 11:01:22 | DEBUG    | __main__ | Номер книги - 14, данные - Rip it Up and Start Again, None, 35.02
2026-09-21 11:01:22 | DEBUG    | __main__ | Номер книги - 15, данные - Our Band Could Be Your Life: Scenes from the American Indie Underground, 1981-1991, None, 57.25
2026-09-21 11:01:22 | DEBUG    | __main__ | Номер книги - 16, данные - Olio, None, 23.88
2026-09-21 11:01:22 | DEBUG    | __main__ | Номер книги - 17, данные - Mesaerion: The Best Science Fiction Stories 1800-1849, None, 37.59
2026-09-21 11:01:22 | DEBUG    | __main__ | Номер книги - 18, данные - Libertarianism for Beginners, None, 51.33
2026-09-21 11:01:22 | DEBUG    | __main__ | Номер книги - 19, данные - It's Only the Himalayas, None, 45.17
2026-09-21 11:01:22 | INFO     | __main__ | Готово
2026-09-21 12:13:15 | INFO     | __main__ | Старт парсера. base_url=https://books.toscrape.com
2026-09-21 12:13:15 | INFO     | parser.scrapers.catalogue | Страница 1: https://books.toscrape.com/catalogue/page-1.html
2026-09-21 12:13:15 | DEBUG    | parser.utils.http_client | GET https://books.toscrape.com/catalogue/page-1.html (timeout=10.0)
2026-09-21 12:13:16 | INFO     | parser.utils.http_client | GET https://books.toscrape.com/catalogue/page-1.html -> 200: OK
2026-09-21 12:13:16 | INFO     | parser.scrapers.catalogue | Получено 50469 символов
2026-09-21 12:13:16 | INFO     | parser.parsers.book_list | Найдено 20 карточек
2026-09-21 12:13:16 | INFO     | parser.parsers.book_list | Разобрано 20 из 20 карточек
2026-09-21 12:13:16 | DEBUG    | parser.parsers.pagination | Следующая страница: https://books.toscrape.com/catalogue/page-2.html
2026-09-21 12:13:16 | INFO     | parser.scrapers.catalogue | Собрано 20 книг с 1 страниц
2026-09-21 12:13:16 | INFO     | parser.scrapers.catalogue | Страница 2: https://books.toscrape.com/catalogue/page-2.html
2026-09-21 12:13:16 | DEBUG    | parser.utils.http_client | GET https://books.toscrape.com/catalogue/page-2.html (timeout=10.0)
2026-09-21 12:13:17 | INFO     | parser.utils.http_client | GET https://books.toscrape.com/catalogue/page-2.html -> 200: OK
2026-09-21 12:13:17 | INFO     | parser.scrapers.catalogue | Получено 50877 символов
2026-09-21 12:13:17 | INFO     | parser.parsers.book_list | Найдено 20 карточек
2026-09-21 12:13:17 | INFO     | parser.parsers.book_list | Разобрано 20 из 20 карточек
2026-09-21 12:13:17 | DEBUG    | parser.parsers.pagination | Следующая страница: https://books.toscrape.com/catalogue/page-3.html
2026-09-21 12:13:17 | INFO     | parser.scrapers.catalogue | Собрано 40 книг с 2 страниц
2026-09-21 12:13:17 | INFO     | parser.scrapers.catalogue | Страница 3: https://books.toscrape.com/catalogue/page-3.html
2026-09-21 12:13:17 | DEBUG    | parser.utils.http_client | GET https://books.toscrape.com/catalogue/page-3.html (timeout=10.0)
2026-09-21 12:13:18 | INFO     | parser.utils.http_client | GET https://books.toscrape.com/catalogue/page-3.html -> 200: OK
2026-09-21 12:13:18 | INFO     | parser.scrapers.catalogue | Получено 51374 символов
2026-09-21 12:13:18 | INFO     | parser.parsers.book_list | Найдено 20 карточек
2026-09-21 12:13:18 | INFO     | parser.parsers.book_list | Разобрано 20 из 20 карточек
2026-09-21 12:13:18 | DEBUG    | parser.parsers.pagination | Следующая страница: https://books.toscrape.com/catalogue/page-4.html
2026-09-21 12:13:18 | INFO     | parser.scrapers.catalogue | Собрано 60 книг с 3 страниц
2026-09-21 12:13:18 | INFO     | parser.scrapers.catalogue | Страница 4: https://books.toscrape.com/catalogue/page-4.html
2026-09-21 12:13:18 | DEBUG    | parser.utils.http_client | GET https://books.toscrape.com/catalogue/page-4.html (timeout=10.0)
2026-09-21 12:13:19 | INFO     | parser.utils.http_client | GET https://books.toscrape.com/catalogue/page-4.html -> 200: OK
2026-09-21 12:13:19 | INFO     | parser.scrapers.catalogue | Получено 52524 символов
2026-09-21 12:13:19 | INFO     | parser.parsers.book_list | Найдено 20 карточек
2026-09-21 12:13:19 | INFO     | parser.parsers.book_list | Разобрано 20 из 20 карточек
2026-09-21 12:13:19 | DEBUG    | __main__ | Номер книги - 0, данные - A Light in the Attic, None, 51.77
2026-09-21 12:13:19 | DEBUG    | __main__ | Номер книги - 1, данные - Tipping the Velvet, None, 53.74
2026-09-21 12:13:19 | DEBUG    | __main__ | Номер книги - 2, данные - Soumission, None, 50.10
2026-09-21 12:13:19 | DEBUG    | __main__ | Номер книги - 3, данные - Sharp Objects, None, 47.82
2026-09-21 12:13:19 | DEBUG    | __main__ | Номер книги - 4, данные - Sapiens: A Brief History of Humankind, None, 54.23
2026-09-21 12:13:19 | DEBUG    | __main__ | Номер книги - 5, данные - The Requiem Red, None, 22.65
2026-09-21 12:13:19 | DEBUG    | __main__ | Номер книги - 6, данные - The Dirty Little Secrets of Getting Your Dream Job, None, 33.34
2026-09-21 12:13:19 | DEBUG    | __main__ | Номер книги - 7, данные - The Coming Woman: A Novel Based on the Life of the Infamous Feminist, Victoria Woodhull, None, 17.93
2026-09-21 12:13:19 | DEBUG    | __main__ | Номер книги - 8, данные - The Boys in the Boat: Nine Americans and Their Epic Quest for Gold at the 1936 Berlin Olympics, None, 22.60
2026-09-21 12:13:19 | DEBUG    | __main__ | Номер книги - 9, данные - The Black Maria, None, 52.15
2026-09-21 12:13:19 | DEBUG    | __main__ | Номер книги - 10, данные - Starving Hearts (Triangular Trade Trilogy, #1), None, 13.99
2026-09-21 12:13:19 | DEBUG    | __main__ | Номер книги - 11, данные - Shakespeare's Sonnets, None, 20.66
2026-09-21 12:13:19 | DEBUG    | __main__ | Номер книги - 12, данные - Set Me Free, None, 17.46
2026-09-21 12:13:19 | DEBUG    | __main__ | Номер книги - 13, данные - Scott Pilgrim's Precious Little Life (Scott Pilgrim #1), None, 52.29
2026-09-21 12:13:19 | DEBUG    | __main__ | Номер книги - 14, данные - Rip it Up and Start Again, None, 35.02
2026-09-21 12:13:19 | DEBUG    | __main__ | Номер книги - 15, данные - Our Band Could Be Your Life: Scenes from the American Indie Underground, 1981-1991, None, 57.25
2026-09-21 12:13:19 | DEBUG    | __main__ | Номер книги - 16, данные - Olio, None, 23.88
2026-09-21 12:13:19 | DEBUG    | __main__ | Номер книги - 17, данные - Mesaerion: The Best Science Fiction Stories 1800-1849, None, 37.59
2026-09-21 12:13:19 | DEBUG    | __main__ | Номер книги - 18, данные - Libertarianism for Beginners, None, 51.33
2026-09-21 12:13:19 | DEBUG    | __main__ | Номер книги - 19, данные - It's Only the Himalayas, None, 45.17
2026-09-21 12:13:19 | DEBUG    | __main__ | Номер книги - 20, данные - In Her Wake, None, 12.84
2026-09-21 12:13:19 | DEBUG    | __main__ | Номер книги - 21, данные - How Music Works, None, 37.32
2026-09-21 12:13:19 | DEBUG    | __main__ | Номер книги - 22, данные - Foolproof Preserving: A Guide to Small Batch Jams, Jellies, Pickles, Condiments, and More: A Foolproof Guide to Making Small Batch Jams, Jellies, Pickles, Condiments, and More, None, 30.52
2026-09-21 12:13:19 | DEBUG    | __main__ | Номер книги - 23, данные - Chase Me (Paris Nights #2), None, 25.27
2026-09-21 12:13:19 | DEBUG    | __main__ | Номер книги - 24, данные - Black Dust, None, 34.53
2026-09-21 12:13:19 | DEBUG    | __main__ | Номер книги - 25, данные - Birdsong: A Story in Pictures, None, 54.64
2026-09-21 12:13:19 | DEBUG    | __main__ | Номер книги - 26, данные - America's Cradle of Quarterbacks: Western Pennsylvania's Football Factory from Johnny Unitas to Joe Montana, None, 22.50
2026-09-21 12:13:19 | DEBUG    | __main__ | Номер книги - 27, данные - Aladdin and His Wonderful Lamp, None, 53.13
2026-09-21 12:13:19 | DEBUG    | __main__ | Номер книги - 28, данные - Worlds Elsewhere: Journeys Around Shakespeare’s Globe, None, 40.30
2026-09-21 12:13:19 | DEBUG    | __main__ | Номер книги - 29, данные - Wall and Piece, None, 44.18
2026-09-21 12:13:19 | DEBUG    | __main__ | Номер книги - 30, данные - The Four Agreements: A Practical Guide to Personal Freedom, None, 17.66
2026-09-21 12:13:19 | DEBUG    | __main__ | Номер книги - 31, данные - The Five Love Languages: How to Express Heartfelt Commitment to Your Mate, None, 31.05
2026-09-21 12:13:19 | DEBUG    | __main__ | Номер книги - 32, данные - The Elephant Tree, None, 23.82
2026-09-21 12:13:19 | DEBUG    | __main__ | Номер книги - 33, данные - The Bear and the Piano, None, 36.89
2026-09-21 12:13:19 | DEBUG    | __main__ | Номер книги - 34, данные - Sophie's World, None, 15.94
2026-09-21 12:13:19 | DEBUG    | __main__ | Номер книги - 35, данные - Penny Maybe, None, 33.29
2026-09-21 12:13:19 | DEBUG    | __main__ | Номер книги - 36, данные - Maude (1883-1993):She Grew Up with the country, None, 18.02
2026-09-21 12:13:19 | DEBUG    | __main__ | Номер книги - 37, данные - In a Dark, Dark Wood, None, 19.63
2026-09-21 12:13:19 | DEBUG    | __main__ | Номер книги - 38, данные - Behind Closed Doors, None, 52.22
2026-09-21 12:13:19 | DEBUG    | __main__ | Номер книги - 39, данные - You can't bury them all: Poems, None, 33.63
2026-09-21 12:13:19 | DEBUG    | __main__ | Номер книги - 40, данные - Slow States of Collapse: Poems, None, 57.31
2026-09-21 12:13:19 | DEBUG    | __main__ | Номер книги - 41, данные - Reasons to Stay Alive, None, 26.41
2026-09-21 12:13:19 | DEBUG    | __main__ | Номер книги - 42, данные - Private Paris (Private #10), None, 47.61
2026-09-21 12:13:19 | DEBUG    | __main__ | Номер книги - 43, данные - #HigherSelfie: Wake Up Your Life. Free Your Soul. Find Your Tribe., None, 23.11
2026-09-21 12:13:19 | DEBUG    | __main__ | Номер книги - 44, данные - Without Borders (Wanderlove #1), None, 45.07
2026-09-21 12:13:19 | DEBUG    | __main__ | Номер книги - 45, данные - When We Collided, None, 31.77
2026-09-21 12:13:19 | DEBUG    | __main__ | Номер книги - 46, данные - We Love You, Charlie Freeman, None, 50.27
2026-09-21 12:13:19 | DEBUG    | __main__ | Номер книги - 47, данные - Untitled Collection: Sabbath Poems 2014, None, 14.27
2026-09-21 12:13:19 | DEBUG    | __main__ | Номер книги - 48, данные - Unseen City: The Majesty of Pigeons, the Discreet Charm of Snails & Other Wonders of the Urban Wilderness, None, 44.18
2026-09-21 12:13:19 | DEBUG    | __main__ | Номер книги - 49, данные - Unicorn Tracks, None, 18.78
2026-09-21 12:13:19 | DEBUG    | __main__ | Номер книги - 50, данные - Unbound: How Eight Technologies Made Us Human, Transformed Society, and Brought Our World to the Brink, None, 25.52
2026-09-21 12:13:19 | DEBUG    | __main__ | Номер книги - 51, данные - Tsubasa: WoRLD CHRoNiCLE 2 (Tsubasa WoRLD CHRoNiCLE #2), None, 16.28
2026-09-21 12:13:19 | DEBUG    | __main__ | Номер книги - 52, данные - Throwing Rocks at the Google Bus: How Growth Became the Enemy of Prosperity, None, 31.12
2026-09-21 12:13:19 | DEBUG    | __main__ | Номер книги - 53, данные - This One Summer, None, 19.49
2026-09-21 12:13:19 | DEBUG    | __main__ | Номер книги - 54, данные - Thirst, None, 17.27
2026-09-21 12:13:19 | DEBUG    | __main__ | Номер книги - 55, данные - The Torch Is Passed: A Harding Family Story, None, 19.09
2026-09-21 12:13:19 | DEBUG    | __main__ | Номер книги - 56, данные - The Secret of Dreadwillow Carse, None, 56.13
2026-09-21 12:13:19 | DEBUG    | __main__ | Номер книги - 57, данные - The Pioneer Woman Cooks: Dinnertime: Comfort Classics, Freezer Food, 16-Minute Meals, and Other Delicious Ways to Solve Supper!, None, 56.41
2026-09-21 12:13:19 | DEBUG    | __main__ | Номер книги - 58, данные - The Past Never Ends, None, 56.50
2026-09-21 12:13:19 | DEBUG    | __main__ | Номер книги - 59, данные - The Natural History of Us (The Fine Art of Pretending #2), None, 45.22
2026-09-21 12:13:19 | DEBUG    | __main__ | Номер книги - 60, данные - The Nameless City (The Nameless City #1), None, 38.16
2026-09-21 12:13:19 | DEBUG    | __main__ | Номер книги - 61, данные - The Murder That Never Was (Forensic Instincts #5), None, 54.11
2026-09-21 12:13:19 | DEBUG    | __main__ | Номер книги - 62, данные - The Most Perfect Thing: Inside (and Outside) a Bird's Egg, None, 42.96
2026-09-21 12:13:19 | DEBUG    | __main__ | Номер книги - 63, данные - The Mindfulness and Acceptance Workbook for Anxiety: A Guide to Breaking Free from Anxiety, Phobias, and Worry Using Acceptance and Commitment Therapy, None, 23.89
2026-09-21 12:13:19 | DEBUG    | __main__ | Номер книги - 64, данные - The Life-Changing Magic of Tidying Up: The Japanese Art of Decluttering and Organizing, None, 16.77
2026-09-21 12:13:19 | DEBUG    | __main__ | Номер книги - 65, данные - The Inefficiency Assassin: Time Management Tactics for Working Smarter, Not Longer, None, 20.59
2026-09-21 12:13:19 | DEBUG    | __main__ | Номер книги - 66, данные - The Gutsy Girl: Escapades for Your Life of Epic Adventure, None, 37.13
2026-09-21 12:13:19 | DEBUG    | __main__ | Номер книги - 67, данные - The Electric Pencil: Drawings from Inside State Hospital No. 3, None, 56.06
2026-09-21 12:13:19 | DEBUG    | __main__ | Номер книги - 68, данные - The Death of Humanity: and the Case for Life, None, 58.11
2026-09-21 12:13:19 | DEBUG    | __main__ | Номер книги - 69, данные - The Bulletproof Diet: Lose up to a Pound a Day, Reclaim Energy and Focus, Upgrade Your Life, None, 49.05
2026-09-21 12:13:19 | DEBUG    | __main__ | Номер книги - 70, данные - The Art Forger, None, 40.76
2026-09-21 12:13:19 | DEBUG    | __main__ | Номер книги - 71, данные - The Age of Genius: The Seventeenth Century and the Birth of the Modern Mind, None, 19.73
2026-09-21 12:13:19 | DEBUG    | __main__ | Номер книги - 72, данные - The Activist's Tao Te Ching: Ancient Advice for a Modern Revolution, None, 32.24
2026-09-21 12:13:19 | DEBUG    | __main__ | Номер книги - 73, данные - Spark Joy: An Illustrated Master Class on the Art of Organizing and Tidying Up, None, 41.83
2026-09-21 12:13:19 | DEBUG    | __main__ | Номер книги - 74, данные - Soul Reader, None, 39.58
2026-09-21 12:13:19 | DEBUG    | __main__ | Номер книги - 75, данные - Security, None, 39.25
2026-09-21 12:13:19 | DEBUG    | __main__ | Номер книги - 76, данные - Saga, Volume 6 (Saga (Collected Editions) #6), None, 25.02
2026-09-21 12:13:19 | DEBUG    | __main__ | Номер книги - 77, данные - Saga, Volume 5 (Saga (Collected Editions) #5), None, 51.04
2026-09-21 12:13:19 | DEBUG    | __main__ | Номер книги - 78, данные - Reskilling America: Learning to Labor in the Twenty-First Century, None, 19.83
2026-09-21 12:13:19 | DEBUG    | __main__ | Номер книги - 79, данные - Rat Queens, Vol. 3: Demons (Rat Queens (Collected Editions) #11-15), None, 50.40
2026-09-21 12:13:19 | INFO     | __main__ | Готово
2026-09-21 12:14:52 | INFO     | __main__ | Старт парсера. base_url=https://books.toscrape.com
2026-09-21 12:14:52 | INFO     | parser.scrapers.catalogue | Страница 1: https://books.toscrape.com/catalogue/page-1.html
2026-09-21 12:14:52 | DEBUG    | parser.utils.http_client | GET https://books.toscrape.com/catalogue/page-1.html (timeout=10.0)
2026-09-21 12:14:53 | INFO     | parser.utils.http_client | GET https://books.toscrape.com/catalogue/page-1.html -> 200: OK
2026-09-21 12:14:53 | INFO     | parser.scrapers.catalogue | Получено 50469 символов
2026-09-21 12:14:53 | INFO     | parser.parsers.book_list | Найдено 20 карточек
2026-09-21 12:14:53 | INFO     | parser.parsers.book_list | Разобрано 20 из 20 карточек
2026-09-21 12:14:53 | DEBUG    | parser.parsers.pagination | Следующая страница: https://books.toscrape.com/catalogue/page-2.html
2026-09-21 12:14:53 | INFO     | parser.scrapers.catalogue | Собрано 20 книг с 1 страниц
2026-09-21 12:14:53 | INFO     | parser.scrapers.catalogue | Страница 2: https://books.toscrape.com/catalogue/page-2.html
2026-09-21 12:14:53 | DEBUG    | parser.utils.http_client | GET https://books.toscrape.com/catalogue/page-2.html (timeout=10.0)
2026-09-21 12:14:54 | INFO     | parser.utils.http_client | GET https://books.toscrape.com/catalogue/page-2.html -> 200: OK
2026-09-21 12:14:54 | INFO     | parser.scrapers.catalogue | Получено 50877 символов
2026-09-21 12:14:54 | INFO     | parser.parsers.book_list | Найдено 20 карточек
2026-09-21 12:14:54 | INFO     | parser.parsers.book_list | Разобрано 20 из 20 карточек
2026-09-21 12:14:54 | DEBUG    | parser.parsers.pagination | Следующая страница: https://books.toscrape.com/catalogue/page-3.html
2026-09-21 12:14:54 | INFO     | parser.scrapers.catalogue | Собрано 40 книг с 2 страниц
2026-09-21 12:14:54 | INFO     | parser.scrapers.catalogue | Страница 3: https://books.toscrape.com/catalogue/page-3.html
2026-09-21 12:14:54 | DEBUG    | parser.utils.http_client | GET https://books.toscrape.com/catalogue/page-3.html (timeout=10.0)
2026-09-21 12:14:55 | INFO     | parser.utils.http_client | GET https://books.toscrape.com/catalogue/page-3.html -> 200: OK
2026-09-21 12:14:55 | INFO     | parser.scrapers.catalogue | Получено 51374 символов
2026-09-21 12:14:55 | INFO     | parser.parsers.book_list | Найдено 20 карточек
2026-09-21 12:14:55 | INFO     | parser.parsers.book_list | Разобрано 20 из 20 карточек
2026-09-21 12:14:55 | DEBUG    | parser.parsers.pagination | Следующая страница: https://books.toscrape.com/catalogue/page-4.html
2026-09-21 12:14:55 | INFO     | parser.scrapers.catalogue | Собрано 60 книг с 3 страниц
2026-09-21 12:14:55 | INFO     | parser.scrapers.catalogue | Страница 4: https://books.toscrape.com/catalogue/page-4.html
2026-09-21 12:14:55 | DEBUG    | parser.utils.http_client | GET https://books.toscrape.com/catalogue/page-4.html (timeout=10.0)
2026-09-21 12:14:56 | INFO     | parser.utils.http_client | GET https://books.toscrape.com/catalogue/page-4.html -> 200: OK
2026-09-21 12:14:56 | INFO     | parser.scrapers.catalogue | Получено 52524 символов
2026-09-21 12:14:56 | INFO     | parser.parsers.book_list | Найдено 20 карточек
2026-09-21 12:14:56 | INFO     | parser.parsers.book_list | Разобрано 20 из 20 карточек
2026-09-21 12:14:56 | DEBUG    | __main__ | Номер книги - 0, данные - A Light in the Attic, None, 51.77 GBP
2026-09-21 12:14:56 | DEBUG    | __main__ | Номер книги - 1, данные - Tipping the Velvet, None, 53.74 GBP
2026-09-21 12:14:56 | DEBUG    | __main__ | Номер книги - 2, данные - Soumission, None, 50.10 GBP
2026-09-21 12:14:56 | DEBUG    | __main__ | Номер книги - 3, данные - Sharp Objects, None, 47.82 GBP
2026-09-21 12:14:56 | DEBUG    | __main__ | Номер книги - 4, данные - Sapiens: A Brief History of Humankind, None, 54.23 GBP
2026-09-21 12:14:56 | DEBUG    | __main__ | Номер книги - 5, данные - The Requiem Red, None, 22.65 GBP
2026-09-21 12:14:56 | DEBUG    | __main__ | Номер книги - 6, данные - The Dirty Little Secrets of Getting Your Dream Job, None, 33.34 GBP
2026-09-21 12:14:56 | DEBUG    | __main__ | Номер книги - 7, данные - The Coming Woman: A Novel Based on the Life of the Infamous Feminist, Victoria Woodhull, None, 17.93 GBP
2026-09-21 12:14:56 | DEBUG    | __main__ | Номер книги - 8, данные - The Boys in the Boat: Nine Americans and Their Epic Quest for Gold at the 1936 Berlin Olympics, None, 22.60 GBP
2026-09-21 12:14:56 | DEBUG    | __main__ | Номер книги - 9, данные - The Black Maria, None, 52.15 GBP
2026-09-21 12:14:56 | DEBUG    | __main__ | Номер книги - 10, данные - Starving Hearts (Triangular Trade Trilogy, #1), None, 13.99 GBP
2026-09-21 12:14:56 | DEBUG    | __main__ | Номер книги - 11, данные - Shakespeare's Sonnets, None, 20.66 GBP
2026-09-21 12:14:56 | DEBUG    | __main__ | Номер книги - 12, данные - Set Me Free, None, 17.46 GBP
2026-09-21 12:14:56 | DEBUG    | __main__ | Номер книги - 13, данные - Scott Pilgrim's Precious Little Life (Scott Pilgrim #1), None, 52.29 GBP
2026-09-21 12:14:56 | DEBUG    | __main__ | Номер книги - 14, данные - Rip it Up and Start Again, None, 35.02 GBP
2026-09-21 12:14:56 | DEBUG    | __main__ | Номер книги - 15, данные - Our Band Could Be Your Life: Scenes from the American Indie Underground, 1981-1991, None, 57.25 GBP
2026-09-21 12:14:56 | DEBUG    | __main__ | Номер книги - 16, данные - Olio, None, 23.88 GBP
2026-09-21 12:14:56 | DEBUG    | __main__ | Номер книги - 17, данные - Mesaerion: The Best Science Fiction Stories 1800-1849, None, 37.59 GBP
2026-09-21 12:14:56 | DEBUG    | __main__ | Номер книги - 18, данные - Libertarianism for Beginners, None, 51.33 GBP
2026-09-21 12:14:56 | DEBUG    | __main__ | Номер книги - 19, данные - It's Only the Himalayas, None, 45.17 GBP
2026-09-21 12:14:56 | DEBUG    | __main__ | Номер книги - 20, данные - In Her Wake, None, 12.84 GBP
2026-09-21 12:14:56 | DEBUG    | __main__ | Номер книги - 21, данные - How Music Works, None, 37.32 GBP
2026-09-21 12:14:56 | DEBUG    | __main__ | Номер книги - 22, данные - Foolproof Preserving: A Guide to Small Batch Jams, Jellies, Pickles, Condiments, and More: A Foolproof Guide to Making Small Batch Jams, Jellies, Pickles, Condiments, and More, None, 30.52 GBP
2026-09-21 12:14:56 | DEBUG    | __main__ | Номер книги - 23, данные - Chase Me (Paris Nights #2), None, 25.27 GBP
2026-09-21 12:14:56 | DEBUG    | __main__ | Номер книги - 24, данные - Black Dust, None, 34.53 GBP
2026-09-21 12:14:56 | DEBUG    | __main__ | Номер книги - 25, данные - Birdsong: A Story in Pictures, None, 54.64 GBP
2026-09-21 12:14:56 | DEBUG    | __main__ | Номер книги - 26, данные - America's Cradle of Quarterbacks: Western Pennsylvania's Football Factory from Johnny Unitas to Joe Montana, None, 22.50 GBP
2026-09-21 12:14:56 | DEBUG    | __main__ | Номер книги - 27, данные - Aladdin and His Wonderful Lamp, None, 53.13 GBP
2026-09-21 12:14:56 | DEBUG    | __main__ | Номер книги - 28, данные - Worlds Elsewhere: Journeys Around Shakespeare’s Globe, None, 40.30 GBP
2026-09-21 12:14:56 | DEBUG    | __main__ | Номер книги - 29, данные - Wall and Piece, None, 44.18 GBP
2026-09-21 12:14:56 | DEBUG    | __main__ | Номер книги - 30, данные - The Four Agreements: A Practical Guide to Personal Freedom, None, 17.66 GBP
2026-09-21 12:14:56 | DEBUG    | __main__ | Номер книги - 31, данные - The Five Love Languages: How to Express Heartfelt Commitment to Your Mate, None, 31.05 GBP
2026-09-21 12:14:56 | DEBUG    | __main__ | Номер книги - 32, данные - The Elephant Tree, None, 23.82 GBP
2026-09-21 12:14:56 | DEBUG    | __main__ | Номер книги - 33, данные - The Bear and the Piano, None, 36.89 GBP
2026-09-21 12:14:56 | DEBUG    | __main__ | Номер книги - 34, данные - Sophie's World, None, 15.94 GBP
2026-09-21 12:14:56 | DEBUG    | __main__ | Номер книги - 35, данные - Penny Maybe, None, 33.29 GBP
2026-09-21 12:14:56 | DEBUG    | __main__ | Номер книги - 36, данные - Maude (1883-1993):She Grew Up with the country, None, 18.02 GBP
2026-09-21 12:14:56 | DEBUG    | __main__ | Номер книги - 37, данные - In a Dark, Dark Wood, None, 19.63 GBP
2026-09-21 12:14:56 | DEBUG    | __main__ | Номер книги - 38, данные - Behind Closed Doors, None, 52.22 GBP
2026-09-21 12:14:56 | DEBUG    | __main__ | Номер книги - 39, данные - You can't bury them all: Poems, None, 33.63 GBP
2026-09-21 12:14:56 | DEBUG    | __main__ | Номер книги - 40, данные - Slow States of Collapse: Poems, None, 57.31 GBP
2026-09-21 12:14:56 | DEBUG    | __main__ | Номер книги - 41, данные - Reasons to Stay Alive, None, 26.41 GBP
2026-09-21 12:14:56 | DEBUG    | __main__ | Номер книги - 42, данные - Private Paris (Private #10), None, 47.61 GBP
2026-09-21 12:14:56 | DEBUG    | __main__ | Номер книги - 43, данные - #HigherSelfie: Wake Up Your Life. Free Your Soul. Find Your Tribe., None, 23.11 GBP
2026-09-21 12:14:56 | DEBUG    | __main__ | Номер книги - 44, данные - Without Borders (Wanderlove #1), None, 45.07 GBP
2026-09-21 12:14:56 | DEBUG    | __main__ | Номер книги - 45, данные - When We Collided, None, 31.77 GBP
2026-09-21 12:14:56 | DEBUG    | __main__ | Номер книги - 46, данные - We Love You, Charlie Freeman, None, 50.27 GBP
2026-09-21 12:14:56 | DEBUG    | __main__ | Номер книги - 47, данные - Untitled Collection: Sabbath Poems 2014, None, 14.27 GBP
2026-09-21 12:14:56 | DEBUG    | __main__ | Номер книги - 48, данные - Unseen City: The Majesty of Pigeons, the Discreet Charm of Snails & Other Wonders of the Urban Wilderness, None, 44.18 GBP
2026-09-21 12:14:56 | DEBUG    | __main__ | Номер книги - 49, данные - Unicorn Tracks, None, 18.78 GBP
2026-09-21 12:14:56 | DEBUG    | __main__ | Номер книги - 50, данные - Unbound: How Eight Technologies Made Us Human, Transformed Society, and Brought Our World to the Brink, None, 25.52 GBP
2026-09-21 12:14:56 | DEBUG    | __main__ | Номер книги - 51, данные - Tsubasa: WoRLD CHRoNiCLE 2 (Tsubasa WoRLD CHRoNiCLE #2), None, 16.28 GBP
2026-09-21 12:14:56 | DEBUG    | __main__ | Номер книги - 52, данные - Throwing Rocks at the Google Bus: How Growth Became the Enemy of Prosperity, None, 31.12 GBP
2026-09-21 12:14:56 | DEBUG    | __main__ | Номер книги - 53, данные - This One Summer, None, 19.49 GBP
2026-09-21 12:14:56 | DEBUG    | __main__ | Номер книги - 54, данные - Thirst, None, 17.27 GBP
2026-09-21 12:14:56 | DEBUG    | __main__ | Номер книги - 55, данные - The Torch Is Passed: A Harding Family Story, None, 19.09 GBP
2026-09-21 12:14:56 | DEBUG    | __main__ | Номер книги - 56, данные - The Secret of Dreadwillow Carse, None, 56.13 GBP
2026-09-21 12:14:56 | DEBUG    | __main__ | Номер книги - 57, данные - The Pioneer Woman Cooks: Dinnertime: Comfort Classics, Freezer Food, 16-Minute Meals, and Other Delicious Ways to Solve Supper!, None, 56.41 GBP
2026-09-21 12:14:56 | DEBUG    | __main__ | Номер книги - 58, данные - The Past Never Ends, None, 56.50 GBP
2026-09-21 12:14:56 | DEBUG    | __main__ | Номер книги - 59, данные - The Natural History of Us (The Fine Art of Pretending #2), None, 45.22 GBP
2026-09-21 12:14:56 | DEBUG    | __main__ | Номер книги - 60, данные - The Nameless City (The Nameless City #1), None, 38.16 GBP
2026-09-21 12:14:56 | DEBUG    | __main__ | Номер книги - 61, данные - The Murder That Never Was (Forensic Instincts #5), None, 54.11 GBP
2026-09-21 12:14:56 | DEBUG    | __main__ | Номер книги - 62, данные - The Most Perfect Thing: Inside (and Outside) a Bird's Egg, None, 42.96 GBP
2026-09-21 12:14:56 | DEBUG    | __main__ | Номер книги - 63, данные - The Mindfulness and Acceptance Workbook for Anxiety: A Guide to Breaking Free from Anxiety, Phobias, and Worry Using Acceptance and Commitment Therapy, None, 23.89 GBP
2026-09-21 12:14:56 | DEBUG    | __main__ | Номер книги - 64, данные - The Life-Changing Magic of Tidying Up: The Japanese Art of Decluttering and Organizing, None, 16.77 GBP
2026-09-21 12:14:56 | DEBUG    | __main__ | Номер книги - 65, данные - The Inefficiency Assassin: Time Management Tactics for Working Smarter, Not Longer, None, 20.59 GBP
2026-09-21 12:14:56 | DEBUG    | __main__ | Номер книги - 66, данные - The Gutsy Girl: Escapades for Your Life of Epic Adventure, None, 37.13 GBP
2026-09-21 12:14:56 | DEBUG    | __main__ | Номер книги - 67, данные - The Electric Pencil: Drawings from Inside State Hospital No. 3, None, 56.06 GBP
2026-09-21 12:14:56 | DEBUG    | __main__ | Номер книги - 68, данные - The Death of Humanity: and the Case for Life, None, 58.11 GBP
2026-09-21 12:14:56 | DEBUG    | __main__ | Номер книги - 69, данные - The Bulletproof Diet: Lose up to a Pound a Day, Reclaim Energy and Focus, Upgrade Your Life, None, 49.05 GBP
2026-09-21 12:14:56 | DEBUG    | __main__ | Номер книги - 70, данные - The Art Forger, None, 40.76 GBP
2026-09-21 12:14:56 | DEBUG    | __main__ | Номер книги - 71, данные - The Age of Genius: The Seventeenth Century and the Birth of the Modern Mind, None, 19.73 GBP
2026-09-21 12:14:56 | DEBUG    | __main__ | Номер книги - 72, данные - The Activist's Tao Te Ching: Ancient Advice for a Modern Revolution, None, 32.24 GBP
2026-09-21 12:14:56 | DEBUG    | __main__ | Номер книги - 73, данные - Spark Joy: An Illustrated Master Class on the Art of Organizing and Tidying Up, None, 41.83 GBP
2026-09-21 12:14:56 | DEBUG    | __main__ | Номер книги - 74, данные - Soul Reader, None, 39.58 GBP
2026-09-21 12:14:56 | DEBUG    | __main__ | Номер книги - 75, данные - Security, None, 39.25 GBP
2026-09-21 12:14:56 | DEBUG    | __main__ | Номер книги - 76, данные - Saga, Volume 6 (Saga (Collected Editions) #6), None, 25.02 GBP
2026-09-21 12:14:56 | DEBUG    | __main__ | Номер книги - 77, данные - Saga, Volume 5 (Saga (Collected Editions) #5), None, 51.04 GBP
2026-09-21 12:14:56 | DEBUG    | __main__ | Номер книги - 78, данные - Reskilling America: Learning to Labor in the Twenty-First Century, None, 19.83 GBP
2026-09-21 12:14:56 | DEBUG    | __main__ | Номер книги - 79, данные - Rat Queens, Vol. 3: Demons (Rat Queens (Collected Editions) #11-15), None, 50.40 GBP
2026-09-21 12:14:56 | INFO     | __main__ | Готово
2026-09-21 12:15:49 | INFO     | __main__ | Старт парсера. base_url=https://books.toscrape.com
2026-09-21 12:15:49 | INFO     | parser.scrapers.catalogue | Страница 1: https://books.toscrape.com/catalogue/page-1.html
2026-09-21 12:15:49 | DEBUG    | parser.utils.http_client | GET https://books.toscrape.com/catalogue/page-1.html (timeout=10.0)
2026-09-21 12:15:50 | INFO     | parser.utils.http_client | GET https://books.toscrape.com/catalogue/page-1.html -> 200: OK
2026-09-21 12:15:50 | INFO     | parser.scrapers.catalogue | Получено 50469 символов
2026-09-21 12:15:50 | INFO     | parser.parsers.book_list | Найдено 20 карточек
2026-09-21 12:15:50 | INFO     | parser.parsers.book_list | Разобрано 20 из 20 карточек
2026-09-21 12:15:50 | DEBUG    | parser.parsers.pagination | Следующая страница: https://books.toscrape.com/catalogue/page-2.html
2026-09-21 12:15:50 | INFO     | parser.scrapers.catalogue | Собрано 20 книг с 1 страниц
2026-09-21 12:15:50 | INFO     | parser.scrapers.catalogue | Страница 2: https://books.toscrape.com/catalogue/page-2.html
2026-09-21 12:15:50 | DEBUG    | parser.utils.http_client | GET https://books.toscrape.com/catalogue/page-2.html (timeout=10.0)
2026-09-21 12:15:51 | INFO     | parser.utils.http_client | GET https://books.toscrape.com/catalogue/page-2.html -> 200: OK
2026-09-21 12:15:51 | INFO     | parser.scrapers.catalogue | Получено 50877 символов
2026-09-21 12:15:51 | INFO     | parser.parsers.book_list | Найдено 20 карточек
2026-09-21 12:15:51 | INFO     | parser.parsers.book_list | Разобрано 20 из 20 карточек
2026-09-21 12:15:51 | DEBUG    | parser.parsers.pagination | Следующая страница: https://books.toscrape.com/catalogue/page-3.html
2026-09-21 12:15:51 | INFO     | parser.scrapers.catalogue | Собрано 40 книг с 2 страниц
2026-09-21 12:15:51 | INFO     | parser.scrapers.catalogue | Страница 3: https://books.toscrape.com/catalogue/page-3.html
2026-09-21 12:15:51 | DEBUG    | parser.utils.http_client | GET https://books.toscrape.com/catalogue/page-3.html (timeout=10.0)
2026-09-21 12:15:52 | INFO     | parser.utils.http_client | GET https://books.toscrape.com/catalogue/page-3.html -> 200: OK
2026-09-21 12:15:52 | INFO     | parser.scrapers.catalogue | Получено 51374 символов
2026-09-21 12:15:52 | INFO     | parser.parsers.book_list | Найдено 20 карточек
2026-09-21 12:15:52 | INFO     | parser.parsers.book_list | Разобрано 20 из 20 карточек
2026-09-21 12:15:52 | DEBUG    | parser.parsers.pagination | Следующая страница: https://books.toscrape.com/catalogue/page-4.html
2026-09-21 12:15:52 | INFO     | parser.scrapers.catalogue | Собрано 60 книг с 3 страниц
2026-09-21 12:15:52 | INFO     | parser.scrapers.catalogue | Страница 4: https://books.toscrape.com/catalogue/page-4.html
2026-09-21 12:15:52 | DEBUG    | parser.utils.http_client | GET https://books.toscrape.com/catalogue/page-4.html (timeout=10.0)
2026-09-21 12:15:53 | INFO     | parser.utils.http_client | GET https://books.toscrape.com/catalogue/page-4.html -> 200: OK
2026-09-21 12:15:53 | INFO     | parser.scrapers.catalogue | Получено 52524 символов
2026-09-21 12:15:53 | INFO     | parser.parsers.book_list | Найдено 20 карточек
2026-09-21 12:15:53 | INFO     | parser.parsers.book_list | Разобрано 20 из 20 карточек
2026-09-21 12:15:53 | DEBUG    | __main__ | Номер книги - 0, данные - A Light in the Attic, 3, 51.77 GBP
2026-09-21 12:15:53 | DEBUG    | __main__ | Номер книги - 1, данные - Tipping the Velvet, 1, 53.74 GBP
2026-09-21 12:15:53 | DEBUG    | __main__ | Номер книги - 2, данные - Soumission, 1, 50.10 GBP
2026-09-21 12:15:53 | DEBUG    | __main__ | Номер книги - 3, данные - Sharp Objects, 4, 47.82 GBP
2026-09-21 12:15:53 | DEBUG    | __main__ | Номер книги - 4, данные - Sapiens: A Brief History of Humankind, 5, 54.23 GBP
2026-09-21 12:15:53 | DEBUG    | __main__ | Номер книги - 5, данные - The Requiem Red, 1, 22.65 GBP
2026-09-21 12:15:53 | DEBUG    | __main__ | Номер книги - 6, данные - The Dirty Little Secrets of Getting Your Dream Job, 4, 33.34 GBP
2026-09-21 12:15:53 | DEBUG    | __main__ | Номер книги - 7, данные - The Coming Woman: A Novel Based on the Life of the Infamous Feminist, Victoria Woodhull, 3, 17.93 GBP
2026-09-21 12:15:53 | DEBUG    | __main__ | Номер книги - 8, данные - The Boys in the Boat: Nine Americans and Their Epic Quest for Gold at the 1936 Berlin Olympics, 4, 22.60 GBP
2026-09-21 12:15:53 | DEBUG    | __main__ | Номер книги - 9, данные - The Black Maria, 1, 52.15 GBP
2026-09-21 12:15:53 | DEBUG    | __main__ | Номер книги - 10, данные - Starving Hearts (Triangular Trade Trilogy, #1), 2, 13.99 GBP
2026-09-21 12:15:53 | DEBUG    | __main__ | Номер книги - 11, данные - Shakespeare's Sonnets, 4, 20.66 GBP
2026-09-21 12:15:53 | DEBUG    | __main__ | Номер книги - 12, данные - Set Me Free, 5, 17.46 GBP
2026-09-21 12:15:53 | DEBUG    | __main__ | Номер книги - 13, данные - Scott Pilgrim's Precious Little Life (Scott Pilgrim #1), 5, 52.29 GBP
2026-09-21 12:15:53 | DEBUG    | __main__ | Номер книги - 14, данные - Rip it Up and Start Again, 5, 35.02 GBP
2026-09-21 12:15:53 | DEBUG    | __main__ | Номер книги - 15, данные - Our Band Could Be Your Life: Scenes from the American Indie Underground, 1981-1991, 3, 57.25 GBP
2026-09-21 12:15:53 | DEBUG    | __main__ | Номер книги - 16, данные - Olio, 1, 23.88 GBP
2026-09-21 12:15:53 | DEBUG    | __main__ | Номер книги - 17, данные - Mesaerion: The Best Science Fiction Stories 1800-1849, 1, 37.59 GBP
2026-09-21 12:15:53 | DEBUG    | __main__ | Номер книги - 18, данные - Libertarianism for Beginners, 2, 51.33 GBP
2026-09-21 12:15:53 | DEBUG    | __main__ | Номер книги - 19, данные - It's Only the Himalayas, 2, 45.17 GBP
2026-09-21 12:15:53 | DEBUG    | __main__ | Номер книги - 20, данные - In Her Wake, 1, 12.84 GBP
2026-09-21 12:15:53 | DEBUG    | __main__ | Номер книги - 21, данные - How Music Works, 2, 37.32 GBP
2026-09-21 12:15:53 | DEBUG    | __main__ | Номер книги - 22, данные - Foolproof Preserving: A Guide to Small Batch Jams, Jellies, Pickles, Condiments, and More: A Foolproof Guide to Making Small Batch Jams, Jellies, Pickles, Condiments, and More, 3, 30.52 GBP
2026-09-21 12:15:53 | DEBUG    | __main__ | Номер книги - 23, данные - Chase Me (Paris Nights #2), 5, 25.27 GBP
2026-09-21 12:15:53 | DEBUG    | __main__ | Номер книги - 24, данные - Black Dust, 5, 34.53 GBP
2026-09-21 12:15:53 | DEBUG    | __main__ | Номер книги - 25, данные - Birdsong: A Story in Pictures, 3, 54.64 GBP
2026-09-21 12:15:53 | DEBUG    | __main__ | Номер книги - 26, данные - America's Cradle of Quarterbacks: Western Pennsylvania's Football Factory from Johnny Unitas to Joe Montana, 3, 22.50 GBP
2026-09-21 12:15:53 | DEBUG    | __main__ | Номер книги - 27, данные - Aladdin and His Wonderful Lamp, 3, 53.13 GBP
2026-09-21 12:15:53 | DEBUG    | __main__ | Номер книги - 28, данные - Worlds Elsewhere: Journeys Around Shakespeare’s Globe, 5, 40.30 GBP
2026-09-21 12:15:53 | DEBUG    | __main__ | Номер книги - 29, данные - Wall and Piece, 4, 44.18 GBP
2026-09-21 12:15:53 | DEBUG    | __main__ | Номер книги - 30, данные - The Four Agreements: A Practical Guide to Personal Freedom, 5, 17.66 GBP
2026-09-21 12:15:53 | DEBUG    | __main__ | Номер книги - 31, данные - The Five Love Languages: How to Express Heartfelt Commitment to Your Mate, 3, 31.05 GBP
2026-09-21 12:15:53 | DEBUG    | __main__ | Номер книги - 32, данные - The Elephant Tree, 5, 23.82 GBP
2026-09-21 12:15:53 | DEBUG    | __main__ | Номер книги - 33, данные - The Bear and the Piano, 1, 36.89 GBP
2026-09-21 12:15:53 | DEBUG    | __main__ | Номер книги - 34, данные - Sophie's World, 5, 15.94 GBP
2026-09-21 12:15:53 | DEBUG    | __main__ | Номер книги - 35, данные - Penny Maybe, 3, 33.29 GBP
2026-09-21 12:15:53 | DEBUG    | __main__ | Номер книги - 36, данные - Maude (1883-1993):She Grew Up with the country, 2, 18.02 GBP
2026-09-21 12:15:53 | DEBUG    | __main__ | Номер книги - 37, данные - In a Dark, Dark Wood, 1, 19.63 GBP
2026-09-21 12:15:53 | DEBUG    | __main__ | Номер книги - 38, данные - Behind Closed Doors, 4, 52.22 GBP
2026-09-21 12:15:53 | DEBUG    | __main__ | Номер книги - 39, данные - You can't bury them all: Poems, 2, 33.63 GBP
2026-09-21 12:15:53 | DEBUG    | __main__ | Номер книги - 40, данные - Slow States of Collapse: Poems, 3, 57.31 GBP
2026-09-21 12:15:53 | DEBUG    | __main__ | Номер книги - 41, данные - Reasons to Stay Alive, 2, 26.41 GBP
2026-09-21 12:15:53 | DEBUG    | __main__ | Номер книги - 42, данные - Private Paris (Private #10), 5, 47.61 GBP
2026-09-21 12:15:53 | DEBUG    | __main__ | Номер книги - 43, данные - #HigherSelfie: Wake Up Your Life. Free Your Soul. Find Your Tribe., 5, 23.11 GBP
2026-09-21 12:15:53 | DEBUG    | __main__ | Номер книги - 44, данные - Without Borders (Wanderlove #1), 2, 45.07 GBP
2026-09-21 12:15:53 | DEBUG    | __main__ | Номер книги - 45, данные - When We Collided, 1, 31.77 GBP
2026-09-21 12:15:53 | DEBUG    | __main__ | Номер книги - 46, данные - We Love You, Charlie Freeman, 5, 50.27 GBP
2026-09-21 12:15:53 | DEBUG    | __main__ | Номер книги - 47, данные - Untitled Collection: Sabbath Poems 2014, 4, 14.27 GBP
2026-09-21 12:15:53 | DEBUG    | __main__ | Номер книги - 48, данные - Unseen City: The Majesty of Pigeons, the Discreet Charm of Snails & Other Wonders of the Urban Wilderness, 4, 44.18 GBP
2026-09-21 12:15:53 | DEBUG    | __main__ | Номер книги - 49, данные - Unicorn Tracks, 3, 18.78 GBP
2026-09-21 12:15:53 | DEBUG    | __main__ | Номер книги - 50, данные - Unbound: How Eight Technologies Made Us Human, Transformed Society, and Brought Our World to the Brink, 1, 25.52 GBP
2026-09-21 12:15:53 | DEBUG    | __main__ | Номер книги - 51, данные - Tsubasa: WoRLD CHRoNiCLE 2 (Tsubasa WoRLD CHRoNiCLE #2), 1, 16.28 GBP
2026-09-21 12:15:53 | DEBUG    | __main__ | Номер книги - 52, данные - Throwing Rocks at the Google Bus: How Growth Became the Enemy of Prosperity, 3, 31.12 GBP
2026-09-21 12:15:53 | DEBUG    | __main__ | Номер книги - 53, данные - This One Summer, 4, 19.49 GBP
2026-09-21 12:15:53 | DEBUG    | __main__ | Номер книги - 54, данные - Thirst, 5, 17.27 GBP
2026-09-21 12:15:53 | DEBUG    | __main__ | Номер книги - 55, данные - The Torch Is Passed: A Harding Family Story, 1, 19.09 GBP
2026-09-21 12:15:53 | DEBUG    | __main__ | Номер книги - 56, данные - The Secret of Dreadwillow Carse, 1, 56.13 GBP
2026-09-21 12:15:53 | DEBUG    | __main__ | Номер книги - 57, данные - The Pioneer Woman Cooks: Dinnertime: Comfort Classics, Freezer Food, 16-Minute Meals, and Other Delicious Ways to Solve Supper!, 1, 56.41 GBP
2026-09-21 12:15:53 | DEBUG    | __main__ | Номер книги - 58, данные - The Past Never Ends, 4, 56.50 GBP
2026-09-21 12:15:53 | DEBUG    | __main__ | Номер книги - 59, данные - The Natural History of Us (The Fine Art of Pretending #2), 3, 45.22 GBP
2026-09-21 12:15:53 | DEBUG    | __main__ | Номер книги - 60, данные - The Nameless City (The Nameless City #1), 4, 38.16 GBP
2026-09-21 12:15:53 | DEBUG    | __main__ | Номер книги - 61, данные - The Murder That Never Was (Forensic Instincts #5), 3, 54.11 GBP
2026-09-21 12:15:53 | DEBUG    | __main__ | Номер книги - 62, данные - The Most Perfect Thing: Inside (and Outside) a Bird's Egg, 4, 42.96 GBP
2026-09-21 12:15:53 | DEBUG    | __main__ | Номер книги - 63, данные - The Mindfulness and Acceptance Workbook for Anxiety: A Guide to Breaking Free from Anxiety, Phobias, and Worry Using Acceptance and Commitment Therapy, 4, 23.89 GBP
2026-09-21 12:15:53 | DEBUG    | __main__ | Номер книги - 64, данные - The Life-Changing Magic of Tidying Up: The Japanese Art of Decluttering and Organizing, 3, 16.77 GBP
2026-09-21 12:15:53 | DEBUG    | __main__ | Номер книги - 65, данные - The Inefficiency Assassin: Time Management Tactics for Working Smarter, Not Longer, 5, 20.59 GBP
2026-09-21 12:15:53 | DEBUG    | __main__ | Номер книги - 66, данные - The Gutsy Girl: Escapades for Your Life of Epic Adventure, 1, 37.13 GBP
2026-09-21 12:15:53 | DEBUG    | __main__ | Номер книги - 67, данные - The Electric Pencil: Drawings from Inside State Hospital No. 3, 1, 56.06 GBP
2026-09-21 12:15:53 | DEBUG    | __main__ | Номер книги - 68, данные - The Death of Humanity: and the Case for Life, 4, 58.11 GBP
2026-09-21 12:15:53 | DEBUG    | __main__ | Номер книги - 69, данные - The Bulletproof Diet: Lose up to a Pound a Day, Reclaim Energy and Focus, Upgrade Your Life, 3, 49.05 GBP
2026-09-21 12:15:53 | DEBUG    | __main__ | Номер книги - 70, данные - The Art Forger, 3, 40.76 GBP
2026-09-21 12:15:53 | DEBUG    | __main__ | Номер книги - 71, данные - The Age of Genius: The Seventeenth Century and the Birth of the Modern Mind, 1, 19.73 GBP
2026-09-21 12:15:53 | DEBUG    | __main__ | Номер книги - 72, данные - The Activist's Tao Te Ching: Ancient Advice for a Modern Revolution, 5, 32.24 GBP
2026-09-21 12:15:53 | DEBUG    | __main__ | Номер книги - 73, данные - Spark Joy: An Illustrated Master Class on the Art of Organizing and Tidying Up, 4, 41.83 GBP
2026-09-21 12:15:53 | DEBUG    | __main__ | Номер книги - 74, данные - Soul Reader, 2, 39.58 GBP
2026-09-21 12:15:53 | DEBUG    | __main__ | Номер книги - 75, данные - Security, 2, 39.25 GBP
2026-09-21 12:15:53 | DEBUG    | __main__ | Номер книги - 76, данные - Saga, Volume 6 (Saga (Collected Editions) #6), 3, 25.02 GBP
2026-09-21 12:15:53 | DEBUG    | __main__ | Номер книги - 77, данные - Saga, Volume 5 (Saga (Collected Editions) #5), 2, 51.04 GBP
2026-09-21 12:15:53 | DEBUG    | __main__ | Номер книги - 78, данные - Reskilling America: Learning to Labor in the Twenty-First Century, 2, 19.83 GBP
2026-09-21 12:15:53 | DEBUG    | __main__ | Номер книги - 79, данные - Rat Queens, Vol. 3: Demons (Rat Queens (Collected Editions) #11-15), 3, 50.40 GBP
2026-09-21 12:15:53 | INFO     | __main__ | Готово
2026-09-21 12:16:53 | INFO     | __main__ | Старт парсера. base_url=https://books.toscrape.com
2026-09-21 12:16:53 | INFO     | parser.scrapers.catalogue | Страница 1: https://books.toscrape.com/catalogue/page-1.html
2026-09-21 12:16:53 | DEBUG    | parser.utils.http_client | GET https://books.toscrape.com/catalogue/page-1.html (timeout=10.0)
2026-09-21 12:16:54 | INFO     | parser.utils.http_client | GET https://books.toscrape.com/catalogue/page-1.html -> 200: OK
2026-09-21 12:16:54 | INFO     | parser.scrapers.catalogue | Получено 50469 символов
2026-09-21 12:16:54 | INFO     | parser.parsers.book_list | Найдено 20 карточек
2026-09-21 12:16:54 | INFO     | parser.parsers.book_list | Разобрано 20 из 20 карточек
2026-09-21 12:16:54 | DEBUG    | parser.parsers.pagination | Следующая страница: https://books.toscrape.com/catalogue/page-2.html
2026-09-21 12:16:54 | INFO     | parser.scrapers.catalogue | Собрано 20 книг с 1 страниц
2026-09-21 12:16:54 | INFO     | parser.scrapers.catalogue | Страница 2: https://books.toscrape.com/catalogue/page-2.html
2026-09-21 12:16:54 | DEBUG    | parser.utils.http_client | GET https://books.toscrape.com/catalogue/page-2.html (timeout=10.0)
2026-09-21 12:16:55 | INFO     | parser.utils.http_client | GET https://books.toscrape.com/catalogue/page-2.html -> 200: OK
2026-09-21 12:16:55 | INFO     | parser.scrapers.catalogue | Получено 50877 символов
2026-09-21 12:16:55 | INFO     | parser.parsers.book_list | Найдено 20 карточек
2026-09-21 12:16:55 | INFO     | parser.parsers.book_list | Разобрано 20 из 20 карточек
2026-09-21 12:16:55 | DEBUG    | parser.parsers.pagination | Следующая страница: https://books.toscrape.com/catalogue/page-3.html
2026-09-21 12:16:55 | INFO     | parser.scrapers.catalogue | Собрано 40 книг с 2 страниц
2026-09-21 12:16:55 | INFO     | parser.scrapers.catalogue | Страница 3: https://books.toscrape.com/catalogue/page-3.html
2026-09-21 12:16:55 | DEBUG    | parser.utils.http_client | GET https://books.toscrape.com/catalogue/page-3.html (timeout=10.0)
2026-09-21 12:16:56 | INFO     | parser.utils.http_client | GET https://books.toscrape.com/catalogue/page-3.html -> 200: OK
2026-09-21 12:16:56 | INFO     | parser.scrapers.catalogue | Получено 51374 символов
2026-09-21 12:16:56 | INFO     | parser.parsers.book_list | Найдено 20 карточек
2026-09-21 12:16:56 | INFO     | parser.parsers.book_list | Разобрано 20 из 20 карточек
2026-09-21 12:16:56 | DEBUG    | parser.parsers.pagination | Следующая страница: https://books.toscrape.com/catalogue/page-4.html
2026-09-21 12:16:56 | INFO     | parser.scrapers.catalogue | Собрано 60 книг с 3 страниц
2026-09-21 12:16:56 | INFO     | parser.scrapers.catalogue | Страница 4: https://books.toscrape.com/catalogue/page-4.html
2026-09-21 12:16:56 | DEBUG    | parser.utils.http_client | GET https://books.toscrape.com/catalogue/page-4.html (timeout=10.0)
2026-09-21 12:16:57 | INFO     | parser.utils.http_client | GET https://books.toscrape.com/catalogue/page-4.html -> 200: OK
2026-09-21 12:16:57 | INFO     | parser.scrapers.catalogue | Получено 52524 символов
2026-09-21 12:16:57 | INFO     | parser.parsers.book_list | Найдено 20 карточек
2026-09-21 12:16:57 | INFO     | parser.parsers.book_list | Разобрано 20 из 20 карточек
2026-09-21 12:16:57 | DEBUG    | __main__ | Номер книги - 0, название - A Light in the Attic, рейтинг - 3, цена - 51.77 GBP
2026-09-21 12:16:57 | DEBUG    | __main__ | Номер книги - 1, название - Tipping the Velvet, рейтинг - 1, цена - 53.74 GBP
2026-09-21 12:16:57 | DEBUG    | __main__ | Номер книги - 2, название - Soumission, рейтинг - 1, цена - 50.10 GBP
2026-09-21 12:16:57 | DEBUG    | __main__ | Номер книги - 3, название - Sharp Objects, рейтинг - 4, цена - 47.82 GBP
2026-09-21 12:16:57 | DEBUG    | __main__ | Номер книги - 4, название - Sapiens: A Brief History of Humankind, рейтинг - 5, цена - 54.23 GBP
2026-09-21 12:16:57 | DEBUG    | __main__ | Номер книги - 5, название - The Requiem Red, рейтинг - 1, цена - 22.65 GBP
2026-09-21 12:16:57 | DEBUG    | __main__ | Номер книги - 6, название - The Dirty Little Secrets of Getting Your Dream Job, рейтинг - 4, цена - 33.34 GBP
2026-09-21 12:16:57 | DEBUG    | __main__ | Номер книги - 7, название - The Coming Woman: A Novel Based on the Life of the Infamous Feminist, Victoria Woodhull, рейтинг - 3, цена - 17.93 GBP
2026-09-21 12:16:57 | DEBUG    | __main__ | Номер книги - 8, название - The Boys in the Boat: Nine Americans and Their Epic Quest for Gold at the 1936 Berlin Olympics, рейтинг - 4, цена - 22.60 GBP
2026-09-21 12:16:57 | DEBUG    | __main__ | Номер книги - 9, название - The Black Maria, рейтинг - 1, цена - 52.15 GBP
2026-09-21 12:16:57 | DEBUG    | __main__ | Номер книги - 10, название - Starving Hearts (Triangular Trade Trilogy, #1), рейтинг - 2, цена - 13.99 GBP
2026-09-21 12:16:57 | DEBUG    | __main__ | Номер книги - 11, название - Shakespeare's Sonnets, рейтинг - 4, цена - 20.66 GBP
2026-09-21 12:16:57 | DEBUG    | __main__ | Номер книги - 12, название - Set Me Free, рейтинг - 5, цена - 17.46 GBP
2026-09-21 12:16:57 | DEBUG    | __main__ | Номер книги - 13, название - Scott Pilgrim's Precious Little Life (Scott Pilgrim #1), рейтинг - 5, цена - 52.29 GBP
2026-09-21 12:16:57 | DEBUG    | __main__ | Номер книги - 14, название - Rip it Up and Start Again, рейтинг - 5, цена - 35.02 GBP
2026-09-21 12:16:57 | DEBUG    | __main__ | Номер книги - 15, название - Our Band Could Be Your Life: Scenes from the American Indie Underground, 1981-1991, рейтинг - 3, цена - 57.25 GBP
2026-09-21 12:16:57 | DEBUG    | __main__ | Номер книги - 16, название - Olio, рейтинг - 1, цена - 23.88 GBP
2026-09-21 12:16:57 | DEBUG    | __main__ | Номер книги - 17, название - Mesaerion: The Best Science Fiction Stories 1800-1849, рейтинг - 1, цена - 37.59 GBP
2026-09-21 12:16:57 | DEBUG    | __main__ | Номер книги - 18, название - Libertarianism for Beginners, рейтинг - 2, цена - 51.33 GBP
2026-09-21 12:16:57 | DEBUG    | __main__ | Номер книги - 19, название - It's Only the Himalayas, рейтинг - 2, цена - 45.17 GBP
2026-09-21 12:16:57 | DEBUG    | __main__ | Номер книги - 20, название - In Her Wake, рейтинг - 1, цена - 12.84 GBP
2026-09-21 12:16:57 | DEBUG    | __main__ | Номер книги - 21, название - How Music Works, рейтинг - 2, цена - 37.32 GBP
2026-09-21 12:16:57 | DEBUG    | __main__ | Номер книги - 22, название - Foolproof Preserving: A Guide to Small Batch Jams, Jellies, Pickles, Condiments, and More: A Foolproof Guide to Making Small Batch Jams, Jellies, Pickles, Condiments, and More, рейтинг - 3, цена - 30.52 GBP
2026-09-21 12:16:57 | DEBUG    | __main__ | Номер книги - 23, название - Chase Me (Paris Nights #2), рейтинг - 5, цена - 25.27 GBP
2026-09-21 12:16:57 | DEBUG    | __main__ | Номер книги - 24, название - Black Dust, рейтинг - 5, цена - 34.53 GBP
2026-09-21 12:16:57 | DEBUG    | __main__ | Номер книги - 25, название - Birdsong: A Story in Pictures, рейтинг - 3, цена - 54.64 GBP
2026-09-21 12:16:57 | DEBUG    | __main__ | Номер книги - 26, название - America's Cradle of Quarterbacks: Western Pennsylvania's Football Factory from Johnny Unitas to Joe Montana, рейтинг - 3, цена - 22.50 GBP
2026-09-21 12:16:57 | DEBUG    | __main__ | Номер книги - 27, название - Aladdin and His Wonderful Lamp, рейтинг - 3, цена - 53.13 GBP
2026-09-21 12:16:57 | DEBUG    | __main__ | Номер книги - 28, название - Worlds Elsewhere: Journeys Around Shakespeare’s Globe, рейтинг - 5, цена - 40.30 GBP
2026-09-21 12:16:57 | DEBUG    | __main__ | Номер книги - 29, название - Wall and Piece, рейтинг - 4, цена - 44.18 GBP
2026-09-21 12:16:57 | DEBUG    | __main__ | Номер книги - 30, название - The Four Agreements: A Practical Guide to Personal Freedom, рейтинг - 5, цена - 17.66 GBP
2026-09-21 12:16:57 | DEBUG    | __main__ | Номер книги - 31, название - The Five Love Languages: How to Express Heartfelt Commitment to Your Mate, рейтинг - 3, цена - 31.05 GBP
2026-09-21 12:16:57 | DEBUG    | __main__ | Номер книги - 32, название - The Elephant Tree, рейтинг - 5, цена - 23.82 GBP
2026-09-21 12:16:57 | DEBUG    | __main__ | Номер книги - 33, название - The Bear and the Piano, рейтинг - 1, цена - 36.89 GBP
2026-09-21 12:16:57 | DEBUG    | __main__ | Номер книги - 34, название - Sophie's World, рейтинг - 5, цена - 15.94 GBP
2026-09-21 12:16:57 | DEBUG    | __main__ | Номер книги - 35, название - Penny Maybe, рейтинг - 3, цена - 33.29 GBP
2026-09-21 12:16:57 | DEBUG    | __main__ | Номер книги - 36, название - Maude (1883-1993):She Grew Up with the country, рейтинг - 2, цена - 18.02 GBP
2026-09-21 12:16:57 | DEBUG    | __main__ | Номер книги - 37, название - In a Dark, Dark Wood, рейтинг - 1, цена - 19.63 GBP
2026-09-21 12:16:57 | DEBUG    | __main__ | Номер книги - 38, название - Behind Closed Doors, рейтинг - 4, цена - 52.22 GBP
2026-09-21 12:16:57 | DEBUG    | __main__ | Номер книги - 39, название - You can't bury them all: Poems, рейтинг - 2, цена - 33.63 GBP
2026-09-21 12:16:57 | DEBUG    | __main__ | Номер книги - 40, название - Slow States of Collapse: Poems, рейтинг - 3, цена - 57.31 GBP
2026-09-21 12:16:57 | DEBUG    | __main__ | Номер книги - 41, название - Reasons to Stay Alive, рейтинг - 2, цена - 26.41 GBP
2026-09-21 12:16:57 | DEBUG    | __main__ | Номер книги - 42, название - Private Paris (Private #10), рейтинг - 5, цена - 47.61 GBP
2026-09-21 12:16:57 | DEBUG    | __main__ | Номер книги - 43, название - #HigherSelfie: Wake Up Your Life. Free Your Soul. Find Your Tribe., рейтинг - 5, цена - 23.11 GBP
2026-09-21 12:16:57 | DEBUG    | __main__ | Номер книги - 44, название - Without Borders (Wanderlove #1), рейтинг - 2, цена - 45.07 GBP
2026-09-21 12:16:57 | DEBUG    | __main__ | Номер книги - 45, название - When We Collided, рейтинг - 1, цена - 31.77 GBP
2026-09-21 12:16:57 | DEBUG    | __main__ | Номер книги - 46, название - We Love You, Charlie Freeman, рейтинг - 5, цена - 50.27 GBP
2026-09-21 12:16:57 | DEBUG    | __main__ | Номер книги - 47, название - Untitled Collection: Sabbath Poems 2014, рейтинг - 4, цена - 14.27 GBP
2026-09-21 12:16:57 | DEBUG    | __main__ | Номер книги - 48, название - Unseen City: The Majesty of Pigeons, the Discreet Charm of Snails & Other Wonders of the Urban Wilderness, рейтинг - 4, цена - 44.18 GBP
2026-09-21 12:16:57 | DEBUG    | __main__ | Номер книги - 49, название - Unicorn Tracks, рейтинг - 3, цена - 18.78 GBP
2026-09-21 12:16:57 | DEBUG    | __main__ | Номер книги - 50, название - Unbound: How Eight Technologies Made Us Human, Transformed Society, and Brought Our World to the Brink, рейтинг - 1, цена - 25.52 GBP
2026-09-21 12:16:57 | DEBUG    | __main__ | Номер книги - 51, название - Tsubasa: WoRLD CHRoNiCLE 2 (Tsubasa WoRLD CHRoNiCLE #2), рейтинг - 1, цена - 16.28 GBP
2026-09-21 12:16:57 | DEBUG    | __main__ | Номер книги - 52, название - Throwing Rocks at the Google Bus: How Growth Became the Enemy of Prosperity, рейтинг - 3, цена - 31.12 GBP
2026-09-21 12:16:57 | DEBUG    | __main__ | Номер книги - 53, название - This One Summer, рейтинг - 4, цена - 19.49 GBP
2026-09-21 12:16:57 | DEBUG    | __main__ | Номер книги - 54, название - Thirst, рейтинг - 5, цена - 17.27 GBP
2026-09-21 12:16:57 | DEBUG    | __main__ | Номер книги - 55, название - The Torch Is Passed: A Harding Family Story, рейтинг - 1, цена - 19.09 GBP
2026-09-21 12:16:57 | DEBUG    | __main__ | Номер книги - 56, название - The Secret of Dreadwillow Carse, рейтинг - 1, цена - 56.13 GBP
2026-09-21 12:16:57 | DEBUG    | __main__ | Номер книги - 57, название - The Pioneer Woman Cooks: Dinnertime: Comfort Classics, Freezer Food, 16-Minute Meals, and Other Delicious Ways to Solve Supper!, рейтинг - 1, цена - 56.41 GBP
2026-09-21 12:16:57 | DEBUG    | __main__ | Номер книги - 58, название - The Past Never Ends, рейтинг - 4, цена - 56.50 GBP
2026-09-21 12:16:57 | DEBUG    | __main__ | Номер книги - 59, название - The Natural History of Us (The Fine Art of Pretending #2), рейтинг - 3, цена - 45.22 GBP
2026-09-21 12:16:57 | DEBUG    | __main__ | Номер книги - 60, название - The Nameless City (The Nameless City #1), рейтинг - 4, цена - 38.16 GBP
2026-09-21 12:16:57 | DEBUG    | __main__ | Номер книги - 61, название - The Murder That Never Was (Forensic Instincts #5), рейтинг - 3, цена - 54.11 GBP
2026-09-21 12:16:57 | DEBUG    | __main__ | Номер книги - 62, название - The Most Perfect Thing: Inside (and Outside) a Bird's Egg, рейтинг - 4, цена - 42.96 GBP
2026-09-21 12:16:57 | DEBUG    | __main__ | Номер книги - 63, название - The Mindfulness and Acceptance Workbook for Anxiety: A Guide to Breaking Free from Anxiety, Phobias, and Worry Using Acceptance and Commitment Therapy, рейтинг - 4, цена - 23.89 GBP
2026-09-21 12:16:57 | DEBUG    | __main__ | Номер книги - 64, название - The Life-Changing Magic of Tidying Up: The Japanese Art of Decluttering and Organizing, рейтинг - 3, цена - 16.77 GBP
2026-09-21 12:16:57 | DEBUG    | __main__ | Номер книги - 65, название - The Inefficiency Assassin: Time Management Tactics for Working Smarter, Not Longer, рейтинг - 5, цена - 20.59 GBP
2026-09-21 12:16:57 | DEBUG    | __main__ | Номер книги - 66, название - The Gutsy Girl: Escapades for Your Life of Epic Adventure, рейтинг - 1, цена - 37.13 GBP
2026-09-21 12:16:57 | DEBUG    | __main__ | Номер книги - 67, название - The Electric Pencil: Drawings from Inside State Hospital No. 3, рейтинг - 1, цена - 56.06 GBP
2026-09-21 12:16:57 | DEBUG    | __main__ | Номер книги - 68, название - The Death of Humanity: and the Case for Life, рейтинг - 4, цена - 58.11 GBP
2026-09-21 12:16:57 | DEBUG    | __main__ | Номер книги - 69, название - The Bulletproof Diet: Lose up to a Pound a Day, Reclaim Energy and Focus, Upgrade Your Life, рейтинг - 3, цена - 49.05 GBP
2026-09-21 12:16:57 | DEBUG    | __main__ | Номер книги - 70, название - The Art Forger, рейтинг - 3, цена - 40.76 GBP
2026-09-21 12:16:57 | DEBUG    | __main__ | Номер книги - 71, название - The Age of Genius: The Seventeenth Century and the Birth of the Modern Mind, рейтинг - 1, цена - 19.73 GBP
2026-09-21 12:16:57 | DEBUG    | __main__ | Номер книги - 72, название - The Activist's Tao Te Ching: Ancient Advice for a Modern Revolution, рейтинг - 5, цена - 32.24 GBP
2026-09-21 12:16:57 | DEBUG    | __main__ | Номер книги - 73, название - Spark Joy: An Illustrated Master Class on the Art of Organizing and Tidying Up, рейтинг - 4, цена - 41.83 GBP
2026-09-21 12:16:57 | DEBUG    | __main__ | Номер книги - 74, название - Soul Reader, рейтинг - 2, цена - 39.58 GBP
2026-09-21 12:16:57 | DEBUG    | __main__ | Номер книги - 75, название - Security, рейтинг - 2, цена - 39.25 GBP
2026-09-21 12:16:57 | DEBUG    | __main__ | Номер книги - 76, название - Saga, Volume 6 (Saga (Collected Editions) #6), рейтинг - 3, цена - 25.02 GBP
2026-09-21 12:16:57 | DEBUG    | __main__ | Номер книги - 77, название - Saga, Volume 5 (Saga (Collected Editions) #5), рейтинг - 2, цена - 51.04 GBP
2026-09-21 12:16:57 | DEBUG    | __main__ | Номер книги - 78, название - Reskilling America: Learning to Labor in the Twenty-First Century, рейтинг - 2, цена - 19.83 GBP
2026-09-21 12:16:57 | DEBUG    | __main__ | Номер книги - 79, название - Rat Queens, Vol. 3: Demons (Rat Queens (Collected Editions) #11-15), рейтинг - 3, цена - 50.40 GBP
2026-09-21 12:16:57 | INFO     | __main__ | Готово
2026-09-21 15:35:33 | INFO     | __main__ | Старт парсера. base_url=https://books.toscrape.com
2026-09-21 15:35:33 | INFO     | parser.scrapers.catalogue | Страница 1: https://books.toscrape.com/catalogue/page-1.html
2026-09-21 15:35:33 | DEBUG    | parser.utils.http_client | GET https://books.toscrape.com/catalogue/page-1.html (timeout=10.0)
2026-09-21 15:35:34 | INFO     | parser.utils.http_client | GET https://books.toscrape.com/catalogue/page-1.html -> 200: OK
2026-09-21 15:35:34 | INFO     | parser.scrapers.catalogue | Получено 50469 символов
2026-09-21 15:35:34 | INFO     | parser.parsers.book_list | Найдено 20 карточек
2026-09-21 15:35:34 | INFO     | parser.parsers.book_list | Разобрано 20 из 20 карточек
2026-09-21 15:35:34 | DEBUG    | parser.parsers.pagination | Следующая страница: https://books.toscrape.com/catalogue/page-2.html
2026-09-21 15:35:34 | INFO     | parser.scrapers.catalogue | Собрано 20 книг с 1 страниц
2026-09-21 15:35:34 | INFO     | parser.scrapers.catalogue | Страница 2: https://books.toscrape.com/catalogue/page-2.html
2026-09-21 15:35:34 | DEBUG    | parser.utils.http_client | GET https://books.toscrape.com/catalogue/page-2.html (timeout=10.0)
2026-09-21 15:35:35 | INFO     | parser.utils.http_client | GET https://books.toscrape.com/catalogue/page-2.html -> 200: OK
2026-09-21 15:35:35 | INFO     | parser.scrapers.catalogue | Получено 50877 символов
2026-09-21 15:35:35 | INFO     | parser.parsers.book_list | Найдено 20 карточек
2026-09-21 15:35:35 | INFO     | parser.parsers.book_list | Разобрано 20 из 20 карточек
2026-09-21 15:35:35 | DEBUG    | parser.parsers.pagination | Следующая страница: https://books.toscrape.com/catalogue/page-3.html
2026-09-21 15:35:35 | INFO     | parser.scrapers.catalogue | Собрано 40 книг с 2 страниц
2026-09-21 15:35:35 | INFO     | parser.scrapers.catalogue | Страница 3: https://books.toscrape.com/catalogue/page-3.html
2026-09-21 15:35:35 | DEBUG    | parser.utils.http_client | GET https://books.toscrape.com/catalogue/page-3.html (timeout=10.0)
2026-09-21 15:35:35 | INFO     | parser.utils.http_client | GET https://books.toscrape.com/catalogue/page-3.html -> 200: OK
2026-09-21 15:35:35 | INFO     | parser.scrapers.catalogue | Получено 51374 символов
2026-09-21 15:35:35 | INFO     | parser.parsers.book_list | Найдено 20 карточек
2026-09-21 15:35:35 | INFO     | parser.parsers.book_list | Разобрано 20 из 20 карточек
2026-09-21 15:35:35 | DEBUG    | parser.parsers.pagination | Следующая страница: https://books.toscrape.com/catalogue/page-4.html
2026-09-21 15:35:35 | INFO     | parser.scrapers.catalogue | Собрано 60 книг с 3 страниц
2026-09-21 15:35:35 | INFO     | parser.scrapers.catalogue | Страница 4: https://books.toscrape.com/catalogue/page-4.html
2026-09-21 15:35:35 | DEBUG    | parser.utils.http_client | GET https://books.toscrape.com/catalogue/page-4.html (timeout=10.0)
2026-09-21 15:35:36 | INFO     | parser.utils.http_client | GET https://books.toscrape.com/catalogue/page-4.html -> 200: OK
2026-09-21 15:35:36 | INFO     | parser.scrapers.catalogue | Получено 52524 символов
2026-09-21 15:35:36 | INFO     | parser.parsers.book_list | Найдено 20 карточек
2026-09-21 15:35:36 | INFO     | parser.parsers.book_list | Разобрано 20 из 20 карточек
2026-09-21 15:35:36 | DEBUG    | __main__ | Номер книги - 0, название - A Light in the Attic, рейтинг - 3, цена - 51.77 GBP
2026-09-21 15:35:36 | DEBUG    | __main__ | Номер книги - 1, название - Tipping the Velvet, рейтинг - 1, цена - 53.74 GBP
2026-09-21 15:35:36 | DEBUG    | __main__ | Номер книги - 2, название - Soumission, рейтинг - 1, цена - 50.10 GBP
2026-09-21 15:35:36 | DEBUG    | __main__ | Номер книги - 3, название - Sharp Objects, рейтинг - 4, цена - 47.82 GBP
2026-09-21 15:35:36 | DEBUG    | __main__ | Номер книги - 4, название - Sapiens: A Brief History of Humankind, рейтинг - 5, цена - 54.23 GBP
2026-09-21 15:35:36 | DEBUG    | __main__ | Номер книги - 5, название - The Requiem Red, рейтинг - 1, цена - 22.65 GBP
2026-09-21 15:35:36 | DEBUG    | __main__ | Номер книги - 6, название - The Dirty Little Secrets of Getting Your Dream Job, рейтинг - 4, цена - 33.34 GBP
2026-09-21 15:35:36 | DEBUG    | __main__ | Номер книги - 7, название - The Coming Woman: A Novel Based on the Life of the Infamous Feminist, Victoria Woodhull, рейтинг - 3, цена - 17.93 GBP
2026-09-21 15:35:36 | DEBUG    | __main__ | Номер книги - 8, название - The Boys in the Boat: Nine Americans and Their Epic Quest for Gold at the 1936 Berlin Olympics, рейтинг - 4, цена - 22.60 GBP
2026-09-21 15:35:36 | DEBUG    | __main__ | Номер книги - 9, название - The Black Maria, рейтинг - 1, цена - 52.15 GBP
2026-09-21 15:35:36 | DEBUG    | __main__ | Номер книги - 10, название - Starving Hearts (Triangular Trade Trilogy, #1), рейтинг - 2, цена - 13.99 GBP
2026-09-21 15:35:36 | DEBUG    | __main__ | Номер книги - 11, название - Shakespeare's Sonnets, рейтинг - 4, цена - 20.66 GBP
2026-09-21 15:35:36 | DEBUG    | __main__ | Номер книги - 12, название - Set Me Free, рейтинг - 5, цена - 17.46 GBP
2026-09-21 15:35:36 | DEBUG    | __main__ | Номер книги - 13, название - Scott Pilgrim's Precious Little Life (Scott Pilgrim #1), рейтинг - 5, цена - 52.29 GBP
2026-09-21 15:35:36 | DEBUG    | __main__ | Номер книги - 14, название - Rip it Up and Start Again, рейтинг - 5, цена - 35.02 GBP
2026-09-21 15:35:36 | DEBUG    | __main__ | Номер книги - 15, название - Our Band Could Be Your Life: Scenes from the American Indie Underground, 1981-1991, рейтинг - 3, цена - 57.25 GBP
2026-09-21 15:35:36 | DEBUG    | __main__ | Номер книги - 16, название - Olio, рейтинг - 1, цена - 23.88 GBP
2026-09-21 15:35:36 | DEBUG    | __main__ | Номер книги - 17, название - Mesaerion: The Best Science Fiction Stories 1800-1849, рейтинг - 1, цена - 37.59 GBP
2026-09-21 15:35:36 | DEBUG    | __main__ | Номер книги - 18, название - Libertarianism for Beginners, рейтинг - 2, цена - 51.33 GBP
2026-09-21 15:35:36 | DEBUG    | __main__ | Номер книги - 19, название - It's Only the Himalayas, рейтинг - 2, цена - 45.17 GBP
2026-09-21 15:35:36 | DEBUG    | __main__ | Номер книги - 20, название - In Her Wake, рейтинг - 1, цена - 12.84 GBP
2026-09-21 15:35:36 | DEBUG    | __main__ | Номер книги - 21, название - How Music Works, рейтинг - 2, цена - 37.32 GBP
2026-09-21 15:35:36 | DEBUG    | __main__ | Номер книги - 22, название - Foolproof Preserving: A Guide to Small Batch Jams, Jellies, Pickles, Condiments, and More: A Foolproof Guide to Making Small Batch Jams, Jellies, Pickles, Condiments, and More, рейтинг - 3, цена - 30.52 GBP
2026-09-21 15:35:36 | DEBUG    | __main__ | Номер книги - 23, название - Chase Me (Paris Nights #2), рейтинг - 5, цена - 25.27 GBP
2026-09-21 15:35:36 | DEBUG    | __main__ | Номер книги - 24, название - Black Dust, рейтинг - 5, цена - 34.53 GBP
2026-09-21 15:35:36 | DEBUG    | __main__ | Номер книги - 25, название - Birdsong: A Story in Pictures, рейтинг - 3, цена - 54.64 GBP
2026-09-21 15:35:36 | DEBUG    | __main__ | Номер книги - 26, название - America's Cradle of Quarterbacks: Western Pennsylvania's Football Factory from Johnny Unitas to Joe Montana, рейтинг - 3, цена - 22.50 GBP
2026-09-21 15:35:36 | DEBUG    | __main__ | Номер книги - 27, название - Aladdin and His Wonderful Lamp, рейтинг - 3, цена - 53.13 GBP
2026-09-21 15:35:36 | DEBUG    | __main__ | Номер книги - 28, название - Worlds Elsewhere: Journeys Around Shakespeare’s Globe, рейтинг - 5, цена - 40.30 GBP
2026-09-21 15:35:36 | DEBUG    | __main__ | Номер книги - 29, название - Wall and Piece, рейтинг - 4, цена - 44.18 GBP
2026-09-21 15:35:36 | DEBUG    | __main__ | Номер книги - 30, название - The Four Agreements: A Practical Guide to Personal Freedom, рейтинг - 5, цена - 17.66 GBP
2026-09-21 15:35:36 | DEBUG    | __main__ | Номер книги - 31, название - The Five Love Languages: How to Express Heartfelt Commitment to Your Mate, рейтинг - 3, цена - 31.05 GBP
2026-09-21 15:35:36 | DEBUG    | __main__ | Номер книги - 32, название - The Elephant Tree, рейтинг - 5, цена - 23.82 GBP
2026-09-21 15:35:36 | DEBUG    | __main__ | Номер книги - 33, название - The Bear and the Piano, рейтинг - 1, цена - 36.89 GBP
2026-09-21 15:35:36 | DEBUG    | __main__ | Номер книги - 34, название - Sophie's World, рейтинг - 5, цена - 15.94 GBP
2026-09-21 15:35:36 | DEBUG    | __main__ | Номер книги - 35, название - Penny Maybe, рейтинг - 3, цена - 33.29 GBP
2026-09-21 15:35:36 | DEBUG    | __main__ | Номер книги - 36, название - Maude (1883-1993):She Grew Up with the country, рейтинг - 2, цена - 18.02 GBP
2026-09-21 15:35:36 | DEBUG    | __main__ | Номер книги - 37, название - In a Dark, Dark Wood, рейтинг - 1, цена - 19.63 GBP
2026-09-21 15:35:36 | DEBUG    | __main__ | Номер книги - 38, название - Behind Closed Doors, рейтинг - 4, цена - 52.22 GBP
2026-09-21 15:35:36 | DEBUG    | __main__ | Номер книги - 39, название - You can't bury them all: Poems, рейтинг - 2, цена - 33.63 GBP
2026-09-21 15:35:36 | DEBUG    | __main__ | Номер книги - 40, название - Slow States of Collapse: Poems, рейтинг - 3, цена - 57.31 GBP
2026-09-21 15:35:36 | DEBUG    | __main__ | Номер книги - 41, название - Reasons to Stay Alive, рейтинг - 2, цена - 26.41 GBP
2026-09-21 15:35:36 | DEBUG    | __main__ | Номер книги - 42, название - Private Paris (Private #10), рейтинг - 5, цена - 47.61 GBP
2026-09-21 15:35:36 | DEBUG    | __main__ | Номер книги - 43, название - #HigherSelfie: Wake Up Your Life. Free Your Soul. Find Your Tribe., рейтинг - 5, цена - 23.11 GBP
2026-09-21 15:35:36 | DEBUG    | __main__ | Номер книги - 44, название - Without Borders (Wanderlove #1), рейтинг - 2, цена - 45.07 GBP
2026-09-21 15:35:36 | DEBUG    | __main__ | Номер книги - 45, название - When We Collided, рейтинг - 1, цена - 31.77 GBP
2026-09-21 15:35:36 | DEBUG    | __main__ | Номер книги - 46, название - We Love You, Charlie Freeman, рейтинг - 5, цена - 50.27 GBP
2026-09-21 15:35:36 | DEBUG    | __main__ | Номер книги - 47, название - Untitled Collection: Sabbath Poems 2014, рейтинг - 4, цена - 14.27 GBP
2026-09-21 15:35:36 | DEBUG    | __main__ | Номер книги - 48, название - Unseen City: The Majesty of Pigeons, the Discreet Charm of Snails & Other Wonders of the Urban Wilderness, рейтинг - 4, цена - 44.18 GBP
2026-09-21 15:35:36 | DEBUG    | __main__ | Номер книги - 49, название - Unicorn Tracks, рейтинг - 3, цена - 18.78 GBP
2026-09-21 15:35:36 | DEBUG    | __main__ | Номер книги - 50, название - Unbound: How Eight Technologies Made Us Human, Transformed Society, and Brought Our World to the Brink, рейтинг - 1, цена - 25.52 GBP
2026-09-21 15:35:36 | DEBUG    | __main__ | Номер книги - 51, название - Tsubasa: WoRLD CHRoNiCLE 2 (Tsubasa WoRLD CHRoNiCLE #2), рейтинг - 1, цена - 16.28 GBP
2026-09-21 15:35:36 | DEBUG    | __main__ | Номер книги - 52, название - Throwing Rocks at the Google Bus: How Growth Became the Enemy of Prosperity, рейтинг - 3, цена - 31.12 GBP
2026-09-21 15:35:36 | DEBUG    | __main__ | Номер книги - 53, название - This One Summer, рейтинг - 4, цена - 19.49 GBP
2026-09-21 15:35:36 | DEBUG    | __main__ | Номер книги - 54, название - Thirst, рейтинг - 5, цена - 17.27 GBP
2026-09-21 15:35:36 | DEBUG    | __main__ | Номер книги - 55, название - The Torch Is Passed: A Harding Family Story, рейтинг - 1, цена - 19.09 GBP
2026-09-21 15:35:36 | DEBUG    | __main__ | Номер книги - 56, название - The Secret of Dreadwillow Carse, рейтинг - 1, цена - 56.13 GBP
2026-09-21 15:35:36 | DEBUG    | __main__ | Номер книги - 57, название - The Pioneer Woman Cooks: Dinnertime: Comfort Classics, Freezer Food, 16-Minute Meals, and Other Delicious Ways to Solve Supper!, рейтинг - 1, цена - 56.41 GBP
2026-09-21 15:35:36 | DEBUG    | __main__ | Номер книги - 58, название - The Past Never Ends, рейтинг - 4, цена - 56.50 GBP
2026-09-21 15:35:36 | DEBUG    | __main__ | Номер книги - 59, название - The Natural History of Us (The Fine Art of Pretending #2), рейтинг - 3, цена - 45.22 GBP
2026-09-21 15:35:36 | DEBUG    | __main__ | Номер книги - 60, название - The Nameless City (The Nameless City #1), рейтинг - 4, цена - 38.16 GBP
2026-09-21 15:35:36 | DEBUG    | __main__ | Номер книги - 61, название - The Murder That Never Was (Forensic Instincts #5), рейтинг - 3, цена - 54.11 GBP
2026-09-21 15:35:36 | DEBUG    | __main__ | Номер книги - 62, название - The Most Perfect Thing: Inside (and Outside) a Bird's Egg, рейтинг - 4, цена - 42.96 GBP
2026-09-21 15:35:36 | DEBUG    | __main__ | Номер книги - 63, название - The Mindfulness and Acceptance Workbook for Anxiety: A Guide to Breaking Free from Anxiety, Phobias, and Worry Using Acceptance and Commitment Therapy, рейтинг - 4, цена - 23.89 GBP
2026-09-21 15:35:36 | DEBUG    | __main__ | Номер книги - 64, название - The Life-Changing Magic of Tidying Up: The Japanese Art of Decluttering and Organizing, рейтинг - 3, цена - 16.77 GBP
2026-09-21 15:35:36 | DEBUG    | __main__ | Номер книги - 65, название - The Inefficiency Assassin: Time Management Tactics for Working Smarter, Not Longer, рейтинг - 5, цена - 20.59 GBP
2026-09-21 15:35:36 | DEBUG    | __main__ | Номер книги - 66, название - The Gutsy Girl: Escapades for Your Life of Epic Adventure, рейтинг - 1, цена - 37.13 GBP
2026-09-21 15:35:36 | DEBUG    | __main__ | Номер книги - 67, название - The Electric Pencil: Drawings from Inside State Hospital No. 3, рейтинг - 1, цена - 56.06 GBP
2026-09-21 15:35:36 | DEBUG    | __main__ | Номер книги - 68, название - The Death of Humanity: and the Case for Life, рейтинг - 4, цена - 58.11 GBP
2026-09-21 15:35:36 | DEBUG    | __main__ | Номер книги - 69, название - The Bulletproof Diet: Lose up to a Pound a Day, Reclaim Energy and Focus, Upgrade Your Life, рейтинг - 3, цена - 49.05 GBP
2026-09-21 15:35:36 | DEBUG    | __main__ | Номер книги - 70, название - The Art Forger, рейтинг - 3, цена - 40.76 GBP
2026-09-21 15:35:36 | DEBUG    | __main__ | Номер книги - 71, название - The Age of Genius: The Seventeenth Century and the Birth of the Modern Mind, рейтинг - 1, цена - 19.73 GBP
2026-09-21 15:35:36 | DEBUG    | __main__ | Номер книги - 72, название - The Activist's Tao Te Ching: Ancient Advice for a Modern Revolution, рейтинг - 5, цена - 32.24 GBP
2026-09-21 15:35:36 | DEBUG    | __main__ | Номер книги - 73, название - Spark Joy: An Illustrated Master Class on the Art of Organizing and Tidying Up, рейтинг - 4, цена - 41.83 GBP
2026-09-21 15:35:36 | DEBUG    | __main__ | Номер книги - 74, название - Soul Reader, рейтинг - 2, цена - 39.58 GBP
2026-09-21 15:35:36 | DEBUG    | __main__ | Номер книги - 75, название - Security, рейтинг - 2, цена - 39.25 GBP
2026-09-21 15:35:36 | DEBUG    | __main__ | Номер книги - 76, название - Saga, Volume 6 (Saga (Collected Editions) #6), рейтинг - 3, цена - 25.02 GBP
2026-09-21 15:35:36 | DEBUG    | __main__ | Номер книги - 77, название - Saga, Volume 5 (Saga (Collected Editions) #5), рейтинг - 2, цена - 51.04 GBP
2026-09-21 15:35:36 | DEBUG    | __main__ | Номер книги - 78, название - Reskilling America: Learning to Labor in the Twenty-First Century, рейтинг - 2, цена - 19.83 GBP
2026-09-21 15:35:36 | DEBUG    | __main__ | Номер книги - 79, название - Rat Queens, Vol. 3: Demons (Rat Queens (Collected Editions) #11-15), рейтинг - 3, цена - 50.40 GBP
2026-09-21 15:41:10 | INFO     | __main__ | Старт парсера. base_url=https://books.toscrape.com
2026-09-21 15:41:10 | INFO     | parser.scrapers.catalogue | Страница 1: https://books.toscrape.com/catalogue/page-1.html
2026-09-21 15:41:10 | DEBUG    | parser.utils.http_client | GET https://books.toscrape.com/catalogue/page-1.html (timeout=10.0)
2026-09-21 15:41:11 | INFO     | parser.utils.http_client | GET https://books.toscrape.com/catalogue/page-1.html -> 200: OK
2026-09-21 15:41:11 | INFO     | parser.scrapers.catalogue | Получено 50469 символов
2026-09-21 15:41:11 | INFO     | parser.parsers.book_list | Найдено 20 карточек
2026-09-21 15:41:11 | INFO     | parser.parsers.book_list | Разобрано 20 из 20 карточек
2026-09-21 15:41:11 | DEBUG    | parser.parsers.pagination | Следующая страница: https://books.toscrape.com/catalogue/page-2.html
2026-09-21 15:41:11 | INFO     | parser.scrapers.catalogue | Собрано 20 книг с 1 страниц
2026-09-21 15:41:11 | INFO     | parser.scrapers.catalogue | Страница 2: https://books.toscrape.com/catalogue/page-2.html
2026-09-21 15:41:11 | DEBUG    | parser.utils.http_client | GET https://books.toscrape.com/catalogue/page-2.html (timeout=10.0)
2026-09-21 15:41:12 | INFO     | parser.utils.http_client | GET https://books.toscrape.com/catalogue/page-2.html -> 200: OK
2026-09-21 15:41:12 | INFO     | parser.scrapers.catalogue | Получено 50877 символов
2026-09-21 15:41:12 | INFO     | parser.parsers.book_list | Найдено 20 карточек
2026-09-21 15:41:12 | INFO     | parser.parsers.book_list | Разобрано 20 из 20 карточек
2026-09-21 15:41:12 | DEBUG    | parser.parsers.pagination | Следующая страница: https://books.toscrape.com/catalogue/page-3.html
2026-09-21 15:41:12 | INFO     | parser.scrapers.catalogue | Собрано 40 книг с 2 страниц
2026-09-21 15:41:12 | INFO     | parser.scrapers.catalogue | Страница 3: https://books.toscrape.com/catalogue/page-3.html
2026-09-21 15:41:12 | DEBUG    | parser.utils.http_client | GET https://books.toscrape.com/catalogue/page-3.html (timeout=10.0)
2026-09-21 15:41:12 | INFO     | parser.utils.http_client | GET https://books.toscrape.com/catalogue/page-3.html -> 200: OK
2026-09-21 15:41:12 | INFO     | parser.scrapers.catalogue | Получено 51374 символов
2026-09-21 15:41:12 | INFO     | parser.parsers.book_list | Найдено 20 карточек
2026-09-21 15:41:12 | INFO     | parser.parsers.book_list | Разобрано 20 из 20 карточек
2026-09-21 15:41:12 | DEBUG    | parser.parsers.pagination | Следующая страница: https://books.toscrape.com/catalogue/page-4.html
2026-09-21 15:41:12 | INFO     | parser.scrapers.catalogue | Собрано 60 книг с 3 страниц
2026-09-21 15:41:12 | INFO     | parser.scrapers.catalogue | Страница 4: https://books.toscrape.com/catalogue/page-4.html
2026-09-21 15:41:12 | DEBUG    | parser.utils.http_client | GET https://books.toscrape.com/catalogue/page-4.html (timeout=10.0)
2026-09-21 15:41:13 | INFO     | parser.utils.http_client | GET https://books.toscrape.com/catalogue/page-4.html -> 200: OK
2026-09-21 15:41:13 | INFO     | parser.scrapers.catalogue | Получено 52524 символов
2026-09-21 15:41:13 | INFO     | parser.parsers.book_list | Найдено 20 карточек
2026-09-21 15:41:13 | INFO     | parser.parsers.book_list | Разобрано 20 из 20 карточек
2026-09-21 15:41:13 | DEBUG    | __main__ | Номер книги - 0, название - A Light in the Attic, рейтинг - 3, цена - 51.77 GBP
2026-09-21 15:41:13 | DEBUG    | __main__ | Номер книги - 1, название - Tipping the Velvet, рейтинг - 1, цена - 53.74 GBP
2026-09-21 15:41:13 | DEBUG    | __main__ | Номер книги - 2, название - Soumission, рейтинг - 1, цена - 50.10 GBP
2026-09-21 15:41:13 | DEBUG    | __main__ | Номер книги - 3, название - Sharp Objects, рейтинг - 4, цена - 47.82 GBP
2026-09-21 15:41:13 | DEBUG    | __main__ | Номер книги - 4, название - Sapiens: A Brief History of Humankind, рейтинг - 5, цена - 54.23 GBP
2026-09-21 15:41:13 | DEBUG    | __main__ | Номер книги - 5, название - The Requiem Red, рейтинг - 1, цена - 22.65 GBP
2026-09-21 15:41:13 | DEBUG    | __main__ | Номер книги - 6, название - The Dirty Little Secrets of Getting Your Dream Job, рейтинг - 4, цена - 33.34 GBP
2026-09-21 15:41:13 | DEBUG    | __main__ | Номер книги - 7, название - The Coming Woman: A Novel Based on the Life of the Infamous Feminist, Victoria Woodhull, рейтинг - 3, цена - 17.93 GBP
2026-09-21 15:41:13 | DEBUG    | __main__ | Номер книги - 8, название - The Boys in the Boat: Nine Americans and Their Epic Quest for Gold at the 1936 Berlin Olympics, рейтинг - 4, цена - 22.60 GBP
2026-09-21 15:41:13 | DEBUG    | __main__ | Номер книги - 9, название - The Black Maria, рейтинг - 1, цена - 52.15 GBP
2026-09-21 15:41:13 | DEBUG    | __main__ | Номер книги - 10, название - Starving Hearts (Triangular Trade Trilogy, #1), рейтинг - 2, цена - 13.99 GBP
2026-09-21 15:41:13 | DEBUG    | __main__ | Номер книги - 11, название - Shakespeare's Sonnets, рейтинг - 4, цена - 20.66 GBP
2026-09-21 15:41:13 | DEBUG    | __main__ | Номер книги - 12, название - Set Me Free, рейтинг - 5, цена - 17.46 GBP
2026-09-21 15:41:13 | DEBUG    | __main__ | Номер книги - 13, название - Scott Pilgrim's Precious Little Life (Scott Pilgrim #1), рейтинг - 5, цена - 52.29 GBP
2026-09-21 15:41:13 | DEBUG    | __main__ | Номер книги - 14, название - Rip it Up and Start Again, рейтинг - 5, цена - 35.02 GBP
2026-09-21 15:41:13 | DEBUG    | __main__ | Номер книги - 15, название - Our Band Could Be Your Life: Scenes from the American Indie Underground, 1981-1991, рейтинг - 3, цена - 57.25 GBP
2026-09-21 15:41:13 | DEBUG    | __main__ | Номер книги - 16, название - Olio, рейтинг - 1, цена - 23.88 GBP
2026-09-21 15:41:13 | DEBUG    | __main__ | Номер книги - 17, название - Mesaerion: The Best Science Fiction Stories 1800-1849, рейтинг - 1, цена - 37.59 GBP
2026-09-21 15:41:13 | DEBUG    | __main__ | Номер книги - 18, название - Libertarianism for Beginners, рейтинг - 2, цена - 51.33 GBP
2026-09-21 15:41:13 | DEBUG    | __main__ | Номер книги - 19, название - It's Only the Himalayas, рейтинг - 2, цена - 45.17 GBP
2026-09-21 15:41:13 | DEBUG    | __main__ | Номер книги - 20, название - In Her Wake, рейтинг - 1, цена - 12.84 GBP
2026-09-21 15:41:13 | DEBUG    | __main__ | Номер книги - 21, название - How Music Works, рейтинг - 2, цена - 37.32 GBP
2026-09-21 15:41:13 | DEBUG    | __main__ | Номер книги - 22, название - Foolproof Preserving: A Guide to Small Batch Jams, Jellies, Pickles, Condiments, and More: A Foolproof Guide to Making Small Batch Jams, Jellies, Pickles, Condiments, and More, рейтинг - 3, цена - 30.52 GBP
2026-09-21 15:41:13 | DEBUG    | __main__ | Номер книги - 23, название - Chase Me (Paris Nights #2), рейтинг - 5, цена - 25.27 GBP
2026-09-21 15:41:13 | DEBUG    | __main__ | Номер книги - 24, название - Black Dust, рейтинг - 5, цена - 34.53 GBP
2026-09-21 15:41:13 | DEBUG    | __main__ | Номер книги - 25, название - Birdsong: A Story in Pictures, рейтинг - 3, цена - 54.64 GBP
2026-09-21 15:41:13 | DEBUG    | __main__ | Номер книги - 26, название - America's Cradle of Quarterbacks: Western Pennsylvania's Football Factory from Johnny Unitas to Joe Montana, рейтинг - 3, цена - 22.50 GBP
2026-09-21 15:41:13 | DEBUG    | __main__ | Номер книги - 27, название - Aladdin and His Wonderful Lamp, рейтинг - 3, цена - 53.13 GBP
2026-09-21 15:41:13 | DEBUG    | __main__ | Номер книги - 28, название - Worlds Elsewhere: Journeys Around Shakespeare’s Globe, рейтинг - 5, цена - 40.30 GBP
2026-09-21 15:41:13 | DEBUG    | __main__ | Номер книги - 29, название - Wall and Piece, рейтинг - 4, цена - 44.18 GBP
2026-09-21 15:41:13 | DEBUG    | __main__ | Номер книги - 30, название - The Four Agreements: A Practical Guide to Personal Freedom, рейтинг - 5, цена - 17.66 GBP
2026-09-21 15:41:13 | DEBUG    | __main__ | Номер книги - 31, название - The Five Love Languages: How to Express Heartfelt Commitment to Your Mate, рейтинг - 3, цена - 31.05 GBP
2026-09-21 15:41:13 | DEBUG    | __main__ | Номер книги - 32, название - The Elephant Tree, рейтинг - 5, цена - 23.82 GBP
2026-09-21 15:41:13 | DEBUG    | __main__ | Номер книги - 33, название - The Bear and the Piano, рейтинг - 1, цена - 36.89 GBP
2026-09-21 15:41:13 | DEBUG    | __main__ | Номер книги - 34, название - Sophie's World, рейтинг - 5, цена - 15.94 GBP
2026-09-21 15:41:13 | DEBUG    | __main__ | Номер книги - 35, название - Penny Maybe, рейтинг - 3, цена - 33.29 GBP
2026-09-21 15:41:13 | DEBUG    | __main__ | Номер книги - 36, название - Maude (1883-1993):She Grew Up with the country, рейтинг - 2, цена - 18.02 GBP
2026-09-21 15:41:13 | DEBUG    | __main__ | Номер книги - 37, название - In a Dark, Dark Wood, рейтинг - 1, цена - 19.63 GBP
2026-09-21 15:41:13 | DEBUG    | __main__ | Номер книги - 38, название - Behind Closed Doors, рейтинг - 4, цена - 52.22 GBP
2026-09-21 15:41:13 | DEBUG    | __main__ | Номер книги - 39, название - You can't bury them all: Poems, рейтинг - 2, цена - 33.63 GBP
2026-09-21 15:41:13 | DEBUG    | __main__ | Номер книги - 40, название - Slow States of Collapse: Poems, рейтинг - 3, цена - 57.31 GBP
2026-09-21 15:41:13 | DEBUG    | __main__ | Номер книги - 41, название - Reasons to Stay Alive, рейтинг - 2, цена - 26.41 GBP
2026-09-21 15:41:13 | DEBUG    | __main__ | Номер книги - 42, название - Private Paris (Private #10), рейтинг - 5, цена - 47.61 GBP
2026-09-21 15:41:13 | DEBUG    | __main__ | Номер книги - 43, название - #HigherSelfie: Wake Up Your Life. Free Your Soul. Find Your Tribe., рейтинг - 5, цена - 23.11 GBP
2026-09-21 15:41:13 | DEBUG    | __main__ | Номер книги - 44, название - Without Borders (Wanderlove #1), рейтинг - 2, цена - 45.07 GBP
2026-09-21 15:41:13 | DEBUG    | __main__ | Номер книги - 45, название - When We Collided, рейтинг - 1, цена - 31.77 GBP
2026-09-21 15:41:13 | DEBUG    | __main__ | Номер книги - 46, название - We Love You, Charlie Freeman, рейтинг - 5, цена - 50.27 GBP
2026-09-21 15:41:13 | DEBUG    | __main__ | Номер книги - 47, название - Untitled Collection: Sabbath Poems 2014, рейтинг - 4, цена - 14.27 GBP
2026-09-21 15:41:13 | DEBUG    | __main__ | Номер книги - 48, название - Unseen City: The Majesty of Pigeons, the Discreet Charm of Snails & Other Wonders of the Urban Wilderness, рейтинг - 4, цена - 44.18 GBP
2026-09-21 15:41:13 | DEBUG    | __main__ | Номер книги - 49, название - Unicorn Tracks, рейтинг - 3, цена - 18.78 GBP
2026-09-21 15:41:13 | DEBUG    | __main__ | Номер книги - 50, название - Unbound: How Eight Technologies Made Us Human, Transformed Society, and Brought Our World to the Brink, рейтинг - 1, цена - 25.52 GBP
2026-09-21 15:41:13 | DEBUG    | __main__ | Номер книги - 51, название - Tsubasa: WoRLD CHRoNiCLE 2 (Tsubasa WoRLD CHRoNiCLE #2), рейтинг - 1, цена - 16.28 GBP
2026-09-21 15:41:13 | DEBUG    | __main__ | Номер книги - 52, название - Throwing Rocks at the Google Bus: How Growth Became the Enemy of Prosperity, рейтинг - 3, цена - 31.12 GBP
2026-09-21 15:41:13 | DEBUG    | __main__ | Номер книги - 53, название - This One Summer, рейтинг - 4, цена - 19.49 GBP
2026-09-21 15:41:13 | DEBUG    | __main__ | Номер книги - 54, название - Thirst, рейтинг - 5, цена - 17.27 GBP
2026-09-21 15:41:13 | DEBUG    | __main__ | Номер книги - 55, название - The Torch Is Passed: A Harding Family Story, рейтинг - 1, цена - 19.09 GBP
2026-09-21 15:41:13 | DEBUG    | __main__ | Номер книги - 56, название - The Secret of Dreadwillow Carse, рейтинг - 1, цена - 56.13 GBP
2026-09-21 15:41:13 | DEBUG    | __main__ | Номер книги - 57, название - The Pioneer Woman Cooks: Dinnertime: Comfort Classics, Freezer Food, 16-Minute Meals, and Other Delicious Ways to Solve Supper!, рейтинг - 1, цена - 56.41 GBP
2026-09-21 15:41:13 | DEBUG    | __main__ | Номер книги - 58, название - The Past Never Ends, рейтинг - 4, цена - 56.50 GBP
2026-09-21 15:41:13 | DEBUG    | __main__ | Номер книги - 59, название - The Natural History of Us (The Fine Art of Pretending #2), рейтинг - 3, цена - 45.22 GBP
2026-09-21 15:41:13 | DEBUG    | __main__ | Номер книги - 60, название - The Nameless City (The Nameless City #1), рейтинг - 4, цена - 38.16 GBP
2026-09-21 15:41:13 | DEBUG    | __main__ | Номер книги - 61, название - The Murder That Never Was (Forensic Instincts #5), рейтинг - 3, цена - 54.11 GBP
2026-09-21 15:41:13 | DEBUG    | __main__ | Номер книги - 62, название - The Most Perfect Thing: Inside (and Outside) a Bird's Egg, рейтинг - 4, цена - 42.96 GBP
2026-09-21 15:41:13 | DEBUG    | __main__ | Номер книги - 63, название - The Mindfulness and Acceptance Workbook for Anxiety: A Guide to Breaking Free from Anxiety, Phobias, and Worry Using Acceptance and Commitment Therapy, рейтинг - 4, цена - 23.89 GBP
2026-09-21 15:41:13 | DEBUG    | __main__ | Номер книги - 64, название - The Life-Changing Magic of Tidying Up: The Japanese Art of Decluttering and Organizing, рейтинг - 3, цена - 16.77 GBP
2026-09-21 15:41:13 | DEBUG    | __main__ | Номер книги - 65, название - The Inefficiency Assassin: Time Management Tactics for Working Smarter, Not Longer, рейтинг - 5, цена - 20.59 GBP
2026-09-21 15:41:13 | DEBUG    | __main__ | Номер книги - 66, название - The Gutsy Girl: Escapades for Your Life of Epic Adventure, рейтинг - 1, цена - 37.13 GBP
2026-09-21 15:41:13 | DEBUG    | __main__ | Номер книги - 67, название - The Electric Pencil: Drawings from Inside State Hospital No. 3, рейтинг - 1, цена - 56.06 GBP
2026-09-21 15:41:13 | DEBUG    | __main__ | Номер книги - 68, название - The Death of Humanity: and the Case for Life, рейтинг - 4, цена - 58.11 GBP
2026-09-21 15:41:13 | DEBUG    | __main__ | Номер книги - 69, название - The Bulletproof Diet: Lose up to a Pound a Day, Reclaim Energy and Focus, Upgrade Your Life, рейтинг - 3, цена - 49.05 GBP
2026-09-21 15:41:13 | DEBUG    | __main__ | Номер книги - 70, название - The Art Forger, рейтинг - 3, цена - 40.76 GBP
2026-09-21 15:41:13 | DEBUG    | __main__ | Номер книги - 71, название - The Age of Genius: The Seventeenth Century and the Birth of the Modern Mind, рейтинг - 1, цена - 19.73 GBP
2026-09-21 15:41:13 | DEBUG    | __main__ | Номер книги - 72, название - The Activist's Tao Te Ching: Ancient Advice for a Modern Revolution, рейтинг - 5, цена - 32.24 GBP
2026-09-21 15:41:13 | DEBUG    | __main__ | Номер книги - 73, название - Spark Joy: An Illustrated Master Class on the Art of Organizing and Tidying Up, рейтинг - 4, цена - 41.83 GBP
2026-09-21 15:41:13 | DEBUG    | __main__ | Номер книги - 74, название - Soul Reader, рейтинг - 2, цена - 39.58 GBP
2026-09-21 15:41:13 | DEBUG    | __main__ | Номер книги - 75, название - Security, рейтинг - 2, цена - 39.25 GBP
2026-09-21 15:41:13 | DEBUG    | __main__ | Номер книги - 76, название - Saga, Volume 6 (Saga (Collected Editions) #6), рейтинг - 3, цена - 25.02 GBP
2026-09-21 15:41:13 | DEBUG    | __main__ | Номер книги - 77, название - Saga, Volume 5 (Saga (Collected Editions) #5), рейтинг - 2, цена - 51.04 GBP
2026-09-21 15:41:13 | DEBUG    | __main__ | Номер книги - 78, название - Reskilling America: Learning to Labor in the Twenty-First Century, рейтинг - 2, цена - 19.83 GBP
2026-09-21 15:41:13 | DEBUG    | __main__ | Номер книги - 79, название - Rat Queens, Vol. 3: Demons (Rat Queens (Collected Editions) #11-15), рейтинг - 3, цена - 50.40 GBP
2026-09-21 15:41:13 | INFO     | parser.storage.csv_storage | Сохранено: 80 записей в C:\Users\dalum\OneDrive\Рабочий стол\python_learn\parser\src\parser\storage\books.csv
2026-09-21 15:41:13 | INFO     | __main__ | Готово
2026-09-21 15:42:10 | INFO     | __main__ | Старт парсера. base_url=https://books.toscrape.com
2026-09-21 15:42:10 | INFO     | parser.scrapers.catalogue | Страница 1: https://books.toscrape.com/catalogue/page-1.html
2026-09-21 15:42:10 | DEBUG    | parser.utils.http_client | GET https://books.toscrape.com/catalogue/page-1.html (timeout=10.0)
2026-09-21 15:42:11 | INFO     | parser.utils.http_client | GET https://books.toscrape.com/catalogue/page-1.html -> 200: OK
2026-09-21 15:42:11 | INFO     | parser.scrapers.catalogue | Получено 50469 символов
2026-09-21 15:42:11 | INFO     | parser.parsers.book_list | Найдено 20 карточек
2026-09-21 15:42:11 | INFO     | parser.parsers.book_list | Разобрано 20 из 20 карточек
2026-09-21 15:42:11 | DEBUG    | parser.parsers.pagination | Следующая страница: https://books.toscrape.com/catalogue/page-2.html
2026-09-21 15:42:11 | INFO     | parser.scrapers.catalogue | Собрано 20 книг с 1 страниц
2026-09-21 15:42:11 | INFO     | parser.scrapers.catalogue | Страница 2: https://books.toscrape.com/catalogue/page-2.html
2026-09-21 15:42:11 | DEBUG    | parser.utils.http_client | GET https://books.toscrape.com/catalogue/page-2.html (timeout=10.0)
2026-09-21 15:42:12 | INFO     | parser.utils.http_client | GET https://books.toscrape.com/catalogue/page-2.html -> 200: OK
2026-09-21 15:42:12 | INFO     | parser.scrapers.catalogue | Получено 50877 символов
2026-09-21 15:42:12 | INFO     | parser.parsers.book_list | Найдено 20 карточек
2026-09-21 15:42:12 | INFO     | parser.parsers.book_list | Разобрано 20 из 20 карточек
2026-09-21 15:42:12 | DEBUG    | parser.parsers.pagination | Следующая страница: https://books.toscrape.com/catalogue/page-3.html
2026-09-21 15:42:12 | INFO     | parser.scrapers.catalogue | Собрано 40 книг с 2 страниц
2026-09-21 15:42:12 | INFO     | parser.scrapers.catalogue | Страница 3: https://books.toscrape.com/catalogue/page-3.html
2026-09-21 15:42:12 | DEBUG    | parser.utils.http_client | GET https://books.toscrape.com/catalogue/page-3.html (timeout=10.0)
2026-09-21 15:42:13 | INFO     | parser.utils.http_client | GET https://books.toscrape.com/catalogue/page-3.html -> 200: OK
2026-09-21 15:42:13 | INFO     | parser.scrapers.catalogue | Получено 51374 символов
2026-09-21 15:42:13 | INFO     | parser.parsers.book_list | Найдено 20 карточек
2026-09-21 15:42:13 | INFO     | parser.parsers.book_list | Разобрано 20 из 20 карточек
2026-09-21 15:42:13 | DEBUG    | parser.parsers.pagination | Следующая страница: https://books.toscrape.com/catalogue/page-4.html
2026-09-21 15:42:13 | INFO     | parser.scrapers.catalogue | Собрано 60 книг с 3 страниц
2026-09-21 15:42:13 | INFO     | parser.scrapers.catalogue | Страница 4: https://books.toscrape.com/catalogue/page-4.html
2026-09-21 15:42:13 | DEBUG    | parser.utils.http_client | GET https://books.toscrape.com/catalogue/page-4.html (timeout=10.0)
2026-09-21 15:42:13 | INFO     | parser.utils.http_client | GET https://books.toscrape.com/catalogue/page-4.html -> 200: OK
2026-09-21 15:42:13 | INFO     | parser.scrapers.catalogue | Получено 52524 символов
2026-09-21 15:42:14 | INFO     | parser.parsers.book_list | Найдено 20 карточек
2026-09-21 15:42:14 | INFO     | parser.parsers.book_list | Разобрано 20 из 20 карточек
2026-09-21 15:42:14 | DEBUG    | __main__ | Номер книги - 0, название - A Light in the Attic, рейтинг - 3, цена - 51.77 GBP
2026-09-21 15:42:14 | DEBUG    | __main__ | Номер книги - 1, название - Tipping the Velvet, рейтинг - 1, цена - 53.74 GBP
2026-09-21 15:42:14 | DEBUG    | __main__ | Номер книги - 2, название - Soumission, рейтинг - 1, цена - 50.10 GBP
2026-09-21 15:42:14 | DEBUG    | __main__ | Номер книги - 3, название - Sharp Objects, рейтинг - 4, цена - 47.82 GBP
2026-09-21 15:42:14 | DEBUG    | __main__ | Номер книги - 4, название - Sapiens: A Brief History of Humankind, рейтинг - 5, цена - 54.23 GBP
2026-09-21 15:42:14 | DEBUG    | __main__ | Номер книги - 5, название - The Requiem Red, рейтинг - 1, цена - 22.65 GBP
2026-09-21 15:42:14 | DEBUG    | __main__ | Номер книги - 6, название - The Dirty Little Secrets of Getting Your Dream Job, рейтинг - 4, цена - 33.34 GBP
2026-09-21 15:42:14 | DEBUG    | __main__ | Номер книги - 7, название - The Coming Woman: A Novel Based on the Life of the Infamous Feminist, Victoria Woodhull, рейтинг - 3, цена - 17.93 GBP
2026-09-21 15:42:14 | DEBUG    | __main__ | Номер книги - 8, название - The Boys in the Boat: Nine Americans and Their Epic Quest for Gold at the 1936 Berlin Olympics, рейтинг - 4, цена - 22.60 GBP
2026-09-21 15:42:14 | DEBUG    | __main__ | Номер книги - 9, название - The Black Maria, рейтинг - 1, цена - 52.15 GBP
2026-09-21 15:42:14 | DEBUG    | __main__ | Номер книги - 10, название - Starving Hearts (Triangular Trade Trilogy, #1), рейтинг - 2, цена - 13.99 GBP
2026-09-21 15:42:14 | DEBUG    | __main__ | Номер книги - 11, название - Shakespeare's Sonnets, рейтинг - 4, цена - 20.66 GBP
2026-09-21 15:42:14 | DEBUG    | __main__ | Номер книги - 12, название - Set Me Free, рейтинг - 5, цена - 17.46 GBP
2026-09-21 15:42:14 | DEBUG    | __main__ | Номер книги - 13, название - Scott Pilgrim's Precious Little Life (Scott Pilgrim #1), рейтинг - 5, цена - 52.29 GBP
2026-09-21 15:42:14 | DEBUG    | __main__ | Номер книги - 14, название - Rip it Up and Start Again, рейтинг - 5, цена - 35.02 GBP
2026-09-21 15:42:14 | DEBUG    | __main__ | Номер книги - 15, название - Our Band Could Be Your Life: Scenes from the American Indie Underground, 1981-1991, рейтинг - 3, цена - 57.25 GBP
2026-09-21 15:42:14 | DEBUG    | __main__ | Номер книги - 16, название - Olio, рейтинг - 1, цена - 23.88 GBP
2026-09-21 15:42:14 | DEBUG    | __main__ | Номер книги - 17, название - Mesaerion: The Best Science Fiction Stories 1800-1849, рейтинг - 1, цена - 37.59 GBP
2026-09-21 15:42:14 | DEBUG    | __main__ | Номер книги - 18, название - Libertarianism for Beginners, рейтинг - 2, цена - 51.33 GBP
2026-09-21 15:42:14 | DEBUG    | __main__ | Номер книги - 19, название - It's Only the Himalayas, рейтинг - 2, цена - 45.17 GBP
2026-09-21 15:42:14 | DEBUG    | __main__ | Номер книги - 20, название - In Her Wake, рейтинг - 1, цена - 12.84 GBP
2026-09-21 15:42:14 | DEBUG    | __main__ | Номер книги - 21, название - How Music Works, рейтинг - 2, цена - 37.32 GBP
2026-09-21 15:42:14 | DEBUG    | __main__ | Номер книги - 22, название - Foolproof Preserving: A Guide to Small Batch Jams, Jellies, Pickles, Condiments, and More: A Foolproof Guide to Making Small Batch Jams, Jellies, Pickles, Condiments, and More, рейтинг - 3, цена - 30.52 GBP
2026-09-21 15:42:14 | DEBUG    | __main__ | Номер книги - 23, название - Chase Me (Paris Nights #2), рейтинг - 5, цена - 25.27 GBP
2026-09-21 15:42:14 | DEBUG    | __main__ | Номер книги - 24, название - Black Dust, рейтинг - 5, цена - 34.53 GBP
2026-09-21 15:42:14 | DEBUG    | __main__ | Номер книги - 25, название - Birdsong: A Story in Pictures, рейтинг - 3, цена - 54.64 GBP
2026-09-21 15:42:14 | DEBUG    | __main__ | Номер книги - 26, название - America's Cradle of Quarterbacks: Western Pennsylvania's Football Factory from Johnny Unitas to Joe Montana, рейтинг - 3, цена - 22.50 GBP
2026-09-21 15:42:14 | DEBUG    | __main__ | Номер книги - 27, название - Aladdin and His Wonderful Lamp, рейтинг - 3, цена - 53.13 GBP
2026-09-21 15:42:14 | DEBUG    | __main__ | Номер книги - 28, название - Worlds Elsewhere: Journeys Around Shakespeare’s Globe, рейтинг - 5, цена - 40.30 GBP
2026-09-21 15:42:14 | DEBUG    | __main__ | Номер книги - 29, название - Wall and Piece, рейтинг - 4, цена - 44.18 GBP
2026-09-21 15:42:14 | DEBUG    | __main__ | Номер книги - 30, название - The Four Agreements: A Practical Guide to Personal Freedom, рейтинг - 5, цена - 17.66 GBP
2026-09-21 15:42:14 | DEBUG    | __main__ | Номер книги - 31, название - The Five Love Languages: How to Express Heartfelt Commitment to Your Mate, рейтинг - 3, цена - 31.05 GBP
2026-09-21 15:42:14 | DEBUG    | __main__ | Номер книги - 32, название - The Elephant Tree, рейтинг - 5, цена - 23.82 GBP
2026-09-21 15:42:14 | DEBUG    | __main__ | Номер книги - 33, название - The Bear and the Piano, рейтинг - 1, цена - 36.89 GBP
2026-09-21 15:42:14 | DEBUG    | __main__ | Номер книги - 34, название - Sophie's World, рейтинг - 5, цена - 15.94 GBP
2026-09-21 15:42:14 | DEBUG    | __main__ | Номер книги - 35, название - Penny Maybe, рейтинг - 3, цена - 33.29 GBP
2026-09-21 15:42:14 | DEBUG    | __main__ | Номер книги - 36, название - Maude (1883-1993):She Grew Up with the country, рейтинг - 2, цена - 18.02 GBP
2026-09-21 15:42:14 | DEBUG    | __main__ | Номер книги - 37, название - In a Dark, Dark Wood, рейтинг - 1, цена - 19.63 GBP
2026-09-21 15:42:14 | DEBUG    | __main__ | Номер книги - 38, название - Behind Closed Doors, рейтинг - 4, цена - 52.22 GBP
2026-09-21 15:42:14 | DEBUG    | __main__ | Номер книги - 39, название - You can't bury them all: Poems, рейтинг - 2, цена - 33.63 GBP
2026-09-21 15:42:14 | DEBUG    | __main__ | Номер книги - 40, название - Slow States of Collapse: Poems, рейтинг - 3, цена - 57.31 GBP
2026-09-21 15:42:14 | DEBUG    | __main__ | Номер книги - 41, название - Reasons to Stay Alive, рейтинг - 2, цена - 26.41 GBP
2026-09-21 15:42:14 | DEBUG    | __main__ | Номер книги - 42, название - Private Paris (Private #10), рейтинг - 5, цена - 47.61 GBP
2026-09-21 15:42:14 | DEBUG    | __main__ | Номер книги - 43, название - #HigherSelfie: Wake Up Your Life. Free Your Soul. Find Your Tribe., рейтинг - 5, цена - 23.11 GBP
2026-09-21 15:42:14 | DEBUG    | __main__ | Номер книги - 44, название - Without Borders (Wanderlove #1), рейтинг - 2, цена - 45.07 GBP
2026-09-21 15:42:14 | DEBUG    | __main__ | Номер книги - 45, название - When We Collided, рейтинг - 1, цена - 31.77 GBP
2026-09-21 15:42:14 | DEBUG    | __main__ | Номер книги - 46, название - We Love You, Charlie Freeman, рейтинг - 5, цена - 50.27 GBP
2026-09-21 15:42:14 | DEBUG    | __main__ | Номер книги - 47, название - Untitled Collection: Sabbath Poems 2014, рейтинг - 4, цена - 14.27 GBP
2026-09-21 15:42:14 | DEBUG    | __main__ | Номер книги - 48, название - Unseen City: The Majesty of Pigeons, the Discreet Charm of Snails & Other Wonders of the Urban Wilderness, рейтинг - 4, цена - 44.18 GBP
2026-09-21 15:42:14 | DEBUG    | __main__ | Номер книги - 49, название - Unicorn Tracks, рейтинг - 3, цена - 18.78 GBP
2026-09-21 15:42:14 | DEBUG    | __main__ | Номер книги - 50, название - Unbound: How Eight Technologies Made Us Human, Transformed Society, and Brought Our World to the Brink, рейтинг - 1, цена - 25.52 GBP
2026-09-21 15:42:14 | DEBUG    | __main__ | Номер книги - 51, название - Tsubasa: WoRLD CHRoNiCLE 2 (Tsubasa WoRLD CHRoNiCLE #2), рейтинг - 1, цена - 16.28 GBP
2026-09-21 15:42:14 | DEBUG    | __main__ | Номер книги - 52, название - Throwing Rocks at the Google Bus: How Growth Became the Enemy of Prosperity, рейтинг - 3, цена - 31.12 GBP
2026-09-21 15:42:14 | DEBUG    | __main__ | Номер книги - 53, название - This One Summer, рейтинг - 4, цена - 19.49 GBP
2026-09-21 15:42:14 | DEBUG    | __main__ | Номер книги - 54, название - Thirst, рейтинг - 5, цена - 17.27 GBP
2026-09-21 15:42:14 | DEBUG    | __main__ | Номер книги - 55, название - The Torch Is Passed: A Harding Family Story, рейтинг - 1, цена - 19.09 GBP
2026-09-21 15:42:14 | DEBUG    | __main__ | Номер книги - 56, название - The Secret of Dreadwillow Carse, рейтинг - 1, цена - 56.13 GBP
2026-09-21 15:42:14 | DEBUG    | __main__ | Номер книги - 57, название - The Pioneer Woman Cooks: Dinnertime: Comfort Classics, Freezer Food, 16-Minute Meals, and Other Delicious Ways to Solve Supper!, рейтинг - 1, цена - 56.41 GBP
2026-09-21 15:42:14 | DEBUG    | __main__ | Номер книги - 58, название - The Past Never Ends, рейтинг - 4, цена - 56.50 GBP
2026-09-21 15:42:14 | DEBUG    | __main__ | Номер книги - 59, название - The Natural History of Us (The Fine Art of Pretending #2), рейтинг - 3, цена - 45.22 GBP
2026-09-21 15:42:14 | DEBUG    | __main__ | Номер книги - 60, название - The Nameless City (The Nameless City #1), рейтинг - 4, цена - 38.16 GBP
2026-09-21 15:42:14 | DEBUG    | __main__ | Номер книги - 61, название - The Murder That Never Was (Forensic Instincts #5), рейтинг - 3, цена - 54.11 GBP
2026-09-21 15:42:14 | DEBUG    | __main__ | Номер книги - 62, название - The Most Perfect Thing: Inside (and Outside) a Bird's Egg, рейтинг - 4, цена - 42.96 GBP
2026-09-21 15:42:14 | DEBUG    | __main__ | Номер книги - 63, название - The Mindfulness and Acceptance Workbook for Anxiety: A Guide to Breaking Free from Anxiety, Phobias, and Worry Using Acceptance and Commitment Therapy, рейтинг - 4, цена - 23.89 GBP
2026-09-21 15:42:14 | DEBUG    | __main__ | Номер книги - 64, название - The Life-Changing Magic of Tidying Up: The Japanese Art of Decluttering and Organizing, рейтинг - 3, цена - 16.77 GBP
2026-09-21 15:42:14 | DEBUG    | __main__ | Номер книги - 65, название - The Inefficiency Assassin: Time Management Tactics for Working Smarter, Not Longer, рейтинг - 5, цена - 20.59 GBP
2026-09-21 15:42:14 | DEBUG    | __main__ | Номер книги - 66, название - The Gutsy Girl: Escapades for Your Life of Epic Adventure, рейтинг - 1, цена - 37.13 GBP
2026-09-21 15:42:14 | DEBUG    | __main__ | Номер книги - 67, название - The Electric Pencil: Drawings from Inside State Hospital No. 3, рейтинг - 1, цена - 56.06 GBP
2026-09-21 15:42:14 | DEBUG    | __main__ | Номер книги - 68, название - The Death of Humanity: and the Case for Life, рейтинг - 4, цена - 58.11 GBP
2026-09-21 15:42:14 | DEBUG    | __main__ | Номер книги - 69, название - The Bulletproof Diet: Lose up to a Pound a Day, Reclaim Energy and Focus, Upgrade Your Life, рейтинг - 3, цена - 49.05 GBP
2026-09-21 15:42:14 | DEBUG    | __main__ | Номер книги - 70, название - The Art Forger, рейтинг - 3, цена - 40.76 GBP
2026-09-21 15:42:14 | DEBUG    | __main__ | Номер книги - 71, название - The Age of Genius: The Seventeenth Century and the Birth of the Modern Mind, рейтинг - 1, цена - 19.73 GBP
2026-09-21 15:42:14 | DEBUG    | __main__ | Номер книги - 72, название - The Activist's Tao Te Ching: Ancient Advice for a Modern Revolution, рейтинг - 5, цена - 32.24 GBP
2026-09-21 15:42:14 | DEBUG    | __main__ | Номер книги - 73, название - Spark Joy: An Illustrated Master Class on the Art of Organizing and Tidying Up, рейтинг - 4, цена - 41.83 GBP
2026-09-21 15:42:14 | DEBUG    | __main__ | Номер книги - 74, название - Soul Reader, рейтинг - 2, цена - 39.58 GBP
2026-09-21 15:42:14 | DEBUG    | __main__ | Номер книги - 75, название - Security, рейтинг - 2, цена - 39.25 GBP
2026-09-21 15:42:14 | DEBUG    | __main__ | Номер книги - 76, название - Saga, Volume 6 (Saga (Collected Editions) #6), рейтинг - 3, цена - 25.02 GBP
2026-09-21 15:42:14 | DEBUG    | __main__ | Номер книги - 77, название - Saga, Volume 5 (Saga (Collected Editions) #5), рейтинг - 2, цена - 51.04 GBP
2026-09-21 15:42:14 | DEBUG    | __main__ | Номер книги - 78, название - Reskilling America: Learning to Labor in the Twenty-First Century, рейтинг - 2, цена - 19.83 GBP
2026-09-21 15:42:14 | DEBUG    | __main__ | Номер книги - 79, название - Rat Queens, Vol. 3: Demons (Rat Queens (Collected Editions) #11-15), рейтинг - 3, цена - 50.40 GBP
2026-09-21 15:42:14 | INFO     | parser.storage.csv_storage | Сохранено: 80 записей в C:\Users\dalum\OneDrive\Рабочий стол\python_learn\parser\src\parser\storage\books.csv
2026-09-21 15:42:14 | INFO     | __main__ | Готово
2026-09-21 15:54:40 | INFO     | __main__ | Старт парсера. base_url=https://books.toscrape.com
2026-09-21 15:54:40 | INFO     | parser.scrapers.catalogue | Страница 1: https://books.toscrape.com/catalogue/page-1.html
2026-09-21 15:54:40 | DEBUG    | parser.utils.http_client | GET https://books.toscrape.com/catalogue/page-1.html (timeout=10.0)
2026-09-21 15:54:41 | INFO     | parser.utils.http_client | GET https://books.toscrape.com/catalogue/page-1.html -> 200: OK
2026-09-21 15:54:41 | INFO     | parser.scrapers.catalogue | Получено 50469 символов
2026-09-21 15:54:41 | INFO     | parser.parsers.book_list | Найдено 20 карточек
2026-09-21 15:54:41 | INFO     | parser.parsers.book_list | Разобрано 20 из 20 карточек
2026-09-21 15:54:41 | DEBUG    | parser.parsers.pagination | Следующая страница: https://books.toscrape.com/catalogue/page-2.html
2026-09-21 15:54:41 | INFO     | parser.scrapers.catalogue | Собрано 20 книг с 1 страниц
2026-09-21 15:54:41 | INFO     | parser.scrapers.catalogue | Страница 2: https://books.toscrape.com/catalogue/page-2.html
2026-09-21 15:54:41 | DEBUG    | parser.utils.http_client | GET https://books.toscrape.com/catalogue/page-2.html (timeout=10.0)
2026-09-21 15:54:42 | INFO     | parser.utils.http_client | GET https://books.toscrape.com/catalogue/page-2.html -> 200: OK
2026-09-21 15:54:42 | INFO     | parser.scrapers.catalogue | Получено 50877 символов
2026-09-21 15:54:42 | INFO     | parser.parsers.book_list | Найдено 20 карточек
2026-09-21 15:54:42 | INFO     | parser.parsers.book_list | Разобрано 20 из 20 карточек
2026-09-21 15:54:42 | DEBUG    | parser.parsers.pagination | Следующая страница: https://books.toscrape.com/catalogue/page-3.html
2026-09-21 15:54:42 | INFO     | parser.scrapers.catalogue | Собрано 40 книг с 2 страниц
2026-09-21 15:54:42 | INFO     | parser.scrapers.catalogue | Страница 3: https://books.toscrape.com/catalogue/page-3.html
2026-09-21 15:54:42 | DEBUG    | parser.utils.http_client | GET https://books.toscrape.com/catalogue/page-3.html (timeout=10.0)
2026-09-21 15:54:43 | INFO     | parser.utils.http_client | GET https://books.toscrape.com/catalogue/page-3.html -> 200: OK
2026-09-21 15:54:43 | INFO     | parser.scrapers.catalogue | Получено 51374 символов
2026-09-21 15:54:43 | INFO     | parser.parsers.book_list | Найдено 20 карточек
2026-09-21 15:54:43 | INFO     | parser.parsers.book_list | Разобрано 20 из 20 карточек
2026-09-21 15:54:43 | DEBUG    | parser.parsers.pagination | Следующая страница: https://books.toscrape.com/catalogue/page-4.html
2026-09-21 15:54:43 | INFO     | parser.scrapers.catalogue | Собрано 60 книг с 3 страниц
2026-09-21 15:54:43 | INFO     | parser.scrapers.catalogue | Страница 4: https://books.toscrape.com/catalogue/page-4.html
2026-09-21 15:54:43 | DEBUG    | parser.utils.http_client | GET https://books.toscrape.com/catalogue/page-4.html (timeout=10.0)
2026-09-21 15:54:44 | INFO     | parser.utils.http_client | GET https://books.toscrape.com/catalogue/page-4.html -> 200: OK
2026-09-21 15:54:44 | INFO     | parser.scrapers.catalogue | Получено 52524 символов
2026-09-21 15:54:44 | INFO     | parser.parsers.book_list | Найдено 20 карточек
2026-09-21 15:54:44 | INFO     | parser.parsers.book_list | Разобрано 20 из 20 карточек
2026-09-21 15:54:44 | DEBUG    | __main__ | Номер книги - 0, название - A Light in the Attic, рейтинг - 3, цена - 51.77 GBP
2026-09-21 15:54:44 | DEBUG    | __main__ | Номер книги - 1, название - Tipping the Velvet, рейтинг - 1, цена - 53.74 GBP
2026-09-21 15:54:44 | DEBUG    | __main__ | Номер книги - 2, название - Soumission, рейтинг - 1, цена - 50.10 GBP
2026-09-21 15:54:44 | DEBUG    | __main__ | Номер книги - 3, название - Sharp Objects, рейтинг - 4, цена - 47.82 GBP
2026-09-21 15:54:44 | DEBUG    | __main__ | Номер книги - 4, название - Sapiens: A Brief History of Humankind, рейтинг - 5, цена - 54.23 GBP
2026-09-21 15:54:44 | DEBUG    | __main__ | Номер книги - 5, название - The Requiem Red, рейтинг - 1, цена - 22.65 GBP
2026-09-21 15:54:44 | DEBUG    | __main__ | Номер книги - 6, название - The Dirty Little Secrets of Getting Your Dream Job, рейтинг - 4, цена - 33.34 GBP
2026-09-21 15:54:44 | DEBUG    | __main__ | Номер книги - 7, название - The Coming Woman: A Novel Based on the Life of the Infamous Feminist, Victoria Woodhull, рейтинг - 3, цена - 17.93 GBP
2026-09-21 15:54:44 | DEBUG    | __main__ | Номер книги - 8, название - The Boys in the Boat: Nine Americans and Their Epic Quest for Gold at the 1936 Berlin Olympics, рейтинг - 4, цена - 22.60 GBP
2026-09-21 15:54:44 | DEBUG    | __main__ | Номер книги - 9, название - The Black Maria, рейтинг - 1, цена - 52.15 GBP
2026-09-21 15:54:44 | DEBUG    | __main__ | Номер книги - 10, название - Starving Hearts (Triangular Trade Trilogy, #1), рейтинг - 2, цена - 13.99 GBP
2026-09-21 15:54:44 | DEBUG    | __main__ | Номер книги - 11, название - Shakespeare's Sonnets, рейтинг - 4, цена - 20.66 GBP
2026-09-21 15:54:44 | DEBUG    | __main__ | Номер книги - 12, название - Set Me Free, рейтинг - 5, цена - 17.46 GBP
2026-09-21 15:54:44 | DEBUG    | __main__ | Номер книги - 13, название - Scott Pilgrim's Precious Little Life (Scott Pilgrim #1), рейтинг - 5, цена - 52.29 GBP
2026-09-21 15:54:44 | DEBUG    | __main__ | Номер книги - 14, название - Rip it Up and Start Again, рейтинг - 5, цена - 35.02 GBP
2026-09-21 15:54:44 | DEBUG    | __main__ | Номер книги - 15, название - Our Band Could Be Your Life: Scenes from the American Indie Underground, 1981-1991, рейтинг - 3, цена - 57.25 GBP
2026-09-21 15:54:44 | DEBUG    | __main__ | Номер книги - 16, название - Olio, рейтинг - 1, цена - 23.88 GBP
2026-09-21 15:54:44 | DEBUG    | __main__ | Номер книги - 17, название - Mesaerion: The Best Science Fiction Stories 1800-1849, рейтинг - 1, цена - 37.59 GBP
2026-09-21 15:54:44 | DEBUG    | __main__ | Номер книги - 18, название - Libertarianism for Beginners, рейтинг - 2, цена - 51.33 GBP
2026-09-21 15:54:44 | DEBUG    | __main__ | Номер книги - 19, название - It's Only the Himalayas, рейтинг - 2, цена - 45.17 GBP
2026-09-21 15:54:44 | DEBUG    | __main__ | Номер книги - 20, название - In Her Wake, рейтинг - 1, цена - 12.84 GBP
2026-09-21 15:54:44 | DEBUG    | __main__ | Номер книги - 21, название - How Music Works, рейтинг - 2, цена - 37.32 GBP
2026-09-21 15:54:44 | DEBUG    | __main__ | Номер книги - 22, название - Foolproof Preserving: A Guide to Small Batch Jams, Jellies, Pickles, Condiments, and More: A Foolproof Guide to Making Small Batch Jams, Jellies, Pickles, Condiments, and More, рейтинг - 3, цена - 30.52 GBP
2026-09-21 15:54:44 | DEBUG    | __main__ | Номер книги - 23, название - Chase Me (Paris Nights #2), рейтинг - 5, цена - 25.27 GBP
2026-09-21 15:54:44 | DEBUG    | __main__ | Номер книги - 24, название - Black Dust, рейтинг - 5, цена - 34.53 GBP
2026-09-21 15:54:44 | DEBUG    | __main__ | Номер книги - 25, название - Birdsong: A Story in Pictures, рейтинг - 3, цена - 54.64 GBP
2026-09-21 15:54:44 | DEBUG    | __main__ | Номер книги - 26, название - America's Cradle of Quarterbacks: Western Pennsylvania's Football Factory from Johnny Unitas to Joe Montana, рейтинг - 3, цена - 22.50 GBP
2026-09-21 15:54:44 | DEBUG    | __main__ | Номер книги - 27, название - Aladdin and His Wonderful Lamp, рейтинг - 3, цена - 53.13 GBP
2026-09-21 15:54:44 | DEBUG    | __main__ | Номер книги - 28, название - Worlds Elsewhere: Journeys Around Shakespeare’s Globe, рейтинг - 5, цена - 40.30 GBP
2026-09-21 15:54:44 | DEBUG    | __main__ | Номер книги - 29, название - Wall and Piece, рейтинг - 4, цена - 44.18 GBP
2026-09-21 15:54:44 | DEBUG    | __main__ | Номер книги - 30, название - The Four Agreements: A Practical Guide to Personal Freedom, рейтинг - 5, цена - 17.66 GBP
2026-09-21 15:54:44 | DEBUG    | __main__ | Номер книги - 31, название - The Five Love Languages: How to Express Heartfelt Commitment to Your Mate, рейтинг - 3, цена - 31.05 GBP
2026-09-21 15:54:44 | DEBUG    | __main__ | Номер книги - 32, название - The Elephant Tree, рейтинг - 5, цена - 23.82 GBP
2026-09-21 15:54:44 | DEBUG    | __main__ | Номер книги - 33, название - The Bear and the Piano, рейтинг - 1, цена - 36.89 GBP
2026-09-21 15:54:44 | DEBUG    | __main__ | Номер книги - 34, название - Sophie's World, рейтинг - 5, цена - 15.94 GBP
2026-09-21 15:54:44 | DEBUG    | __main__ | Номер книги - 35, название - Penny Maybe, рейтинг - 3, цена - 33.29 GBP
2026-09-21 15:54:44 | DEBUG    | __main__ | Номер книги - 36, название - Maude (1883-1993):She Grew Up with the country, рейтинг - 2, цена - 18.02 GBP
2026-09-21 15:54:44 | DEBUG    | __main__ | Номер книги - 37, название - In a Dark, Dark Wood, рейтинг - 1, цена - 19.63 GBP
2026-09-21 15:54:44 | DEBUG    | __main__ | Номер книги - 38, название - Behind Closed Doors, рейтинг - 4, цена - 52.22 GBP
2026-09-21 15:54:44 | DEBUG    | __main__ | Номер книги - 39, название - You can't bury them all: Poems, рейтинг - 2, цена - 33.63 GBP
2026-09-21 15:54:44 | DEBUG    | __main__ | Номер книги - 40, название - Slow States of Collapse: Poems, рейтинг - 3, цена - 57.31 GBP
2026-09-21 15:54:44 | DEBUG    | __main__ | Номер книги - 41, название - Reasons to Stay Alive, рейтинг - 2, цена - 26.41 GBP
2026-09-21 15:54:44 | DEBUG    | __main__ | Номер книги - 42, название - Private Paris (Private #10), рейтинг - 5, цена - 47.61 GBP
2026-09-21 15:54:44 | DEBUG    | __main__ | Номер книги - 43, название - #HigherSelfie: Wake Up Your Life. Free Your Soul. Find Your Tribe., рейтинг - 5, цена - 23.11 GBP
2026-09-21 15:54:44 | DEBUG    | __main__ | Номер книги - 44, название - Without Borders (Wanderlove #1), рейтинг - 2, цена - 45.07 GBP
2026-09-21 15:54:44 | DEBUG    | __main__ | Номер книги - 45, название - When We Collided, рейтинг - 1, цена - 31.77 GBP
2026-09-21 15:54:44 | DEBUG    | __main__ | Номер книги - 46, название - We Love You, Charlie Freeman, рейтинг - 5, цена - 50.27 GBP
2026-09-21 15:54:44 | DEBUG    | __main__ | Номер книги - 47, название - Untitled Collection: Sabbath Poems 2014, рейтинг - 4, цена - 14.27 GBP
2026-09-21 15:54:44 | DEBUG    | __main__ | Номер книги - 48, название - Unseen City: The Majesty of Pigeons, the Discreet Charm of Snails & Other Wonders of the Urban Wilderness, рейтинг - 4, цена - 44.18 GBP
2026-09-21 15:54:44 | DEBUG    | __main__ | Номер книги - 49, название - Unicorn Tracks, рейтинг - 3, цена - 18.78 GBP
2026-09-21 15:54:44 | DEBUG    | __main__ | Номер книги - 50, название - Unbound: How Eight Technologies Made Us Human, Transformed Society, and Brought Our World to the Brink, рейтинг - 1, цена - 25.52 GBP
2026-09-21 15:54:44 | DEBUG    | __main__ | Номер книги - 51, название - Tsubasa: WoRLD CHRoNiCLE 2 (Tsubasa WoRLD CHRoNiCLE #2), рейтинг - 1, цена - 16.28 GBP
2026-09-21 15:54:44 | DEBUG    | __main__ | Номер книги - 52, название - Throwing Rocks at the Google Bus: How Growth Became the Enemy of Prosperity, рейтинг - 3, цена - 31.12 GBP
2026-09-21 15:54:44 | DEBUG    | __main__ | Номер книги - 53, название - This One Summer, рейтинг - 4, цена - 19.49 GBP
2026-09-21 15:54:44 | DEBUG    | __main__ | Номер книги - 54, название - Thirst, рейтинг - 5, цена - 17.27 GBP
2026-09-21 15:54:44 | DEBUG    | __main__ | Номер книги - 55, название - The Torch Is Passed: A Harding Family Story, рейтинг - 1, цена - 19.09 GBP
2026-09-21 15:54:44 | DEBUG    | __main__ | Номер книги - 56, название - The Secret of Dreadwillow Carse, рейтинг - 1, цена - 56.13 GBP
2026-09-21 15:54:44 | DEBUG    | __main__ | Номер книги - 57, название - The Pioneer Woman Cooks: Dinnertime: Comfort Classics, Freezer Food, 16-Minute Meals, and Other Delicious Ways to Solve Supper!, рейтинг - 1, цена - 56.41 GBP
2026-09-21 15:54:44 | DEBUG    | __main__ | Номер книги - 58, название - The Past Never Ends, рейтинг - 4, цена - 56.50 GBP
2026-09-21 15:54:44 | DEBUG    | __main__ | Номер книги - 59, название - The Natural History of Us (The Fine Art of Pretending #2), рейтинг - 3, цена - 45.22 GBP
2026-09-21 15:54:44 | DEBUG    | __main__ | Номер книги - 60, название - The Nameless City (The Nameless City #1), рейтинг - 4, цена - 38.16 GBP
2026-09-21 15:54:44 | DEBUG    | __main__ | Номер книги - 61, название - The Murder That Never Was (Forensic Instincts #5), рейтинг - 3, цена - 54.11 GBP
2026-09-21 15:54:44 | DEBUG    | __main__ | Номер книги - 62, название - The Most Perfect Thing: Inside (and Outside) a Bird's Egg, рейтинг - 4, цена - 42.96 GBP
2026-09-21 15:54:44 | DEBUG    | __main__ | Номер книги - 63, название - The Mindfulness and Acceptance Workbook for Anxiety: A Guide to Breaking Free from Anxiety, Phobias, and Worry Using Acceptance and Commitment Therapy, рейтинг - 4, цена - 23.89 GBP
2026-09-21 15:54:44 | DEBUG    | __main__ | Номер книги - 64, название - The Life-Changing Magic of Tidying Up: The Japanese Art of Decluttering and Organizing, рейтинг - 3, цена - 16.77 GBP
2026-09-21 15:54:44 | DEBUG    | __main__ | Номер книги - 65, название - The Inefficiency Assassin: Time Management Tactics for Working Smarter, Not Longer, рейтинг - 5, цена - 20.59 GBP
2026-09-21 15:54:44 | DEBUG    | __main__ | Номер книги - 66, название - The Gutsy Girl: Escapades for Your Life of Epic Adventure, рейтинг - 1, цена - 37.13 GBP
2026-09-21 15:54:44 | DEBUG    | __main__ | Номер книги - 67, название - The Electric Pencil: Drawings from Inside State Hospital No. 3, рейтинг - 1, цена - 56.06 GBP
2026-09-21 15:54:44 | DEBUG    | __main__ | Номер книги - 68, название - The Death of Humanity: and the Case for Life, рейтинг - 4, цена - 58.11 GBP
2026-09-21 15:54:44 | DEBUG    | __main__ | Номер книги - 69, название - The Bulletproof Diet: Lose up to a Pound a Day, Reclaim Energy and Focus, Upgrade Your Life, рейтинг - 3, цена - 49.05 GBP
2026-09-21 15:54:44 | DEBUG    | __main__ | Номер книги - 70, название - The Art Forger, рейтинг - 3, цена - 40.76 GBP
2026-09-21 15:54:44 | DEBUG    | __main__ | Номер книги - 71, название - The Age of Genius: The Seventeenth Century and the Birth of the Modern Mind, рейтинг - 1, цена - 19.73 GBP
2026-09-21 15:54:44 | DEBUG    | __main__ | Номер книги - 72, название - The Activist's Tao Te Ching: Ancient Advice for a Modern Revolution, рейтинг - 5, цена - 32.24 GBP
2026-09-21 15:54:44 | DEBUG    | __main__ | Номер книги - 73, название - Spark Joy: An Illustrated Master Class on the Art of Organizing and Tidying Up, рейтинг - 4, цена - 41.83 GBP
2026-09-21 15:54:44 | DEBUG    | __main__ | Номер книги - 74, название - Soul Reader, рейтинг - 2, цена - 39.58 GBP
2026-09-21 15:54:44 | DEBUG    | __main__ | Номер книги - 75, название - Security, рейтинг - 2, цена - 39.25 GBP
2026-09-21 15:54:44 | DEBUG    | __main__ | Номер книги - 76, название - Saga, Volume 6 (Saga (Collected Editions) #6), рейтинг - 3, цена - 25.02 GBP
2026-09-21 15:54:44 | DEBUG    | __main__ | Номер книги - 77, название - Saga, Volume 5 (Saga (Collected Editions) #5), рейтинг - 2, цена - 51.04 GBP
2026-09-21 15:54:44 | DEBUG    | __main__ | Номер книги - 78, название - Reskilling America: Learning to Labor in the Twenty-First Century, рейтинг - 2, цена - 19.83 GBP
2026-09-21 15:54:44 | DEBUG    | __main__ | Номер книги - 79, название - Rat Queens, Vol. 3: Demons (Rat Queens (Collected Editions) #11-15), рейтинг - 3, цена - 50.40 GBP
2026-09-21 15:54:44 | INFO     | parser.storage.csv_storage | Сохранено: 80 записей в C:\Users\dalum\OneDrive\Рабочий стол\python_learn\parser\src\parser\storage\data\books.csv
2026-09-21 15:54:44 | INFO     | parser.storage.json_storage | Сохранено: 80 записей в C:\Users\dalum\OneDrive\Рабочий стол\python_learn\parser\src\parser\storage\data\books.json
2026-09-21 15:54:44 | INFO     | __main__ | Готово
2026-09-21 15:58:27 | INFO     | __main__ | Старт парсера. base_url=https://books.toscrape.com
2026-09-21 15:58:27 | INFO     | parser.scrapers.catalogue | Страница 1: https://books.toscrape.com/catalogue/page-1.html
2026-09-21 15:58:27 | DEBUG    | parser.utils.http_client | GET https://books.toscrape.com/catalogue/page-1.html (timeout=10.0)
2026-09-21 15:58:27 | INFO     | parser.utils.http_client | GET https://books.toscrape.com/catalogue/page-1.html -> 200: OK
2026-09-21 15:58:27 | INFO     | parser.scrapers.catalogue | Получено 50469 символов
2026-09-21 15:58:27 | INFO     | parser.parsers.book_list | Найдено 20 карточек
2026-09-21 15:58:27 | INFO     | parser.parsers.book_list | Разобрано 20 из 20 карточек
2026-09-21 15:58:27 | DEBUG    | parser.parsers.pagination | Следующая страница: https://books.toscrape.com/catalogue/page-2.html
2026-09-21 15:58:27 | INFO     | parser.scrapers.catalogue | Собрано 20 книг с 1 страниц
2026-09-21 15:58:27 | INFO     | parser.scrapers.catalogue | Страница 2: https://books.toscrape.com/catalogue/page-2.html
2026-09-21 15:58:27 | DEBUG    | parser.utils.http_client | GET https://books.toscrape.com/catalogue/page-2.html (timeout=10.0)
2026-09-21 15:58:28 | INFO     | parser.utils.http_client | GET https://books.toscrape.com/catalogue/page-2.html -> 200: OK
2026-09-21 15:58:28 | INFO     | parser.scrapers.catalogue | Получено 50877 символов
2026-09-21 15:58:28 | INFO     | parser.parsers.book_list | Найдено 20 карточек
2026-09-21 15:58:28 | INFO     | parser.parsers.book_list | Разобрано 20 из 20 карточек
2026-09-21 15:58:28 | DEBUG    | parser.parsers.pagination | Следующая страница: https://books.toscrape.com/catalogue/page-3.html
2026-09-21 15:58:28 | INFO     | parser.scrapers.catalogue | Собрано 40 книг с 2 страниц
2026-09-21 15:58:28 | INFO     | parser.scrapers.catalogue | Страница 3: https://books.toscrape.com/catalogue/page-3.html
2026-09-21 15:58:28 | DEBUG    | parser.utils.http_client | GET https://books.toscrape.com/catalogue/page-3.html (timeout=10.0)
2026-09-21 15:58:29 | INFO     | parser.utils.http_client | GET https://books.toscrape.com/catalogue/page-3.html -> 200: OK
2026-09-21 15:58:29 | INFO     | parser.scrapers.catalogue | Получено 51374 символов
2026-09-21 15:58:29 | INFO     | parser.parsers.book_list | Найдено 20 карточек
2026-09-21 15:58:29 | INFO     | parser.parsers.book_list | Разобрано 20 из 20 карточек
2026-09-21 15:58:29 | DEBUG    | parser.parsers.pagination | Следующая страница: https://books.toscrape.com/catalogue/page-4.html
2026-09-21 15:58:29 | INFO     | parser.scrapers.catalogue | Собрано 60 книг с 3 страниц
2026-09-21 15:58:29 | INFO     | parser.scrapers.catalogue | Страница 4: https://books.toscrape.com/catalogue/page-4.html
2026-09-21 15:58:29 | DEBUG    | parser.utils.http_client | GET https://books.toscrape.com/catalogue/page-4.html (timeout=10.0)
2026-09-21 15:58:30 | INFO     | parser.utils.http_client | GET https://books.toscrape.com/catalogue/page-4.html -> 200: OK
2026-09-21 15:58:30 | INFO     | parser.scrapers.catalogue | Получено 52524 символов
2026-09-21 15:58:30 | INFO     | parser.parsers.book_list | Найдено 20 карточек
2026-09-21 15:58:30 | INFO     | parser.parsers.book_list | Разобрано 20 из 20 карточек
2026-09-21 15:58:30 | DEBUG    | __main__ | Номер книги - 0, название - A Light in the Attic, рейтинг - 3, цена - 51.77 GBP
2026-09-21 15:58:30 | DEBUG    | __main__ | Номер книги - 1, название - Tipping the Velvet, рейтинг - 1, цена - 53.74 GBP
2026-09-21 15:58:30 | DEBUG    | __main__ | Номер книги - 2, название - Soumission, рейтинг - 1, цена - 50.10 GBP
2026-09-21 15:58:30 | DEBUG    | __main__ | Номер книги - 3, название - Sharp Objects, рейтинг - 4, цена - 47.82 GBP
2026-09-21 15:58:30 | DEBUG    | __main__ | Номер книги - 4, название - Sapiens: A Brief History of Humankind, рейтинг - 5, цена - 54.23 GBP
2026-09-21 15:58:30 | DEBUG    | __main__ | Номер книги - 5, название - The Requiem Red, рейтинг - 1, цена - 22.65 GBP
2026-09-21 15:58:30 | DEBUG    | __main__ | Номер книги - 6, название - The Dirty Little Secrets of Getting Your Dream Job, рейтинг - 4, цена - 33.34 GBP
2026-09-21 15:58:30 | DEBUG    | __main__ | Номер книги - 7, название - The Coming Woman: A Novel Based on the Life of the Infamous Feminist, Victoria Woodhull, рейтинг - 3, цена - 17.93 GBP
2026-09-21 15:58:30 | DEBUG    | __main__ | Номер книги - 8, название - The Boys in the Boat: Nine Americans and Their Epic Quest for Gold at the 1936 Berlin Olympics, рейтинг - 4, цена - 22.60 GBP
2026-09-21 15:58:30 | DEBUG    | __main__ | Номер книги - 9, название - The Black Maria, рейтинг - 1, цена - 52.15 GBP
2026-09-21 15:58:30 | DEBUG    | __main__ | Номер книги - 10, название - Starving Hearts (Triangular Trade Trilogy, #1), рейтинг - 2, цена - 13.99 GBP
2026-09-21 15:58:30 | DEBUG    | __main__ | Номер книги - 11, название - Shakespeare's Sonnets, рейтинг - 4, цена - 20.66 GBP
2026-09-21 15:58:30 | DEBUG    | __main__ | Номер книги - 12, название - Set Me Free, рейтинг - 5, цена - 17.46 GBP
2026-09-21 15:58:30 | DEBUG    | __main__ | Номер книги - 13, название - Scott Pilgrim's Precious Little Life (Scott Pilgrim #1), рейтинг - 5, цена - 52.29 GBP
2026-09-21 15:58:30 | DEBUG    | __main__ | Номер книги - 14, название - Rip it Up and Start Again, рейтинг - 5, цена - 35.02 GBP
2026-09-21 15:58:30 | DEBUG    | __main__ | Номер книги - 15, название - Our Band Could Be Your Life: Scenes from the American Indie Underground, 1981-1991, рейтинг - 3, цена - 57.25 GBP
2026-09-21 15:58:30 | DEBUG    | __main__ | Номер книги - 16, название - Olio, рейтинг - 1, цена - 23.88 GBP
2026-09-21 15:58:30 | DEBUG    | __main__ | Номер книги - 17, название - Mesaerion: The Best Science Fiction Stories 1800-1849, рейтинг - 1, цена - 37.59 GBP
2026-09-21 15:58:30 | DEBUG    | __main__ | Номер книги - 18, название - Libertarianism for Beginners, рейтинг - 2, цена - 51.33 GBP
2026-09-21 15:58:30 | DEBUG    | __main__ | Номер книги - 19, название - It's Only the Himalayas, рейтинг - 2, цена - 45.17 GBP
2026-09-21 15:58:30 | DEBUG    | __main__ | Номер книги - 20, название - In Her Wake, рейтинг - 1, цена - 12.84 GBP
2026-09-21 15:58:30 | DEBUG    | __main__ | Номер книги - 21, название - How Music Works, рейтинг - 2, цена - 37.32 GBP
2026-09-21 15:58:30 | DEBUG    | __main__ | Номер книги - 22, название - Foolproof Preserving: A Guide to Small Batch Jams, Jellies, Pickles, Condiments, and More: A Foolproof Guide to Making Small Batch Jams, Jellies, Pickles, Condiments, and More, рейтинг - 3, цена - 30.52 GBP
2026-09-21 15:58:30 | DEBUG    | __main__ | Номер книги - 23, название - Chase Me (Paris Nights #2), рейтинг - 5, цена - 25.27 GBP
2026-09-21 15:58:30 | DEBUG    | __main__ | Номер книги - 24, название - Black Dust, рейтинг - 5, цена - 34.53 GBP
2026-09-21 15:58:30 | DEBUG    | __main__ | Номер книги - 25, название - Birdsong: A Story in Pictures, рейтинг - 3, цена - 54.64 GBP
2026-09-21 15:58:30 | DEBUG    | __main__ | Номер книги - 26, название - America's Cradle of Quarterbacks: Western Pennsylvania's Football Factory from Johnny Unitas to Joe Montana, рейтинг - 3, цена - 22.50 GBP
2026-09-21 15:58:30 | DEBUG    | __main__ | Номер книги - 27, название - Aladdin and His Wonderful Lamp, рейтинг - 3, цена - 53.13 GBP
2026-09-21 15:58:30 | DEBUG    | __main__ | Номер книги - 28, название - Worlds Elsewhere: Journeys Around Shakespeare’s Globe, рейтинг - 5, цена - 40.30 GBP
2026-09-21 15:58:30 | DEBUG    | __main__ | Номер книги - 29, название - Wall and Piece, рейтинг - 4, цена - 44.18 GBP
2026-09-21 15:58:30 | DEBUG    | __main__ | Номер книги - 30, название - The Four Agreements: A Practical Guide to Personal Freedom, рейтинг - 5, цена - 17.66 GBP
2026-09-21 15:58:30 | DEBUG    | __main__ | Номер книги - 31, название - The Five Love Languages: How to Express Heartfelt Commitment to Your Mate, рейтинг - 3, цена - 31.05 GBP
2026-09-21 15:58:30 | DEBUG    | __main__ | Номер книги - 32, название - The Elephant Tree, рейтинг - 5, цена - 23.82 GBP
2026-09-21 15:58:30 | DEBUG    | __main__ | Номер книги - 33, название - The Bear and the Piano, рейтинг - 1, цена - 36.89 GBP
2026-09-21 15:58:30 | DEBUG    | __main__ | Номер книги - 34, название - Sophie's World, рейтинг - 5, цена - 15.94 GBP
2026-09-21 15:58:30 | DEBUG    | __main__ | Номер книги - 35, название - Penny Maybe, рейтинг - 3, цена - 33.29 GBP
2026-09-21 15:58:30 | DEBUG    | __main__ | Номер книги - 36, название - Maude (1883-1993):She Grew Up with the country, рейтинг - 2, цена - 18.02 GBP
2026-09-21 15:58:30 | DEBUG    | __main__ | Номер книги - 37, название - In a Dark, Dark Wood, рейтинг - 1, цена - 19.63 GBP
2026-09-21 15:58:30 | DEBUG    | __main__ | Номер книги - 38, название - Behind Closed Doors, рейтинг - 4, цена - 52.22 GBP
2026-09-21 15:58:30 | DEBUG    | __main__ | Номер книги - 39, название - You can't bury them all: Poems, рейтинг - 2, цена - 33.63 GBP
2026-09-21 15:58:30 | DEBUG    | __main__ | Номер книги - 40, название - Slow States of Collapse: Poems, рейтинг - 3, цена - 57.31 GBP
2026-09-21 15:58:30 | DEBUG    | __main__ | Номер книги - 41, название - Reasons to Stay Alive, рейтинг - 2, цена - 26.41 GBP
2026-09-21 15:58:30 | DEBUG    | __main__ | Номер книги - 42, название - Private Paris (Private #10), рейтинг - 5, цена - 47.61 GBP
2026-09-21 15:58:30 | DEBUG    | __main__ | Номер книги - 43, название - #HigherSelfie: Wake Up Your Life. Free Your Soul. Find Your Tribe., рейтинг - 5, цена - 23.11 GBP
2026-09-21 15:58:30 | DEBUG    | __main__ | Номер книги - 44, название - Without Borders (Wanderlove #1), рейтинг - 2, цена - 45.07 GBP
2026-09-21 15:58:30 | DEBUG    | __main__ | Номер книги - 45, название - When We Collided, рейтинг - 1, цена - 31.77 GBP
2026-09-21 15:58:30 | DEBUG    | __main__ | Номер книги - 46, название - We Love You, Charlie Freeman, рейтинг - 5, цена - 50.27 GBP
2026-09-21 15:58:30 | DEBUG    | __main__ | Номер книги - 47, название - Untitled Collection: Sabbath Poems 2014, рейтинг - 4, цена - 14.27 GBP
2026-09-21 15:58:30 | DEBUG    | __main__ | Номер книги - 48, название - Unseen City: The Majesty of Pigeons, the Discreet Charm of Snails & Other Wonders of the Urban Wilderness, рейтинг - 4, цена - 44.18 GBP
2026-09-21 15:58:30 | DEBUG    | __main__ | Номер книги - 49, название - Unicorn Tracks, рейтинг - 3, цена - 18.78 GBP
2026-09-21 15:58:30 | DEBUG    | __main__ | Номер книги - 50, название - Unbound: How Eight Technologies Made Us Human, Transformed Society, and Brought Our World to the Brink, рейтинг - 1, цена - 25.52 GBP
2026-09-21 15:58:30 | DEBUG    | __main__ | Номер книги - 51, название - Tsubasa: WoRLD CHRoNiCLE 2 (Tsubasa WoRLD CHRoNiCLE #2), рейтинг - 1, цена - 16.28 GBP
2026-09-21 15:58:30 | DEBUG    | __main__ | Номер книги - 52, название - Throwing Rocks at the Google Bus: How Growth Became the Enemy of Prosperity, рейтинг - 3, цена - 31.12 GBP
2026-09-21 15:58:30 | DEBUG    | __main__ | Номер книги - 53, название - This One Summer, рейтинг - 4, цена - 19.49 GBP
2026-09-21 15:58:30 | DEBUG    | __main__ | Номер книги - 54, название - Thirst, рейтинг - 5, цена - 17.27 GBP
2026-09-21 15:58:30 | DEBUG    | __main__ | Номер книги - 55, название - The Torch Is Passed: A Harding Family Story, рейтинг - 1, цена - 19.09 GBP
2026-09-21 15:58:30 | DEBUG    | __main__ | Номер книги - 56, название - The Secret of Dreadwillow Carse, рейтинг - 1, цена - 56.13 GBP
2026-09-21 15:58:30 | DEBUG    | __main__ | Номер книги - 57, название - The Pioneer Woman Cooks: Dinnertime: Comfort Classics, Freezer Food, 16-Minute Meals, and Other Delicious Ways to Solve Supper!, рейтинг - 1, цена - 56.41 GBP
2026-09-21 15:58:30 | DEBUG    | __main__ | Номер книги - 58, название - The Past Never Ends, рейтинг - 4, цена - 56.50 GBP
2026-09-21 15:58:30 | DEBUG    | __main__ | Номер книги - 59, название - The Natural History of Us (The Fine Art of Pretending #2), рейтинг - 3, цена - 45.22 GBP
2026-09-21 15:58:30 | DEBUG    | __main__ | Номер книги - 60, название - The Nameless City (The Nameless City #1), рейтинг - 4, цена - 38.16 GBP
2026-09-21 15:58:30 | DEBUG    | __main__ | Номер книги - 61, название - The Murder That Never Was (Forensic Instincts #5), рейтинг - 3, цена - 54.11 GBP
2026-09-21 15:58:30 | DEBUG    | __main__ | Номер книги - 62, название - The Most Perfect Thing: Inside (and Outside) a Bird's Egg, рейтинг - 4, цена - 42.96 GBP
2026-09-21 15:58:30 | DEBUG    | __main__ | Номер книги - 63, название - The Mindfulness and Acceptance Workbook for Anxiety: A Guide to Breaking Free from Anxiety, Phobias, and Worry Using Acceptance and Commitment Therapy, рейтинг - 4, цена - 23.89 GBP
2026-09-21 15:58:30 | DEBUG    | __main__ | Номер книги - 64, название - The Life-Changing Magic of Tidying Up: The Japanese Art of Decluttering and Organizing, рейтинг - 3, цена - 16.77 GBP
2026-09-21 15:58:30 | DEBUG    | __main__ | Номер книги - 65, название - The Inefficiency Assassin: Time Management Tactics for Working Smarter, Not Longer, рейтинг - 5, цена - 20.59 GBP
2026-09-21 15:58:30 | DEBUG    | __main__ | Номер книги - 66, название - The Gutsy Girl: Escapades for Your Life of Epic Adventure, рейтинг - 1, цена - 37.13 GBP
2026-09-21 15:58:30 | DEBUG    | __main__ | Номер книги - 67, название - The Electric Pencil: Drawings from Inside State Hospital No. 3, рейтинг - 1, цена - 56.06 GBP
2026-09-21 15:58:30 | DEBUG    | __main__ | Номер книги - 68, название - The Death of Humanity: and the Case for Life, рейтинг - 4, цена - 58.11 GBP
2026-09-21 15:58:30 | DEBUG    | __main__ | Номер книги - 69, название - The Bulletproof Diet: Lose up to a Pound a Day, Reclaim Energy and Focus, Upgrade Your Life, рейтинг - 3, цена - 49.05 GBP
2026-09-21 15:58:30 | DEBUG    | __main__ | Номер книги - 70, название - The Art Forger, рейтинг - 3, цена - 40.76 GBP
2026-09-21 15:58:30 | DEBUG    | __main__ | Номер книги - 71, название - The Age of Genius: The Seventeenth Century and the Birth of the Modern Mind, рейтинг - 1, цена - 19.73 GBP
2026-09-21 15:58:30 | DEBUG    | __main__ | Номер книги - 72, название - The Activist's Tao Te Ching: Ancient Advice for a Modern Revolution, рейтинг - 5, цена - 32.24 GBP
2026-09-21 15:58:30 | DEBUG    | __main__ | Номер книги - 73, название - Spark Joy: An Illustrated Master Class on the Art of Organizing and Tidying Up, рейтинг - 4, цена - 41.83 GBP
2026-09-21 15:58:30 | DEBUG    | __main__ | Номер книги - 74, название - Soul Reader, рейтинг - 2, цена - 39.58 GBP
2026-09-21 15:58:30 | DEBUG    | __main__ | Номер книги - 75, название - Security, рейтинг - 2, цена - 39.25 GBP
2026-09-21 15:58:30 | DEBUG    | __main__ | Номер книги - 76, название - Saga, Volume 6 (Saga (Collected Editions) #6), рейтинг - 3, цена - 25.02 GBP
2026-09-21 15:58:30 | DEBUG    | __main__ | Номер книги - 77, название - Saga, Volume 5 (Saga (Collected Editions) #5), рейтинг - 2, цена - 51.04 GBP
2026-09-21 15:58:30 | DEBUG    | __main__ | Номер книги - 78, название - Reskilling America: Learning to Labor in the Twenty-First Century, рейтинг - 2, цена - 19.83 GBP
2026-09-21 15:58:30 | DEBUG    | __main__ | Номер книги - 79, название - Rat Queens, Vol. 3: Demons (Rat Queens (Collected Editions) #11-15), рейтинг - 3, цена - 50.40 GBP
2026-09-21 15:58:58 | INFO     | __main__ | Старт парсера. base_url=https://books.toscrape.com
2026-09-21 15:58:58 | INFO     | parser.scrapers.catalogue | Страница 1: https://books.toscrape.com/catalogue/page-1.html
2026-09-21 15:58:58 | DEBUG    | parser.utils.http_client | GET https://books.toscrape.com/catalogue/page-1.html (timeout=10.0)
2026-09-21 15:58:59 | INFO     | parser.utils.http_client | GET https://books.toscrape.com/catalogue/page-1.html -> 200: OK
2026-09-21 15:58:59 | INFO     | parser.scrapers.catalogue | Получено 50469 символов
2026-09-21 15:58:59 | INFO     | parser.parsers.book_list | Найдено 20 карточек
2026-09-21 15:58:59 | INFO     | parser.parsers.book_list | Разобрано 20 из 20 карточек
2026-09-21 15:58:59 | DEBUG    | parser.parsers.pagination | Следующая страница: https://books.toscrape.com/catalogue/page-2.html
2026-09-21 15:58:59 | INFO     | parser.scrapers.catalogue | Собрано 20 книг с 1 страниц
2026-09-21 15:58:59 | INFO     | parser.scrapers.catalogue | Страница 2: https://books.toscrape.com/catalogue/page-2.html
2026-09-21 15:58:59 | DEBUG    | parser.utils.http_client | GET https://books.toscrape.com/catalogue/page-2.html (timeout=10.0)
2026-09-21 15:59:00 | INFO     | parser.utils.http_client | GET https://books.toscrape.com/catalogue/page-2.html -> 200: OK
2026-09-21 15:59:00 | INFO     | parser.scrapers.catalogue | Получено 50877 символов
2026-09-21 15:59:00 | INFO     | parser.parsers.book_list | Найдено 20 карточек
2026-09-21 15:59:00 | INFO     | parser.parsers.book_list | Разобрано 20 из 20 карточек
2026-09-21 15:59:00 | DEBUG    | parser.parsers.pagination | Следующая страница: https://books.toscrape.com/catalogue/page-3.html
2026-09-21 15:59:00 | INFO     | parser.scrapers.catalogue | Собрано 40 книг с 2 страниц
2026-09-21 15:59:00 | INFO     | parser.scrapers.catalogue | Страница 3: https://books.toscrape.com/catalogue/page-3.html
2026-09-21 15:59:00 | DEBUG    | parser.utils.http_client | GET https://books.toscrape.com/catalogue/page-3.html (timeout=10.0)
2026-09-21 15:59:01 | INFO     | parser.utils.http_client | GET https://books.toscrape.com/catalogue/page-3.html -> 200: OK
2026-09-21 15:59:01 | INFO     | parser.scrapers.catalogue | Получено 51374 символов
2026-09-21 15:59:01 | INFO     | parser.parsers.book_list | Найдено 20 карточек
2026-09-21 15:59:01 | INFO     | parser.parsers.book_list | Разобрано 20 из 20 карточек
2026-09-21 15:59:01 | DEBUG    | parser.parsers.pagination | Следующая страница: https://books.toscrape.com/catalogue/page-4.html
2026-09-21 15:59:01 | INFO     | parser.scrapers.catalogue | Собрано 60 книг с 3 страниц
2026-09-21 15:59:01 | INFO     | parser.scrapers.catalogue | Страница 4: https://books.toscrape.com/catalogue/page-4.html
2026-09-21 15:59:01 | DEBUG    | parser.utils.http_client | GET https://books.toscrape.com/catalogue/page-4.html (timeout=10.0)
2026-09-21 15:59:01 | INFO     | parser.utils.http_client | GET https://books.toscrape.com/catalogue/page-4.html -> 200: OK
2026-09-21 15:59:01 | INFO     | parser.scrapers.catalogue | Получено 52524 символов
2026-09-21 15:59:01 | INFO     | parser.parsers.book_list | Найдено 20 карточек
2026-09-21 15:59:01 | INFO     | parser.parsers.book_list | Разобрано 20 из 20 карточек
2026-09-21 15:59:01 | DEBUG    | __main__ | Номер книги - 0, название - A Light in the Attic, рейтинг - 3, цена - 51.77 GBP
2026-09-21 15:59:01 | DEBUG    | __main__ | Номер книги - 1, название - Tipping the Velvet, рейтинг - 1, цена - 53.74 GBP
2026-09-21 15:59:01 | DEBUG    | __main__ | Номер книги - 2, название - Soumission, рейтинг - 1, цена - 50.10 GBP
2026-09-21 15:59:01 | DEBUG    | __main__ | Номер книги - 3, название - Sharp Objects, рейтинг - 4, цена - 47.82 GBP
2026-09-21 15:59:01 | DEBUG    | __main__ | Номер книги - 4, название - Sapiens: A Brief History of Humankind, рейтинг - 5, цена - 54.23 GBP
2026-09-21 15:59:01 | DEBUG    | __main__ | Номер книги - 5, название - The Requiem Red, рейтинг - 1, цена - 22.65 GBP
2026-09-21 15:59:01 | DEBUG    | __main__ | Номер книги - 6, название - The Dirty Little Secrets of Getting Your Dream Job, рейтинг - 4, цена - 33.34 GBP
2026-09-21 15:59:01 | DEBUG    | __main__ | Номер книги - 7, название - The Coming Woman: A Novel Based on the Life of the Infamous Feminist, Victoria Woodhull, рейтинг - 3, цена - 17.93 GBP
2026-09-21 15:59:01 | DEBUG    | __main__ | Номер книги - 8, название - The Boys in the Boat: Nine Americans and Their Epic Quest for Gold at the 1936 Berlin Olympics, рейтинг - 4, цена - 22.60 GBP
2026-09-21 15:59:01 | DEBUG    | __main__ | Номер книги - 9, название - The Black Maria, рейтинг - 1, цена - 52.15 GBP
2026-09-21 15:59:01 | DEBUG    | __main__ | Номер книги - 10, название - Starving Hearts (Triangular Trade Trilogy, #1), рейтинг - 2, цена - 13.99 GBP
2026-09-21 15:59:01 | DEBUG    | __main__ | Номер книги - 11, название - Shakespeare's Sonnets, рейтинг - 4, цена - 20.66 GBP
2026-09-21 15:59:01 | DEBUG    | __main__ | Номер книги - 12, название - Set Me Free, рейтинг - 5, цена - 17.46 GBP
2026-09-21 15:59:01 | DEBUG    | __main__ | Номер книги - 13, название - Scott Pilgrim's Precious Little Life (Scott Pilgrim #1), рейтинг - 5, цена - 52.29 GBP
2026-09-21 15:59:01 | DEBUG    | __main__ | Номер книги - 14, название - Rip it Up and Start Again, рейтинг - 5, цена - 35.02 GBP
2026-09-21 15:59:01 | DEBUG    | __main__ | Номер книги - 15, название - Our Band Could Be Your Life: Scenes from the American Indie Underground, 1981-1991, рейтинг - 3, цена - 57.25 GBP
2026-09-21 15:59:01 | DEBUG    | __main__ | Номер книги - 16, название - Olio, рейтинг - 1, цена - 23.88 GBP
2026-09-21 15:59:01 | DEBUG    | __main__ | Номер книги - 17, название - Mesaerion: The Best Science Fiction Stories 1800-1849, рейтинг - 1, цена - 37.59 GBP
2026-09-21 15:59:01 | DEBUG    | __main__ | Номер книги - 18, название - Libertarianism for Beginners, рейтинг - 2, цена - 51.33 GBP
2026-09-21 15:59:01 | DEBUG    | __main__ | Номер книги - 19, название - It's Only the Himalayas, рейтинг - 2, цена - 45.17 GBP
2026-09-21 15:59:01 | DEBUG    | __main__ | Номер книги - 20, название - In Her Wake, рейтинг - 1, цена - 12.84 GBP
2026-09-21 15:59:01 | DEBUG    | __main__ | Номер книги - 21, название - How Music Works, рейтинг - 2, цена - 37.32 GBP
2026-09-21 15:59:01 | DEBUG    | __main__ | Номер книги - 22, название - Foolproof Preserving: A Guide to Small Batch Jams, Jellies, Pickles, Condiments, and More: A Foolproof Guide to Making Small Batch Jams, Jellies, Pickles, Condiments, and More, рейтинг - 3, цена - 30.52 GBP
2026-09-21 15:59:01 | DEBUG    | __main__ | Номер книги - 23, название - Chase Me (Paris Nights #2), рейтинг - 5, цена - 25.27 GBP
2026-09-21 15:59:01 | DEBUG    | __main__ | Номер книги - 24, название - Black Dust, рейтинг - 5, цена - 34.53 GBP
2026-09-21 15:59:01 | DEBUG    | __main__ | Номер книги - 25, название - Birdsong: A Story in Pictures, рейтинг - 3, цена - 54.64 GBP
2026-09-21 15:59:01 | DEBUG    | __main__ | Номер книги - 26, название - America's Cradle of Quarterbacks: Western Pennsylvania's Football Factory from Johnny Unitas to Joe Montana, рейтинг - 3, цена - 22.50 GBP
2026-09-21 15:59:01 | DEBUG    | __main__ | Номер книги - 27, название - Aladdin and His Wonderful Lamp, рейтинг - 3, цена - 53.13 GBP
2026-09-21 15:59:01 | DEBUG    | __main__ | Номер книги - 28, название - Worlds Elsewhere: Journeys Around Shakespeare’s Globe, рейтинг - 5, цена - 40.30 GBP
2026-09-21 15:59:01 | DEBUG    | __main__ | Номер книги - 29, название - Wall and Piece, рейтинг - 4, цена - 44.18 GBP
2026-09-21 15:59:01 | DEBUG    | __main__ | Номер книги - 30, название - The Four Agreements: A Practical Guide to Personal Freedom, рейтинг - 5, цена - 17.66 GBP
2026-09-21 15:59:01 | DEBUG    | __main__ | Номер книги - 31, название - The Five Love Languages: How to Express Heartfelt Commitment to Your Mate, рейтинг - 3, цена - 31.05 GBP
2026-09-21 15:59:01 | DEBUG    | __main__ | Номер книги - 32, название - The Elephant Tree, рейтинг - 5, цена - 23.82 GBP
2026-09-21 15:59:01 | DEBUG    | __main__ | Номер книги - 33, название - The Bear and the Piano, рейтинг - 1, цена - 36.89 GBP
2026-09-21 15:59:01 | DEBUG    | __main__ | Номер книги - 34, название - Sophie's World, рейтинг - 5, цена - 15.94 GBP
2026-09-21 15:59:01 | DEBUG    | __main__ | Номер книги - 35, название - Penny Maybe, рейтинг - 3, цена - 33.29 GBP
2026-09-21 15:59:01 | DEBUG    | __main__ | Номер книги - 36, название - Maude (1883-1993):She Grew Up with the country, рейтинг - 2, цена - 18.02 GBP
2026-09-21 15:59:01 | DEBUG    | __main__ | Номер книги - 37, название - In a Dark, Dark Wood, рейтинг - 1, цена - 19.63 GBP
2026-09-21 15:59:01 | DEBUG    | __main__ | Номер книги - 38, название - Behind Closed Doors, рейтинг - 4, цена - 52.22 GBP
2026-09-21 15:59:01 | DEBUG    | __main__ | Номер книги - 39, название - You can't bury them all: Poems, рейтинг - 2, цена - 33.63 GBP
2026-09-21 15:59:01 | DEBUG    | __main__ | Номер книги - 40, название - Slow States of Collapse: Poems, рейтинг - 3, цена - 57.31 GBP
2026-09-21 15:59:01 | DEBUG    | __main__ | Номер книги - 41, название - Reasons to Stay Alive, рейтинг - 2, цена - 26.41 GBP
2026-09-21 15:59:01 | DEBUG    | __main__ | Номер книги - 42, название - Private Paris (Private #10), рейтинг - 5, цена - 47.61 GBP
2026-09-21 15:59:01 | DEBUG    | __main__ | Номер книги - 43, название - #HigherSelfie: Wake Up Your Life. Free Your Soul. Find Your Tribe., рейтинг - 5, цена - 23.11 GBP
2026-09-21 15:59:01 | DEBUG    | __main__ | Номер книги - 44, название - Without Borders (Wanderlove #1), рейтинг - 2, цена - 45.07 GBP
2026-09-21 15:59:01 | DEBUG    | __main__ | Номер книги - 45, название - When We Collided, рейтинг - 1, цена - 31.77 GBP
2026-09-21 15:59:01 | DEBUG    | __main__ | Номер книги - 46, название - We Love You, Charlie Freeman, рейтинг - 5, цена - 50.27 GBP
2026-09-21 15:59:01 | DEBUG    | __main__ | Номер книги - 47, название - Untitled Collection: Sabbath Poems 2014, рейтинг - 4, цена - 14.27 GBP
2026-09-21 15:59:01 | DEBUG    | __main__ | Номер книги - 48, название - Unseen City: The Majesty of Pigeons, the Discreet Charm of Snails & Other Wonders of the Urban Wilderness, рейтинг - 4, цена - 44.18 GBP
2026-09-21 15:59:01 | DEBUG    | __main__ | Номер книги - 49, название - Unicorn Tracks, рейтинг - 3, цена - 18.78 GBP
2026-09-21 15:59:01 | DEBUG    | __main__ | Номер книги - 50, название - Unbound: How Eight Technologies Made Us Human, Transformed Society, and Brought Our World to the Brink, рейтинг - 1, цена - 25.52 GBP
2026-09-21 15:59:01 | DEBUG    | __main__ | Номер книги - 51, название - Tsubasa: WoRLD CHRoNiCLE 2 (Tsubasa WoRLD CHRoNiCLE #2), рейтинг - 1, цена - 16.28 GBP
2026-09-21 15:59:01 | DEBUG    | __main__ | Номер книги - 52, название - Throwing Rocks at the Google Bus: How Growth Became the Enemy of Prosperity, рейтинг - 3, цена - 31.12 GBP
2026-09-21 15:59:01 | DEBUG    | __main__ | Номер книги - 53, название - This One Summer, рейтинг - 4, цена - 19.49 GBP
2026-09-21 15:59:01 | DEBUG    | __main__ | Номер книги - 54, название - Thirst, рейтинг - 5, цена - 17.27 GBP
2026-09-21 15:59:01 | DEBUG    | __main__ | Номер книги - 55, название - The Torch Is Passed: A Harding Family Story, рейтинг - 1, цена - 19.09 GBP
2026-09-21 15:59:01 | DEBUG    | __main__ | Номер книги - 56, название - The Secret of Dreadwillow Carse, рейтинг - 1, цена - 56.13 GBP
2026-09-21 15:59:01 | DEBUG    | __main__ | Номер книги - 57, название - The Pioneer Woman Cooks: Dinnertime: Comfort Classics, Freezer Food, 16-Minute Meals, and Other Delicious Ways to Solve Supper!, рейтинг - 1, цена - 56.41 GBP
2026-09-21 15:59:01 | DEBUG    | __main__ | Номер книги - 58, название - The Past Never Ends, рейтинг - 4, цена - 56.50 GBP
2026-09-21 15:59:01 | DEBUG    | __main__ | Номер книги - 59, название - The Natural History of Us (The Fine Art of Pretending #2), рейтинг - 3, цена - 45.22 GBP
2026-09-21 15:59:01 | DEBUG    | __main__ | Номер книги - 60, название - The Nameless City (The Nameless City #1), рейтинг - 4, цена - 38.16 GBP
2026-09-21 15:59:01 | DEBUG    | __main__ | Номер книги - 61, название - The Murder That Never Was (Forensic Instincts #5), рейтинг - 3, цена - 54.11 GBP
2026-09-21 15:59:01 | DEBUG    | __main__ | Номер книги - 62, название - The Most Perfect Thing: Inside (and Outside) a Bird's Egg, рейтинг - 4, цена - 42.96 GBP
2026-09-21 15:59:01 | DEBUG    | __main__ | Номер книги - 63, название - The Mindfulness and Acceptance Workbook for Anxiety: A Guide to Breaking Free from Anxiety, Phobias, and Worry Using Acceptance and Commitment Therapy, рейтинг - 4, цена - 23.89 GBP
2026-09-21 15:59:01 | DEBUG    | __main__ | Номер книги - 64, название - The Life-Changing Magic of Tidying Up: The Japanese Art of Decluttering and Organizing, рейтинг - 3, цена - 16.77 GBP
2026-09-21 15:59:01 | DEBUG    | __main__ | Номер книги - 65, название - The Inefficiency Assassin: Time Management Tactics for Working Smarter, Not Longer, рейтинг - 5, цена - 20.59 GBP
2026-09-21 15:59:01 | DEBUG    | __main__ | Номер книги - 66, название - The Gutsy Girl: Escapades for Your Life of Epic Adventure, рейтинг - 1, цена - 37.13 GBP
2026-09-21 15:59:01 | DEBUG    | __main__ | Номер книги - 67, название - The Electric Pencil: Drawings from Inside State Hospital No. 3, рейтинг - 1, цена - 56.06 GBP
2026-09-21 15:59:01 | DEBUG    | __main__ | Номер книги - 68, название - The Death of Humanity: and the Case for Life, рейтинг - 4, цена - 58.11 GBP
2026-09-21 15:59:01 | DEBUG    | __main__ | Номер книги - 69, название - The Bulletproof Diet: Lose up to a Pound a Day, Reclaim Energy and Focus, Upgrade Your Life, рейтинг - 3, цена - 49.05 GBP
2026-09-21 15:59:01 | DEBUG    | __main__ | Номер книги - 70, название - The Art Forger, рейтинг - 3, цена - 40.76 GBP
2026-09-21 15:59:01 | DEBUG    | __main__ | Номер книги - 71, название - The Age of Genius: The Seventeenth Century and the Birth of the Modern Mind, рейтинг - 1, цена - 19.73 GBP
2026-09-21 15:59:01 | DEBUG    | __main__ | Номер книги - 72, название - The Activist's Tao Te Ching: Ancient Advice for a Modern Revolution, рейтинг - 5, цена - 32.24 GBP
2026-09-21 15:59:01 | DEBUG    | __main__ | Номер книги - 73, название - Spark Joy: An Illustrated Master Class on the Art of Organizing and Tidying Up, рейтинг - 4, цена - 41.83 GBP
2026-09-21 15:59:01 | DEBUG    | __main__ | Номер книги - 74, название - Soul Reader, рейтинг - 2, цена - 39.58 GBP
2026-09-21 15:59:01 | DEBUG    | __main__ | Номер книги - 75, название - Security, рейтинг - 2, цена - 39.25 GBP
2026-09-21 15:59:01 | DEBUG    | __main__ | Номер книги - 76, название - Saga, Volume 6 (Saga (Collected Editions) #6), рейтинг - 3, цена - 25.02 GBP
2026-09-21 15:59:01 | DEBUG    | __main__ | Номер книги - 77, название - Saga, Volume 5 (Saga (Collected Editions) #5), рейтинг - 2, цена - 51.04 GBP
2026-09-21 15:59:01 | DEBUG    | __main__ | Номер книги - 78, название - Reskilling America: Learning to Labor in the Twenty-First Century, рейтинг - 2, цена - 19.83 GBP
2026-09-21 15:59:01 | DEBUG    | __main__ | Номер книги - 79, название - Rat Queens, Vol. 3: Demons (Rat Queens (Collected Editions) #11-15), рейтинг - 3, цена - 50.40 GBP
2026-09-21 15:59:02 | INFO     | parser.storage.csv_storage | Сохранено: 80 записей в C:\Users\dalum\OneDrive\Рабочий стол\python_learn\parser\src\parser\storage\data\books.csv
2026-09-21 15:59:02 | INFO     | parser.storage.json_storage | Сохранено: 80 записей в C:\Users\dalum\OneDrive\Рабочий стол\python_learn\parser\src\parser\storage\data\books.json
2026-09-21 15:59:02 | INFO     | __main__ | Готово
2026-09-21 15:59:56 | INFO     | __main__ | Старт парсера. base_url=https://books.toscrape.com
2026-09-21 15:59:56 | INFO     | parser.scrapers.catalogue | Страница 1: https://books.toscrape.com/catalogue/page-1.html
2026-09-21 15:59:56 | DEBUG    | parser.utils.http_client | GET https://books.toscrape.com/catalogue/page-1.html (timeout=10.0)
2026-09-21 15:59:57 | INFO     | parser.utils.http_client | GET https://books.toscrape.com/catalogue/page-1.html -> 200: OK
2026-09-21 15:59:57 | INFO     | parser.scrapers.catalogue | Получено 50469 символов
2026-09-21 15:59:57 | INFO     | parser.parsers.book_list | Найдено 20 карточек
2026-09-21 15:59:57 | INFO     | parser.parsers.book_list | Разобрано 20 из 20 карточек
2026-09-21 15:59:57 | DEBUG    | parser.parsers.pagination | Следующая страница: https://books.toscrape.com/catalogue/page-2.html
2026-09-21 15:59:57 | INFO     | parser.scrapers.catalogue | Собрано 20 книг с 1 страниц
2026-09-21 15:59:57 | INFO     | parser.scrapers.catalogue | Страница 2: https://books.toscrape.com/catalogue/page-2.html
2026-09-21 15:59:57 | DEBUG    | parser.utils.http_client | GET https://books.toscrape.com/catalogue/page-2.html (timeout=10.0)
2026-09-21 15:59:58 | INFO     | parser.utils.http_client | GET https://books.toscrape.com/catalogue/page-2.html -> 200: OK
2026-09-21 15:59:58 | INFO     | parser.scrapers.catalogue | Получено 50877 символов
2026-09-21 15:59:58 | INFO     | parser.parsers.book_list | Найдено 20 карточек
2026-09-21 15:59:58 | INFO     | parser.parsers.book_list | Разобрано 20 из 20 карточек
2026-09-21 15:59:58 | DEBUG    | parser.parsers.pagination | Следующая страница: https://books.toscrape.com/catalogue/page-3.html
2026-09-21 15:59:58 | INFO     | parser.scrapers.catalogue | Собрано 40 книг с 2 страниц
2026-09-21 15:59:58 | INFO     | parser.scrapers.catalogue | Страница 3: https://books.toscrape.com/catalogue/page-3.html
2026-09-21 15:59:58 | DEBUG    | parser.utils.http_client | GET https://books.toscrape.com/catalogue/page-3.html (timeout=10.0)
2026-09-21 15:59:59 | INFO     | parser.utils.http_client | GET https://books.toscrape.com/catalogue/page-3.html -> 200: OK
2026-09-21 15:59:59 | INFO     | parser.scrapers.catalogue | Получено 51374 символов
2026-09-21 15:59:59 | INFO     | parser.parsers.book_list | Найдено 20 карточек
2026-09-21 15:59:59 | INFO     | parser.parsers.book_list | Разобрано 20 из 20 карточек
2026-09-21 15:59:59 | DEBUG    | parser.parsers.pagination | Следующая страница: https://books.toscrape.com/catalogue/page-4.html
2026-09-21 15:59:59 | INFO     | parser.scrapers.catalogue | Собрано 60 книг с 3 страниц
2026-09-21 15:59:59 | INFO     | parser.scrapers.catalogue | Страница 4: https://books.toscrape.com/catalogue/page-4.html
2026-09-21 15:59:59 | DEBUG    | parser.utils.http_client | GET https://books.toscrape.com/catalogue/page-4.html (timeout=10.0)
2026-09-21 16:00:01 | INFO     | parser.utils.http_client | GET https://books.toscrape.com/catalogue/page-4.html -> 200: OK
2026-09-21 16:00:01 | INFO     | parser.scrapers.catalogue | Получено 52524 символов
2026-09-21 16:00:01 | INFO     | parser.parsers.book_list | Найдено 20 карточек
2026-09-21 16:00:01 | INFO     | parser.parsers.book_list | Разобрано 20 из 20 карточек
2026-09-21 16:00:01 | DEBUG    | __main__ | Номер книги - 0, название - A Light in the Attic, рейтинг - 3, цена - 51.77 GBP
2026-09-21 16:00:01 | DEBUG    | __main__ | Номер книги - 1, название - Tipping the Velvet, рейтинг - 1, цена - 53.74 GBP
2026-09-21 16:00:01 | DEBUG    | __main__ | Номер книги - 2, название - Soumission, рейтинг - 1, цена - 50.10 GBP
2026-09-21 16:00:01 | DEBUG    | __main__ | Номер книги - 3, название - Sharp Objects, рейтинг - 4, цена - 47.82 GBP
2026-09-21 16:00:01 | DEBUG    | __main__ | Номер книги - 4, название - Sapiens: A Brief History of Humankind, рейтинг - 5, цена - 54.23 GBP
2026-09-21 16:00:01 | DEBUG    | __main__ | Номер книги - 5, название - The Requiem Red, рейтинг - 1, цена - 22.65 GBP
2026-09-21 16:00:01 | DEBUG    | __main__ | Номер книги - 6, название - The Dirty Little Secrets of Getting Your Dream Job, рейтинг - 4, цена - 33.34 GBP
2026-09-21 16:00:01 | DEBUG    | __main__ | Номер книги - 7, название - The Coming Woman: A Novel Based on the Life of the Infamous Feminist, Victoria Woodhull, рейтинг - 3, цена - 17.93 GBP
2026-09-21 16:00:01 | DEBUG    | __main__ | Номер книги - 8, название - The Boys in the Boat: Nine Americans and Their Epic Quest for Gold at the 1936 Berlin Olympics, рейтинг - 4, цена - 22.60 GBP
2026-09-21 16:00:01 | DEBUG    | __main__ | Номер книги - 9, название - The Black Maria, рейтинг - 1, цена - 52.15 GBP
2026-09-21 16:00:01 | DEBUG    | __main__ | Номер книги - 10, название - Starving Hearts (Triangular Trade Trilogy, #1), рейтинг - 2, цена - 13.99 GBP
2026-09-21 16:00:01 | DEBUG    | __main__ | Номер книги - 11, название - Shakespeare's Sonnets, рейтинг - 4, цена - 20.66 GBP
2026-09-21 16:00:01 | DEBUG    | __main__ | Номер книги - 12, название - Set Me Free, рейтинг - 5, цена - 17.46 GBP
2026-09-21 16:00:01 | DEBUG    | __main__ | Номер книги - 13, название - Scott Pilgrim's Precious Little Life (Scott Pilgrim #1), рейтинг - 5, цена - 52.29 GBP
2026-09-21 16:00:01 | DEBUG    | __main__ | Номер книги - 14, название - Rip it Up and Start Again, рейтинг - 5, цена - 35.02 GBP
2026-09-21 16:00:01 | DEBUG    | __main__ | Номер книги - 15, название - Our Band Could Be Your Life: Scenes from the American Indie Underground, 1981-1991, рейтинг - 3, цена - 57.25 GBP
2026-09-21 16:00:01 | DEBUG    | __main__ | Номер книги - 16, название - Olio, рейтинг - 1, цена - 23.88 GBP
2026-09-21 16:00:01 | DEBUG    | __main__ | Номер книги - 17, название - Mesaerion: The Best Science Fiction Stories 1800-1849, рейтинг - 1, цена - 37.59 GBP
2026-09-21 16:00:01 | DEBUG    | __main__ | Номер книги - 18, название - Libertarianism for Beginners, рейтинг - 2, цена - 51.33 GBP
2026-09-21 16:00:01 | DEBUG    | __main__ | Номер книги - 19, название - It's Only the Himalayas, рейтинг - 2, цена - 45.17 GBP
2026-09-21 16:00:01 | DEBUG    | __main__ | Номер книги - 20, название - In Her Wake, рейтинг - 1, цена - 12.84 GBP
2026-09-21 16:00:01 | DEBUG    | __main__ | Номер книги - 21, название - How Music Works, рейтинг - 2, цена - 37.32 GBP
2026-09-21 16:00:01 | DEBUG    | __main__ | Номер книги - 22, название - Foolproof Preserving: A Guide to Small Batch Jams, Jellies, Pickles, Condiments, and More: A Foolproof Guide to Making Small Batch Jams, Jellies, Pickles, Condiments, and More, рейтинг - 3, цена - 30.52 GBP
2026-09-21 16:00:01 | DEBUG    | __main__ | Номер книги - 23, название - Chase Me (Paris Nights #2), рейтинг - 5, цена - 25.27 GBP
2026-09-21 16:00:01 | DEBUG    | __main__ | Номер книги - 24, название - Black Dust, рейтинг - 5, цена - 34.53 GBP
2026-09-21 16:00:01 | DEBUG    | __main__ | Номер книги - 25, название - Birdsong: A Story in Pictures, рейтинг - 3, цена - 54.64 GBP
2026-09-21 16:00:01 | DEBUG    | __main__ | Номер книги - 26, название - America's Cradle of Quarterbacks: Western Pennsylvania's Football Factory from Johnny Unitas to Joe Montana, рейтинг - 3, цена - 22.50 GBP
2026-09-21 16:00:01 | DEBUG    | __main__ | Номер книги - 27, название - Aladdin and His Wonderful Lamp, рейтинг - 3, цена - 53.13 GBP
2026-09-21 16:00:01 | DEBUG    | __main__ | Номер книги - 28, название - Worlds Elsewhere: Journeys Around Shakespeare’s Globe, рейтинг - 5, цена - 40.30 GBP
2026-09-21 16:00:01 | DEBUG    | __main__ | Номер книги - 29, название - Wall and Piece, рейтинг - 4, цена - 44.18 GBP
2026-09-21 16:00:01 | DEBUG    | __main__ | Номер книги - 30, название - The Four Agreements: A Practical Guide to Personal Freedom, рейтинг - 5, цена - 17.66 GBP
2026-09-21 16:00:01 | DEBUG    | __main__ | Номер книги - 31, название - The Five Love Languages: How to Express Heartfelt Commitment to Your Mate, рейтинг - 3, цена - 31.05 GBP
2026-09-21 16:00:01 | DEBUG    | __main__ | Номер книги - 32, название - The Elephant Tree, рейтинг - 5, цена - 23.82 GBP
2026-09-21 16:00:01 | DEBUG    | __main__ | Номер книги - 33, название - The Bear and the Piano, рейтинг - 1, цена - 36.89 GBP
2026-09-21 16:00:01 | DEBUG    | __main__ | Номер книги - 34, название - Sophie's World, рейтинг - 5, цена - 15.94 GBP
2026-09-21 16:00:01 | DEBUG    | __main__ | Номер книги - 35, название - Penny Maybe, рейтинг - 3, цена - 33.29 GBP
2026-09-21 16:00:01 | DEBUG    | __main__ | Номер книги - 36, название - Maude (1883-1993):She Grew Up with the country, рейтинг - 2, цена - 18.02 GBP
2026-09-21 16:00:01 | DEBUG    | __main__ | Номер книги - 37, название - In a Dark, Dark Wood, рейтинг - 1, цена - 19.63 GBP
2026-09-21 16:00:01 | DEBUG    | __main__ | Номер книги - 38, название - Behind Closed Doors, рейтинг - 4, цена - 52.22 GBP
2026-09-21 16:00:01 | DEBUG    | __main__ | Номер книги - 39, название - You can't bury them all: Poems, рейтинг - 2, цена - 33.63 GBP
2026-09-21 16:00:01 | DEBUG    | __main__ | Номер книги - 40, название - Slow States of Collapse: Poems, рейтинг - 3, цена - 57.31 GBP
2026-09-21 16:00:01 | DEBUG    | __main__ | Номер книги - 41, название - Reasons to Stay Alive, рейтинг - 2, цена - 26.41 GBP
2026-09-21 16:00:01 | DEBUG    | __main__ | Номер книги - 42, название - Private Paris (Private #10), рейтинг - 5, цена - 47.61 GBP
2026-09-21 16:00:01 | DEBUG    | __main__ | Номер книги - 43, название - #HigherSelfie: Wake Up Your Life. Free Your Soul. Find Your Tribe., рейтинг - 5, цена - 23.11 GBP
2026-09-21 16:00:01 | DEBUG    | __main__ | Номер книги - 44, название - Without Borders (Wanderlove #1), рейтинг - 2, цена - 45.07 GBP
2026-09-21 16:00:01 | DEBUG    | __main__ | Номер книги - 45, название - When We Collided, рейтинг - 1, цена - 31.77 GBP
2026-09-21 16:00:01 | DEBUG    | __main__ | Номер книги - 46, название - We Love You, Charlie Freeman, рейтинг - 5, цена - 50.27 GBP
2026-09-21 16:00:01 | DEBUG    | __main__ | Номер книги - 47, название - Untitled Collection: Sabbath Poems 2014, рейтинг - 4, цена - 14.27 GBP
2026-09-21 16:00:01 | DEBUG    | __main__ | Номер книги - 48, название - Unseen City: The Majesty of Pigeons, the Discreet Charm of Snails & Other Wonders of the Urban Wilderness, рейтинг - 4, цена - 44.18 GBP
2026-09-21 16:00:01 | DEBUG    | __main__ | Номер книги - 49, название - Unicorn Tracks, рейтинг - 3, цена - 18.78 GBP
2026-09-21 16:00:01 | DEBUG    | __main__ | Номер книги - 50, название - Unbound: How Eight Technologies Made Us Human, Transformed Society, and Brought Our World to the Brink, рейтинг - 1, цена - 25.52 GBP
2026-09-21 16:00:01 | DEBUG    | __main__ | Номер книги - 51, название - Tsubasa: WoRLD CHRoNiCLE 2 (Tsubasa WoRLD CHRoNiCLE #2), рейтинг - 1, цена - 16.28 GBP
2026-09-21 16:00:01 | DEBUG    | __main__ | Номер книги - 52, название - Throwing Rocks at the Google Bus: How Growth Became the Enemy of Prosperity, рейтинг - 3, цена - 31.12 GBP
2026-09-21 16:00:01 | DEBUG    | __main__ | Номер книги - 53, название - This One Summer, рейтинг - 4, цена - 19.49 GBP
2026-09-21 16:00:01 | DEBUG    | __main__ | Номер книги - 54, название - Thirst, рейтинг - 5, цена - 17.27 GBP
2026-09-21 16:00:01 | DEBUG    | __main__ | Номер книги - 55, название - The Torch Is Passed: A Harding Family Story, рейтинг - 1, цена - 19.09 GBP
2026-09-21 16:00:01 | DEBUG    | __main__ | Номер книги - 56, название - The Secret of Dreadwillow Carse, рейтинг - 1, цена - 56.13 GBP
2026-09-21 16:00:01 | DEBUG    | __main__ | Номер книги - 57, название - The Pioneer Woman Cooks: Dinnertime: Comfort Classics, Freezer Food, 16-Minute Meals, and Other Delicious Ways to Solve Supper!, рейтинг - 1, цена - 56.41 GBP
2026-09-21 16:00:01 | DEBUG    | __main__ | Номер книги - 58, название - The Past Never Ends, рейтинг - 4, цена - 56.50 GBP
2026-09-21 16:00:01 | DEBUG    | __main__ | Номер книги - 59, название - The Natural History of Us (The Fine Art of Pretending #2), рейтинг - 3, цена - 45.22 GBP
2026-09-21 16:00:01 | DEBUG    | __main__ | Номер книги - 60, название - The Nameless City (The Nameless City #1), рейтинг - 4, цена - 38.16 GBP
2026-09-21 16:00:01 | DEBUG    | __main__ | Номер книги - 61, название - The Murder That Never Was (Forensic Instincts #5), рейтинг - 3, цена - 54.11 GBP
2026-09-21 16:00:01 | DEBUG    | __main__ | Номер книги - 62, название - The Most Perfect Thing: Inside (and Outside) a Bird's Egg, рейтинг - 4, цена - 42.96 GBP
2026-09-21 16:00:01 | DEBUG    | __main__ | Номер книги - 63, название - The Mindfulness and Acceptance Workbook for Anxiety: A Guide to Breaking Free from Anxiety, Phobias, and Worry Using Acceptance and Commitment Therapy, рейтинг - 4, цена - 23.89 GBP
2026-09-21 16:00:01 | DEBUG    | __main__ | Номер книги - 64, название - The Life-Changing Magic of Tidying Up: The Japanese Art of Decluttering and Organizing, рейтинг - 3, цена - 16.77 GBP
2026-09-21 16:00:01 | DEBUG    | __main__ | Номер книги - 65, название - The Inefficiency Assassin: Time Management Tactics for Working Smarter, Not Longer, рейтинг - 5, цена - 20.59 GBP
2026-09-21 16:00:01 | DEBUG    | __main__ | Номер книги - 66, название - The Gutsy Girl: Escapades for Your Life of Epic Adventure, рейтинг - 1, цена - 37.13 GBP
2026-09-21 16:00:01 | DEBUG    | __main__ | Номер книги - 67, название - The Electric Pencil: Drawings from Inside State Hospital No. 3, рейтинг - 1, цена - 56.06 GBP
2026-09-21 16:00:01 | DEBUG    | __main__ | Номер книги - 68, название - The Death of Humanity: and the Case for Life, рейтинг - 4, цена - 58.11 GBP
2026-09-21 16:00:01 | DEBUG    | __main__ | Номер книги - 69, название - The Bulletproof Diet: Lose up to a Pound a Day, Reclaim Energy and Focus, Upgrade Your Life, рейтинг - 3, цена - 49.05 GBP
2026-09-21 16:00:01 | DEBUG    | __main__ | Номер книги - 70, название - The Art Forger, рейтинг - 3, цена - 40.76 GBP
2026-09-21 16:00:01 | DEBUG    | __main__ | Номер книги - 71, название - The Age of Genius: The Seventeenth Century and the Birth of the Modern Mind, рейтинг - 1, цена - 19.73 GBP
2026-09-21 16:00:01 | DEBUG    | __main__ | Номер книги - 72, название - The Activist's Tao Te Ching: Ancient Advice for a Modern Revolution, рейтинг - 5, цена - 32.24 GBP
2026-09-21 16:00:01 | DEBUG    | __main__ | Номер книги - 73, название - Spark Joy: An Illustrated Master Class on the Art of Organizing and Tidying Up, рейтинг - 4, цена - 41.83 GBP
2026-09-21 16:00:01 | DEBUG    | __main__ | Номер книги - 74, название - Soul Reader, рейтинг - 2, цена - 39.58 GBP
2026-09-21 16:00:01 | DEBUG    | __main__ | Номер книги - 75, название - Security, рейтинг - 2, цена - 39.25 GBP
2026-09-21 16:00:01 | DEBUG    | __main__ | Номер книги - 76, название - Saga, Volume 6 (Saga (Collected Editions) #6), рейтинг - 3, цена - 25.02 GBP
2026-09-21 16:00:01 | DEBUG    | __main__ | Номер книги - 77, название - Saga, Volume 5 (Saga (Collected Editions) #5), рейтинг - 2, цена - 51.04 GBP
2026-09-21 16:00:01 | DEBUG    | __main__ | Номер книги - 78, название - Reskilling America: Learning to Labor in the Twenty-First Century, рейтинг - 2, цена - 19.83 GBP
2026-09-21 16:00:01 | DEBUG    | __main__ | Номер книги - 79, название - Rat Queens, Vol. 3: Demons (Rat Queens (Collected Editions) #11-15), рейтинг - 3, цена - 50.40 GBP
2026-09-21 16:00:01 | INFO     | parser.storage.csv_storage | Сохранено: 80 записей в C:\Users\dalum\OneDrive\Рабочий стол\python_learn\parser\src\parser\storage\data\books.csv
2026-09-21 16:00:01 | INFO     | parser.storage.json_storage | Сохранено: 80 записей в C:\Users\dalum\OneDrive\Рабочий стол\python_learn\parser\src\parser\storage\data\books.json
2026-09-21 16:00:01 | INFO     | __main__ | Готово
2026-09-21 16:00:54 | INFO     | __main__ | Старт парсера. base_url=https://books.toscrape.com
2026-09-21 16:00:54 | INFO     | parser.scrapers.catalogue | Страница 1: https://books.toscrape.com/catalogue/page-1.html
2026-09-21 16:00:54 | DEBUG    | parser.utils.http_client | GET https://books.toscrape.com/catalogue/page-1.html (timeout=10.0)
2026-09-21 16:00:55 | INFO     | parser.utils.http_client | GET https://books.toscrape.com/catalogue/page-1.html -> 200: OK
2026-09-21 16:00:55 | INFO     | parser.scrapers.catalogue | Получено 50469 символов
2026-09-21 16:00:55 | INFO     | parser.parsers.book_list | Найдено 20 карточек
2026-09-21 16:00:55 | INFO     | parser.parsers.book_list | Разобрано 20 из 20 карточек
2026-09-21 16:00:55 | DEBUG    | parser.parsers.pagination | Следующая страница: https://books.toscrape.com/catalogue/page-2.html
2026-09-21 16:00:55 | INFO     | parser.scrapers.catalogue | Собрано 20 книг с 1 страниц
2026-09-21 16:00:55 | INFO     | parser.scrapers.catalogue | Страница 2: https://books.toscrape.com/catalogue/page-2.html
2026-09-21 16:00:55 | DEBUG    | parser.utils.http_client | GET https://books.toscrape.com/catalogue/page-2.html (timeout=10.0)
2026-09-21 16:00:56 | INFO     | parser.utils.http_client | GET https://books.toscrape.com/catalogue/page-2.html -> 200: OK
2026-09-21 16:00:56 | INFO     | parser.scrapers.catalogue | Получено 50877 символов
2026-09-21 16:00:56 | INFO     | parser.parsers.book_list | Найдено 20 карточек
2026-09-21 16:00:56 | INFO     | parser.parsers.book_list | Разобрано 20 из 20 карточек
2026-09-21 16:00:56 | DEBUG    | parser.parsers.pagination | Следующая страница: https://books.toscrape.com/catalogue/page-3.html
2026-09-21 16:00:56 | INFO     | parser.scrapers.catalogue | Собрано 40 книг с 2 страниц
2026-09-21 16:00:56 | INFO     | parser.scrapers.catalogue | Страница 3: https://books.toscrape.com/catalogue/page-3.html
2026-09-21 16:00:56 | DEBUG    | parser.utils.http_client | GET https://books.toscrape.com/catalogue/page-3.html (timeout=10.0)
2026-09-21 16:00:57 | INFO     | parser.utils.http_client | GET https://books.toscrape.com/catalogue/page-3.html -> 200: OK
2026-09-21 16:00:57 | INFO     | parser.scrapers.catalogue | Получено 51374 символов
2026-09-21 16:00:57 | INFO     | parser.parsers.book_list | Найдено 20 карточек
2026-09-21 16:00:57 | INFO     | parser.parsers.book_list | Разобрано 20 из 20 карточек
2026-09-21 16:00:57 | DEBUG    | parser.parsers.pagination | Следующая страница: https://books.toscrape.com/catalogue/page-4.html
2026-09-21 16:00:57 | INFO     | parser.scrapers.catalogue | Собрано 60 книг с 3 страниц
2026-09-21 16:00:57 | INFO     | parser.scrapers.catalogue | Страница 4: https://books.toscrape.com/catalogue/page-4.html
2026-09-21 16:00:57 | DEBUG    | parser.utils.http_client | GET https://books.toscrape.com/catalogue/page-4.html (timeout=10.0)
2026-09-21 16:00:57 | INFO     | parser.utils.http_client | GET https://books.toscrape.com/catalogue/page-4.html -> 200: OK
2026-09-21 16:00:57 | INFO     | parser.scrapers.catalogue | Получено 52524 символов
2026-09-21 16:00:58 | INFO     | parser.parsers.book_list | Найдено 20 карточек
2026-09-21 16:00:58 | INFO     | parser.parsers.book_list | Разобрано 20 из 20 карточек
2026-09-21 16:00:58 | DEBUG    | __main__ | Номер книги - 0, название - A Light in the Attic, рейтинг - 3, цена - 51.77 GBP
2026-09-21 16:00:58 | DEBUG    | __main__ | Номер книги - 1, название - Tipping the Velvet, рейтинг - 1, цена - 53.74 GBP
2026-09-21 16:00:58 | DEBUG    | __main__ | Номер книги - 2, название - Soumission, рейтинг - 1, цена - 50.10 GBP
2026-09-21 16:00:58 | DEBUG    | __main__ | Номер книги - 3, название - Sharp Objects, рейтинг - 4, цена - 47.82 GBP
2026-09-21 16:00:58 | DEBUG    | __main__ | Номер книги - 4, название - Sapiens: A Brief History of Humankind, рейтинг - 5, цена - 54.23 GBP
2026-09-21 16:00:58 | DEBUG    | __main__ | Номер книги - 5, название - The Requiem Red, рейтинг - 1, цена - 22.65 GBP
2026-09-21 16:00:58 | DEBUG    | __main__ | Номер книги - 6, название - The Dirty Little Secrets of Getting Your Dream Job, рейтинг - 4, цена - 33.34 GBP
2026-09-21 16:00:58 | DEBUG    | __main__ | Номер книги - 7, название - The Coming Woman: A Novel Based on the Life of the Infamous Feminist, Victoria Woodhull, рейтинг - 3, цена - 17.93 GBP
2026-09-21 16:00:58 | DEBUG    | __main__ | Номер книги - 8, название - The Boys in the Boat: Nine Americans and Their Epic Quest for Gold at the 1936 Berlin Olympics, рейтинг - 4, цена - 22.60 GBP
2026-09-21 16:00:58 | DEBUG    | __main__ | Номер книги - 9, название - The Black Maria, рейтинг - 1, цена - 52.15 GBP
2026-09-21 16:00:58 | DEBUG    | __main__ | Номер книги - 10, название - Starving Hearts (Triangular Trade Trilogy, #1), рейтинг - 2, цена - 13.99 GBP
2026-09-21 16:00:58 | DEBUG    | __main__ | Номер книги - 11, название - Shakespeare's Sonnets, рейтинг - 4, цена - 20.66 GBP
2026-09-21 16:00:58 | DEBUG    | __main__ | Номер книги - 12, название - Set Me Free, рейтинг - 5, цена - 17.46 GBP
2026-09-21 16:00:58 | DEBUG    | __main__ | Номер книги - 13, название - Scott Pilgrim's Precious Little Life (Scott Pilgrim #1), рейтинг - 5, цена - 52.29 GBP
2026-09-21 16:00:58 | DEBUG    | __main__ | Номер книги - 14, название - Rip it Up and Start Again, рейтинг - 5, цена - 35.02 GBP
2026-09-21 16:00:58 | DEBUG    | __main__ | Номер книги - 15, название - Our Band Could Be Your Life: Scenes from the American Indie Underground, 1981-1991, рейтинг - 3, цена - 57.25 GBP
2026-09-21 16:00:58 | DEBUG    | __main__ | Номер книги - 16, название - Olio, рейтинг - 1, цена - 23.88 GBP
2026-09-21 16:00:58 | DEBUG    | __main__ | Номер книги - 17, название - Mesaerion: The Best Science Fiction Stories 1800-1849, рейтинг - 1, цена - 37.59 GBP
2026-09-21 16:00:58 | DEBUG    | __main__ | Номер книги - 18, название - Libertarianism for Beginners, рейтинг - 2, цена - 51.33 GBP
2026-09-21 16:00:58 | DEBUG    | __main__ | Номер книги - 19, название - It's Only the Himalayas, рейтинг - 2, цена - 45.17 GBP
2026-09-21 16:00:58 | DEBUG    | __main__ | Номер книги - 20, название - In Her Wake, рейтинг - 1, цена - 12.84 GBP
2026-09-21 16:00:58 | DEBUG    | __main__ | Номер книги - 21, название - How Music Works, рейтинг - 2, цена - 37.32 GBP
2026-09-21 16:00:58 | DEBUG    | __main__ | Номер книги - 22, название - Foolproof Preserving: A Guide to Small Batch Jams, Jellies, Pickles, Condiments, and More: A Foolproof Guide to Making Small Batch Jams, Jellies, Pickles, Condiments, and More, рейтинг - 3, цена - 30.52 GBP
2026-09-21 16:00:58 | DEBUG    | __main__ | Номер книги - 23, название - Chase Me (Paris Nights #2), рейтинг - 5, цена - 25.27 GBP
2026-09-21 16:00:58 | DEBUG    | __main__ | Номер книги - 24, название - Black Dust, рейтинг - 5, цена - 34.53 GBP
2026-09-21 16:00:58 | DEBUG    | __main__ | Номер книги - 25, название - Birdsong: A Story in Pictures, рейтинг - 3, цена - 54.64 GBP
2026-09-21 16:00:58 | DEBUG    | __main__ | Номер книги - 26, название - America's Cradle of Quarterbacks: Western Pennsylvania's Football Factory from Johnny Unitas to Joe Montana, рейтинг - 3, цена - 22.50 GBP
2026-09-21 16:00:58 | DEBUG    | __main__ | Номер книги - 27, название - Aladdin and His Wonderful Lamp, рейтинг - 3, цена - 53.13 GBP
2026-09-21 16:00:58 | DEBUG    | __main__ | Номер книги - 28, название - Worlds Elsewhere: Journeys Around Shakespeare’s Globe, рейтинг - 5, цена - 40.30 GBP
2026-09-21 16:00:58 | DEBUG    | __main__ | Номер книги - 29, название - Wall and Piece, рейтинг - 4, цена - 44.18 GBP
2026-09-21 16:00:58 | DEBUG    | __main__ | Номер книги - 30, название - The Four Agreements: A Practical Guide to Personal Freedom, рейтинг - 5, цена - 17.66 GBP
2026-09-21 16:00:58 | DEBUG    | __main__ | Номер книги - 31, название - The Five Love Languages: How to Express Heartfelt Commitment to Your Mate, рейтинг - 3, цена - 31.05 GBP
2026-09-21 16:00:58 | DEBUG    | __main__ | Номер книги - 32, название - The Elephant Tree, рейтинг - 5, цена - 23.82 GBP
2026-09-21 16:00:58 | DEBUG    | __main__ | Номер книги - 33, название - The Bear and the Piano, рейтинг - 1, цена - 36.89 GBP
2026-09-21 16:00:58 | DEBUG    | __main__ | Номер книги - 34, название - Sophie's World, рейтинг - 5, цена - 15.94 GBP
2026-09-21 16:00:58 | DEBUG    | __main__ | Номер книги - 35, название - Penny Maybe, рейтинг - 3, цена - 33.29 GBP
2026-09-21 16:00:58 | DEBUG    | __main__ | Номер книги - 36, название - Maude (1883-1993):She Grew Up with the country, рейтинг - 2, цена - 18.02 GBP
2026-09-21 16:00:58 | DEBUG    | __main__ | Номер книги - 37, название - In a Dark, Dark Wood, рейтинг - 1, цена - 19.63 GBP
2026-09-21 16:00:58 | DEBUG    | __main__ | Номер книги - 38, название - Behind Closed Doors, рейтинг - 4, цена - 52.22 GBP
2026-09-21 16:00:58 | DEBUG    | __main__ | Номер книги - 39, название - You can't bury them all: Poems, рейтинг - 2, цена - 33.63 GBP
2026-09-21 16:00:58 | DEBUG    | __main__ | Номер книги - 40, название - Slow States of Collapse: Poems, рейтинг - 3, цена - 57.31 GBP
2026-09-21 16:00:58 | DEBUG    | __main__ | Номер книги - 41, название - Reasons to Stay Alive, рейтинг - 2, цена - 26.41 GBP
2026-09-21 16:00:58 | DEBUG    | __main__ | Номер книги - 42, название - Private Paris (Private #10), рейтинг - 5, цена - 47.61 GBP
2026-09-21 16:00:58 | DEBUG    | __main__ | Номер книги - 43, название - #HigherSelfie: Wake Up Your Life. Free Your Soul. Find Your Tribe., рейтинг - 5, цена - 23.11 GBP
2026-09-21 16:00:58 | DEBUG    | __main__ | Номер книги - 44, название - Without Borders (Wanderlove #1), рейтинг - 2, цена - 45.07 GBP
2026-09-21 16:00:58 | DEBUG    | __main__ | Номер книги - 45, название - When We Collided, рейтинг - 1, цена - 31.77 GBP
2026-09-21 16:00:58 | DEBUG    | __main__ | Номер книги - 46, название - We Love You, Charlie Freeman, рейтинг - 5, цена - 50.27 GBP
2026-09-21 16:00:58 | DEBUG    | __main__ | Номер книги - 47, название - Untitled Collection: Sabbath Poems 2014, рейтинг - 4, цена - 14.27 GBP
2026-09-21 16:00:58 | DEBUG    | __main__ | Номер книги - 48, название - Unseen City: The Majesty of Pigeons, the Discreet Charm of Snails & Other Wonders of the Urban Wilderness, рейтинг - 4, цена - 44.18 GBP
2026-09-21 16:00:58 | DEBUG    | __main__ | Номер книги - 49, название - Unicorn Tracks, рейтинг - 3, цена - 18.78 GBP
2026-09-21 16:00:58 | DEBUG    | __main__ | Номер книги - 50, название - Unbound: How Eight Technologies Made Us Human, Transformed Society, and Brought Our World to the Brink, рейтинг - 1, цена - 25.52 GBP
2026-09-21 16:00:58 | DEBUG    | __main__ | Номер книги - 51, название - Tsubasa: WoRLD CHRoNiCLE 2 (Tsubasa WoRLD CHRoNiCLE #2), рейтинг - 1, цена - 16.28 GBP
2026-09-21 16:00:58 | DEBUG    | __main__ | Номер книги - 52, название - Throwing Rocks at the Google Bus: How Growth Became the Enemy of Prosperity, рейтинг - 3, цена - 31.12 GBP
2026-09-21 16:00:58 | DEBUG    | __main__ | Номер книги - 53, название - This One Summer, рейтинг - 4, цена - 19.49 GBP
2026-09-21 16:00:58 | DEBUG    | __main__ | Номер книги - 54, название - Thirst, рейтинг - 5, цена - 17.27 GBP
2026-09-21 16:00:58 | DEBUG    | __main__ | Номер книги - 55, название - The Torch Is Passed: A Harding Family Story, рейтинг - 1, цена - 19.09 GBP
2026-09-21 16:00:58 | DEBUG    | __main__ | Номер книги - 56, название - The Secret of Dreadwillow Carse, рейтинг - 1, цена - 56.13 GBP
2026-09-21 16:00:58 | DEBUG    | __main__ | Номер книги - 57, название - The Pioneer Woman Cooks: Dinnertime: Comfort Classics, Freezer Food, 16-Minute Meals, and Other Delicious Ways to Solve Supper!, рейтинг - 1, цена - 56.41 GBP
2026-09-21 16:00:58 | DEBUG    | __main__ | Номер книги - 58, название - The Past Never Ends, рейтинг - 4, цена - 56.50 GBP
2026-09-21 16:00:58 | DEBUG    | __main__ | Номер книги - 59, название - The Natural History of Us (The Fine Art of Pretending #2), рейтинг - 3, цена - 45.22 GBP
2026-09-21 16:00:58 | DEBUG    | __main__ | Номер книги - 60, название - The Nameless City (The Nameless City #1), рейтинг - 4, цена - 38.16 GBP
2026-09-21 16:00:58 | DEBUG    | __main__ | Номер книги - 61, название - The Murder That Never Was (Forensic Instincts #5), рейтинг - 3, цена - 54.11 GBP
2026-09-21 16:00:58 | DEBUG    | __main__ | Номер книги - 62, название - The Most Perfect Thing: Inside (and Outside) a Bird's Egg, рейтинг - 4, цена - 42.96 GBP
2026-09-21 16:00:58 | DEBUG    | __main__ | Номер книги - 63, название - The Mindfulness and Acceptance Workbook for Anxiety: A Guide to Breaking Free from Anxiety, Phobias, and Worry Using Acceptance and Commitment Therapy, рейтинг - 4, цена - 23.89 GBP
2026-09-21 16:00:58 | DEBUG    | __main__ | Номер книги - 64, название - The Life-Changing Magic of Tidying Up: The Japanese Art of Decluttering and Organizing, рейтинг - 3, цена - 16.77 GBP
2026-09-21 16:00:58 | DEBUG    | __main__ | Номер книги - 65, название - The Inefficiency Assassin: Time Management Tactics for Working Smarter, Not Longer, рейтинг - 5, цена - 20.59 GBP
2026-09-21 16:00:58 | DEBUG    | __main__ | Номер книги - 66, название - The Gutsy Girl: Escapades for Your Life of Epic Adventure, рейтинг - 1, цена - 37.13 GBP
2026-09-21 16:00:58 | DEBUG    | __main__ | Номер книги - 67, название - The Electric Pencil: Drawings from Inside State Hospital No. 3, рейтинг - 1, цена - 56.06 GBP
2026-09-21 16:00:58 | DEBUG    | __main__ | Номер книги - 68, название - The Death of Humanity: and the Case for Life, рейтинг - 4, цена - 58.11 GBP
2026-09-21 16:00:58 | DEBUG    | __main__ | Номер книги - 69, название - The Bulletproof Diet: Lose up to a Pound a Day, Reclaim Energy and Focus, Upgrade Your Life, рейтинг - 3, цена - 49.05 GBP
2026-09-21 16:00:58 | DEBUG    | __main__ | Номер книги - 70, название - The Art Forger, рейтинг - 3, цена - 40.76 GBP
2026-09-21 16:00:58 | DEBUG    | __main__ | Номер книги - 71, название - The Age of Genius: The Seventeenth Century and the Birth of the Modern Mind, рейтинг - 1, цена - 19.73 GBP
2026-09-21 16:00:58 | DEBUG    | __main__ | Номер книги - 72, название - The Activist's Tao Te Ching: Ancient Advice for a Modern Revolution, рейтинг - 5, цена - 32.24 GBP
2026-09-21 16:00:58 | DEBUG    | __main__ | Номер книги - 73, название - Spark Joy: An Illustrated Master Class on the Art of Organizing and Tidying Up, рейтинг - 4, цена - 41.83 GBP
2026-09-21 16:00:58 | DEBUG    | __main__ | Номер книги - 74, название - Soul Reader, рейтинг - 2, цена - 39.58 GBP
2026-09-21 16:00:58 | DEBUG    | __main__ | Номер книги - 75, название - Security, рейтинг - 2, цена - 39.25 GBP
2026-09-21 16:00:58 | DEBUG    | __main__ | Номер книги - 76, название - Saga, Volume 6 (Saga (Collected Editions) #6), рейтинг - 3, цена - 25.02 GBP
2026-09-21 16:00:58 | DEBUG    | __main__ | Номер книги - 77, название - Saga, Volume 5 (Saga (Collected Editions) #5), рейтинг - 2, цена - 51.04 GBP
2026-09-21 16:00:58 | DEBUG    | __main__ | Номер книги - 78, название - Reskilling America: Learning to Labor in the Twenty-First Century, рейтинг - 2, цена - 19.83 GBP
2026-09-21 16:00:58 | DEBUG    | __main__ | Номер книги - 79, название - Rat Queens, Vol. 3: Demons (Rat Queens (Collected Editions) #11-15), рейтинг - 3, цена - 50.40 GBP
2026-09-21 16:00:58 | INFO     | parser.storage.csv_storage | Сохранено: 80 записей в C:\Users\dalum\OneDrive\Рабочий стол\python_learn\parser\src\parser\storage\data\books.csv
2026-09-21 16:00:58 | INFO     | parser.storage.json_storage | Сохранено: 80 записей в C:\Users\dalum\OneDrive\Рабочий стол\python_learn\parser\src\parser\storage\data\books.json
2026-09-21 16:00:58 | INFO     | __main__ | Готово
2026-09-21 16:04:19 | INFO     | __main__ | Старт парсера. base_url=https://books.toscrape.com
2026-09-21 16:04:19 | INFO     | parser.scrapers.catalogue | Страница 1: https://books.toscrape.com/catalogue/page-1.html
2026-09-21 16:04:19 | DEBUG    | parser.utils.http_client | GET https://books.toscrape.com/catalogue/page-1.html (timeout=10.0)
2026-09-21 16:04:20 | INFO     | parser.utils.http_client | GET https://books.toscrape.com/catalogue/page-1.html -> 200: OK
2026-09-21 16:04:20 | INFO     | parser.scrapers.catalogue | Получено 50469 символов
2026-09-21 16:04:20 | INFO     | parser.parsers.book_list | Найдено 20 карточек
2026-09-21 16:04:20 | INFO     | parser.parsers.book_list | Разобрано 20 из 20 карточек
2026-09-21 16:04:20 | DEBUG    | parser.parsers.pagination | Следующая страница: https://books.toscrape.com/catalogue/page-2.html
2026-09-21 16:04:20 | INFO     | parser.scrapers.catalogue | Собрано 20 книг с 1 страниц
2026-09-21 16:04:20 | INFO     | parser.scrapers.catalogue | Страница 2: https://books.toscrape.com/catalogue/page-2.html
2026-09-21 16:04:20 | DEBUG    | parser.utils.http_client | GET https://books.toscrape.com/catalogue/page-2.html (timeout=10.0)
2026-09-21 16:04:21 | INFO     | parser.utils.http_client | GET https://books.toscrape.com/catalogue/page-2.html -> 200: OK
2026-09-21 16:04:21 | INFO     | parser.scrapers.catalogue | Получено 50877 символов
2026-09-21 16:04:21 | INFO     | parser.parsers.book_list | Найдено 20 карточек
2026-09-21 16:04:21 | INFO     | parser.parsers.book_list | Разобрано 20 из 20 карточек
2026-09-21 16:04:21 | DEBUG    | parser.parsers.pagination | Следующая страница: https://books.toscrape.com/catalogue/page-3.html
2026-09-21 16:04:21 | INFO     | parser.scrapers.catalogue | Собрано 40 книг с 2 страниц
2026-09-21 16:04:21 | INFO     | parser.scrapers.catalogue | Страница 3: https://books.toscrape.com/catalogue/page-3.html
2026-09-21 16:04:21 | DEBUG    | parser.utils.http_client | GET https://books.toscrape.com/catalogue/page-3.html (timeout=10.0)
2026-09-21 16:04:21 | INFO     | parser.utils.http_client | GET https://books.toscrape.com/catalogue/page-3.html -> 200: OK
2026-09-21 16:04:21 | INFO     | parser.scrapers.catalogue | Получено 51374 символов
2026-09-21 16:04:22 | INFO     | parser.parsers.book_list | Найдено 20 карточек
2026-09-21 16:04:22 | INFO     | parser.parsers.book_list | Разобрано 20 из 20 карточек
2026-09-21 16:04:22 | DEBUG    | parser.parsers.pagination | Следующая страница: https://books.toscrape.com/catalogue/page-4.html
2026-09-21 16:04:22 | INFO     | parser.scrapers.catalogue | Собрано 60 книг с 3 страниц
2026-09-21 16:04:22 | INFO     | parser.scrapers.catalogue | Страница 4: https://books.toscrape.com/catalogue/page-4.html
2026-09-21 16:04:22 | DEBUG    | parser.utils.http_client | GET https://books.toscrape.com/catalogue/page-4.html (timeout=10.0)
2026-09-21 16:04:22 | INFO     | parser.utils.http_client | GET https://books.toscrape.com/catalogue/page-4.html -> 200: OK
2026-09-21 16:04:22 | INFO     | parser.scrapers.catalogue | Получено 52524 символов
2026-09-21 16:04:22 | INFO     | parser.parsers.book_list | Найдено 20 карточек
2026-09-21 16:04:22 | INFO     | parser.parsers.book_list | Разобрано 20 из 20 карточек
2026-09-21 16:04:22 | DEBUG    | __main__ | Номер книги - 0, название - A Light in the Attic, рейтинг - 3, цена - 51.77 GBP
2026-09-21 16:04:22 | DEBUG    | __main__ | Номер книги - 1, название - Tipping the Velvet, рейтинг - 1, цена - 53.74 GBP
2026-09-21 16:04:22 | DEBUG    | __main__ | Номер книги - 2, название - Soumission, рейтинг - 1, цена - 50.10 GBP
2026-09-21 16:04:22 | DEBUG    | __main__ | Номер книги - 3, название - Sharp Objects, рейтинг - 4, цена - 47.82 GBP
2026-09-21 16:04:22 | DEBUG    | __main__ | Номер книги - 4, название - Sapiens: A Brief History of Humankind, рейтинг - 5, цена - 54.23 GBP
2026-09-21 16:04:22 | DEBUG    | __main__ | Номер книги - 5, название - The Requiem Red, рейтинг - 1, цена - 22.65 GBP
2026-09-21 16:04:22 | DEBUG    | __main__ | Номер книги - 6, название - The Dirty Little Secrets of Getting Your Dream Job, рейтинг - 4, цена - 33.34 GBP
2026-09-21 16:04:22 | DEBUG    | __main__ | Номер книги - 7, название - The Coming Woman: A Novel Based on the Life of the Infamous Feminist, Victoria Woodhull, рейтинг - 3, цена - 17.93 GBP
2026-09-21 16:04:22 | DEBUG    | __main__ | Номер книги - 8, название - The Boys in the Boat: Nine Americans and Their Epic Quest for Gold at the 1936 Berlin Olympics, рейтинг - 4, цена - 22.60 GBP
2026-09-21 16:04:22 | DEBUG    | __main__ | Номер книги - 9, название - The Black Maria, рейтинг - 1, цена - 52.15 GBP
2026-09-21 16:04:22 | DEBUG    | __main__ | Номер книги - 10, название - Starving Hearts (Triangular Trade Trilogy, #1), рейтинг - 2, цена - 13.99 GBP
2026-09-21 16:04:22 | DEBUG    | __main__ | Номер книги - 11, название - Shakespeare's Sonnets, рейтинг - 4, цена - 20.66 GBP
2026-09-21 16:04:22 | DEBUG    | __main__ | Номер книги - 12, название - Set Me Free, рейтинг - 5, цена - 17.46 GBP
2026-09-21 16:04:22 | DEBUG    | __main__ | Номер книги - 13, название - Scott Pilgrim's Precious Little Life (Scott Pilgrim #1), рейтинг - 5, цена - 52.29 GBP
2026-09-21 16:04:22 | DEBUG    | __main__ | Номер книги - 14, название - Rip it Up and Start Again, рейтинг - 5, цена - 35.02 GBP
2026-09-21 16:04:22 | DEBUG    | __main__ | Номер книги - 15, название - Our Band Could Be Your Life: Scenes from the American Indie Underground, 1981-1991, рейтинг - 3, цена - 57.25 GBP
2026-09-21 16:04:22 | DEBUG    | __main__ | Номер книги - 16, название - Olio, рейтинг - 1, цена - 23.88 GBP
2026-09-21 16:04:22 | DEBUG    | __main__ | Номер книги - 17, название - Mesaerion: The Best Science Fiction Stories 1800-1849, рейтинг - 1, цена - 37.59 GBP
2026-09-21 16:04:22 | DEBUG    | __main__ | Номер книги - 18, название - Libertarianism for Beginners, рейтинг - 2, цена - 51.33 GBP
2026-09-21 16:04:22 | DEBUG    | __main__ | Номер книги - 19, название - It's Only the Himalayas, рейтинг - 2, цена - 45.17 GBP
2026-09-21 16:04:22 | DEBUG    | __main__ | Номер книги - 20, название - In Her Wake, рейтинг - 1, цена - 12.84 GBP
2026-09-21 16:04:22 | DEBUG    | __main__ | Номер книги - 21, название - How Music Works, рейтинг - 2, цена - 37.32 GBP
2026-09-21 16:04:22 | DEBUG    | __main__ | Номер книги - 22, название - Foolproof Preserving: A Guide to Small Batch Jams, Jellies, Pickles, Condiments, and More: A Foolproof Guide to Making Small Batch Jams, Jellies, Pickles, Condiments, and More, рейтинг - 3, цена - 30.52 GBP
2026-09-21 16:04:22 | DEBUG    | __main__ | Номер книги - 23, название - Chase Me (Paris Nights #2), рейтинг - 5, цена - 25.27 GBP
2026-09-21 16:04:22 | DEBUG    | __main__ | Номер книги - 24, название - Black Dust, рейтинг - 5, цена - 34.53 GBP
2026-09-21 16:04:22 | DEBUG    | __main__ | Номер книги - 25, название - Birdsong: A Story in Pictures, рейтинг - 3, цена - 54.64 GBP
2026-09-21 16:04:22 | DEBUG    | __main__ | Номер книги - 26, название - America's Cradle of Quarterbacks: Western Pennsylvania's Football Factory from Johnny Unitas to Joe Montana, рейтинг - 3, цена - 22.50 GBP
2026-09-21 16:04:22 | DEBUG    | __main__ | Номер книги - 27, название - Aladdin and His Wonderful Lamp, рейтинг - 3, цена - 53.13 GBP
2026-09-21 16:04:22 | DEBUG    | __main__ | Номер книги - 28, название - Worlds Elsewhere: Journeys Around Shakespeare’s Globe, рейтинг - 5, цена - 40.30 GBP
2026-09-21 16:04:22 | DEBUG    | __main__ | Номер книги - 29, название - Wall and Piece, рейтинг - 4, цена - 44.18 GBP
2026-09-21 16:04:22 | DEBUG    | __main__ | Номер книги - 30, название - The Four Agreements: A Practical Guide to Personal Freedom, рейтинг - 5, цена - 17.66 GBP
2026-09-21 16:04:22 | DEBUG    | __main__ | Номер книги - 31, название - The Five Love Languages: How to Express Heartfelt Commitment to Your Mate, рейтинг - 3, цена - 31.05 GBP
2026-09-21 16:04:22 | DEBUG    | __main__ | Номер книги - 32, название - The Elephant Tree, рейтинг - 5, цена - 23.82 GBP
2026-09-21 16:04:22 | DEBUG    | __main__ | Номер книги - 33, название - The Bear and the Piano, рейтинг - 1, цена - 36.89 GBP
2026-09-21 16:04:22 | DEBUG    | __main__ | Номер книги - 34, название - Sophie's World, рейтинг - 5, цена - 15.94 GBP
2026-09-21 16:04:22 | DEBUG    | __main__ | Номер книги - 35, название - Penny Maybe, рейтинг - 3, цена - 33.29 GBP
2026-09-21 16:04:22 | DEBUG    | __main__ | Номер книги - 36, название - Maude (1883-1993):She Grew Up with the country, рейтинг - 2, цена - 18.02 GBP
2026-09-21 16:04:22 | DEBUG    | __main__ | Номер книги - 37, название - In a Dark, Dark Wood, рейтинг - 1, цена - 19.63 GBP
2026-09-21 16:04:22 | DEBUG    | __main__ | Номер книги - 38, название - Behind Closed Doors, рейтинг - 4, цена - 52.22 GBP
2026-09-21 16:04:22 | DEBUG    | __main__ | Номер книги - 39, название - You can't bury them all: Poems, рейтинг - 2, цена - 33.63 GBP
2026-09-21 16:04:22 | DEBUG    | __main__ | Номер книги - 40, название - Slow States of Collapse: Poems, рейтинг - 3, цена - 57.31 GBP
2026-09-21 16:04:22 | DEBUG    | __main__ | Номер книги - 41, название - Reasons to Stay Alive, рейтинг - 2, цена - 26.41 GBP
2026-09-21 16:04:22 | DEBUG    | __main__ | Номер книги - 42, название - Private Paris (Private #10), рейтинг - 5, цена - 47.61 GBP
2026-09-21 16:04:22 | DEBUG    | __main__ | Номер книги - 43, название - #HigherSelfie: Wake Up Your Life. Free Your Soul. Find Your Tribe., рейтинг - 5, цена - 23.11 GBP
2026-09-21 16:04:22 | DEBUG    | __main__ | Номер книги - 44, название - Without Borders (Wanderlove #1), рейтинг - 2, цена - 45.07 GBP
2026-09-21 16:04:22 | DEBUG    | __main__ | Номер книги - 45, название - When We Collided, рейтинг - 1, цена - 31.77 GBP
2026-09-21 16:04:22 | DEBUG    | __main__ | Номер книги - 46, название - We Love You, Charlie Freeman, рейтинг - 5, цена - 50.27 GBP
2026-09-21 16:04:22 | DEBUG    | __main__ | Номер книги - 47, название - Untitled Collection: Sabbath Poems 2014, рейтинг - 4, цена - 14.27 GBP
2026-09-21 16:04:22 | DEBUG    | __main__ | Номер книги - 48, название - Unseen City: The Majesty of Pigeons, the Discreet Charm of Snails & Other Wonders of the Urban Wilderness, рейтинг - 4, цена - 44.18 GBP
2026-09-21 16:04:22 | DEBUG    | __main__ | Номер книги - 49, название - Unicorn Tracks, рейтинг - 3, цена - 18.78 GBP
2026-09-21 16:04:22 | DEBUG    | __main__ | Номер книги - 50, название - Unbound: How Eight Technologies Made Us Human, Transformed Society, and Brought Our World to the Brink, рейтинг - 1, цена - 25.52 GBP
2026-09-21 16:04:22 | DEBUG    | __main__ | Номер книги - 51, название - Tsubasa: WoRLD CHRoNiCLE 2 (Tsubasa WoRLD CHRoNiCLE #2), рейтинг - 1, цена - 16.28 GBP
2026-09-21 16:04:22 | DEBUG    | __main__ | Номер книги - 52, название - Throwing Rocks at the Google Bus: How Growth Became the Enemy of Prosperity, рейтинг - 3, цена - 31.12 GBP
2026-09-21 16:04:22 | DEBUG    | __main__ | Номер книги - 53, название - This One Summer, рейтинг - 4, цена - 19.49 GBP
2026-09-21 16:04:22 | DEBUG    | __main__ | Номер книги - 54, название - Thirst, рейтинг - 5, цена - 17.27 GBP
2026-09-21 16:04:22 | DEBUG    | __main__ | Номер книги - 55, название - The Torch Is Passed: A Harding Family Story, рейтинг - 1, цена - 19.09 GBP
2026-09-21 16:04:22 | DEBUG    | __main__ | Номер книги - 56, название - The Secret of Dreadwillow Carse, рейтинг - 1, цена - 56.13 GBP
2026-09-21 16:04:22 | DEBUG    | __main__ | Номер книги - 57, название - The Pioneer Woman Cooks: Dinnertime: Comfort Classics, Freezer Food, 16-Minute Meals, and Other Delicious Ways to Solve Supper!, рейтинг - 1, цена - 56.41 GBP
2026-09-21 16:04:22 | DEBUG    | __main__ | Номер книги - 58, название - The Past Never Ends, рейтинг - 4, цена - 56.50 GBP
2026-09-21 16:04:22 | DEBUG    | __main__ | Номер книги - 59, название - The Natural History of Us (The Fine Art of Pretending #2), рейтинг - 3, цена - 45.22 GBP
2026-09-21 16:04:22 | DEBUG    | __main__ | Номер книги - 60, название - The Nameless City (The Nameless City #1), рейтинг - 4, цена - 38.16 GBP
2026-09-21 16:04:22 | DEBUG    | __main__ | Номер книги - 61, название - The Murder That Never Was (Forensic Instincts #5), рейтинг - 3, цена - 54.11 GBP
2026-09-21 16:04:22 | DEBUG    | __main__ | Номер книги - 62, название - The Most Perfect Thing: Inside (and Outside) a Bird's Egg, рейтинг - 4, цена - 42.96 GBP
2026-09-21 16:04:22 | DEBUG    | __main__ | Номер книги - 63, название - The Mindfulness and Acceptance Workbook for Anxiety: A Guide to Breaking Free from Anxiety, Phobias, and Worry Using Acceptance and Commitment Therapy, рейтинг - 4, цена - 23.89 GBP
2026-09-21 16:04:22 | DEBUG    | __main__ | Номер книги - 64, название - The Life-Changing Magic of Tidying Up: The Japanese Art of Decluttering and Organizing, рейтинг - 3, цена - 16.77 GBP
2026-09-21 16:04:22 | DEBUG    | __main__ | Номер книги - 65, название - The Inefficiency Assassin: Time Management Tactics for Working Smarter, Not Longer, рейтинг - 5, цена - 20.59 GBP
2026-09-21 16:04:22 | DEBUG    | __main__ | Номер книги - 66, название - The Gutsy Girl: Escapades for Your Life of Epic Adventure, рейтинг - 1, цена - 37.13 GBP
2026-09-21 16:04:22 | DEBUG    | __main__ | Номер книги - 67, название - The Electric Pencil: Drawings from Inside State Hospital No. 3, рейтинг - 1, цена - 56.06 GBP
2026-09-21 16:04:22 | DEBUG    | __main__ | Номер книги - 68, название - The Death of Humanity: and the Case for Life, рейтинг - 4, цена - 58.11 GBP
2026-09-21 16:04:22 | DEBUG    | __main__ | Номер книги - 69, название - The Bulletproof Diet: Lose up to a Pound a Day, Reclaim Energy and Focus, Upgrade Your Life, рейтинг - 3, цена - 49.05 GBP
2026-09-21 16:04:22 | DEBUG    | __main__ | Номер книги - 70, название - The Art Forger, рейтинг - 3, цена - 40.76 GBP
2026-09-21 16:04:22 | DEBUG    | __main__ | Номер книги - 71, название - The Age of Genius: The Seventeenth Century and the Birth of the Modern Mind, рейтинг - 1, цена - 19.73 GBP
2026-09-21 16:04:22 | DEBUG    | __main__ | Номер книги - 72, название - The Activist's Tao Te Ching: Ancient Advice for a Modern Revolution, рейтинг - 5, цена - 32.24 GBP
2026-09-21 16:04:22 | DEBUG    | __main__ | Номер книги - 73, название - Spark Joy: An Illustrated Master Class on the Art of Organizing and Tidying Up, рейтинг - 4, цена - 41.83 GBP
2026-09-21 16:04:22 | DEBUG    | __main__ | Номер книги - 74, название - Soul Reader, рейтинг - 2, цена - 39.58 GBP
2026-09-21 16:04:22 | DEBUG    | __main__ | Номер книги - 75, название - Security, рейтинг - 2, цена - 39.25 GBP
2026-09-21 16:04:22 | DEBUG    | __main__ | Номер книги - 76, название - Saga, Volume 6 (Saga (Collected Editions) #6), рейтинг - 3, цена - 25.02 GBP
2026-09-21 16:04:22 | DEBUG    | __main__ | Номер книги - 77, название - Saga, Volume 5 (Saga (Collected Editions) #5), рейтинг - 2, цена - 51.04 GBP
2026-09-21 16:04:22 | DEBUG    | __main__ | Номер книги - 78, название - Reskilling America: Learning to Labor in the Twenty-First Century, рейтинг - 2, цена - 19.83 GBP
2026-09-21 16:04:22 | DEBUG    | __main__ | Номер книги - 79, название - Rat Queens, Vol. 3: Demons (Rat Queens (Collected Editions) #11-15), рейтинг - 3, цена - 50.40 GBP
2026-09-21 16:04:22 | INFO     | parser.storage.csv_storage | Сохранено: 80 записей в C:\Users\dalum\OneDrive\Рабочий стол\python_learn\parser\src\parser\storage\data\books.csv
2026-09-21 16:04:22 | INFO     | parser.storage.json_storage | Сохранено: 80 записей в C:\Users\dalum\OneDrive\Рабочий стол\python_learn\parser\src\parser\storage\data\books.json
2026-09-21 16:04:22 | INFO     | __main__ | Готово
2026-09-21 16:22:31 | INFO     | __main__ | Старт парсера. base_url=https://books.toscrape.com
2026-09-21 16:22:31 | INFO     | parser.scrapers.catalogue | Страница 1: https://books.toscrape.com/catalogue/page-1.html
2026-09-21 16:22:31 | DEBUG    | parser.utils.http_client | GET https://books.toscrape.com/catalogue/page-1.html (timeout=10.0)
2026-09-21 16:22:32 | INFO     | parser.utils.http_client | GET https://books.toscrape.com/catalogue/page-1.html -> 200: OK
2026-09-21 16:22:32 | INFO     | parser.scrapers.catalogue | Получено 50469 символов
2026-09-21 16:22:32 | INFO     | parser.parsers.book_list | Найдено 20 карточек
2026-09-21 16:22:32 | INFO     | parser.parsers.book_list | Разобрано 20 из 20 карточек
2026-09-21 16:22:32 | DEBUG    | parser.parsers.pagination | Следующая страница: https://books.toscrape.com/catalogue/page-2.html
2026-09-21 16:22:32 | INFO     | parser.scrapers.catalogue | Собрано 20 книг с 1 страниц
2026-09-21 16:22:32 | INFO     | parser.scrapers.catalogue | Страница 2: https://books.toscrape.com/catalogue/page-2.html
2026-09-21 16:22:32 | DEBUG    | parser.utils.http_client | GET https://books.toscrape.com/catalogue/page-2.html (timeout=10.0)
2026-09-21 16:22:33 | INFO     | parser.utils.http_client | GET https://books.toscrape.com/catalogue/page-2.html -> 200: OK
2026-09-21 16:22:33 | INFO     | parser.scrapers.catalogue | Получено 50877 символов
2026-09-21 16:22:33 | INFO     | parser.parsers.book_list | Найдено 20 карточек
2026-09-21 16:22:33 | INFO     | parser.parsers.book_list | Разобрано 20 из 20 карточек
2026-09-21 16:22:33 | DEBUG    | parser.parsers.pagination | Следующая страница: https://books.toscrape.com/catalogue/page-3.html
2026-09-21 16:22:33 | INFO     | parser.scrapers.catalogue | Собрано 40 книг с 2 страниц
2026-09-21 16:22:33 | INFO     | parser.scrapers.catalogue | Страница 3: https://books.toscrape.com/catalogue/page-3.html
2026-09-21 16:22:33 | DEBUG    | parser.utils.http_client | GET https://books.toscrape.com/catalogue/page-3.html (timeout=10.0)
2026-09-21 16:22:34 | INFO     | parser.utils.http_client | GET https://books.toscrape.com/catalogue/page-3.html -> 200: OK
2026-09-21 16:22:34 | INFO     | parser.scrapers.catalogue | Получено 51374 символов
2026-09-21 16:22:34 | INFO     | parser.parsers.book_list | Найдено 20 карточек
2026-09-21 16:22:34 | INFO     | parser.parsers.book_list | Разобрано 20 из 20 карточек
2026-09-21 16:22:34 | DEBUG    | parser.parsers.pagination | Следующая страница: https://books.toscrape.com/catalogue/page-4.html
2026-09-21 16:22:34 | INFO     | parser.scrapers.catalogue | Собрано 60 книг с 3 страниц
2026-09-21 16:22:34 | INFO     | parser.scrapers.catalogue | Страница 4: https://books.toscrape.com/catalogue/page-4.html
2026-09-21 16:22:34 | DEBUG    | parser.utils.http_client | GET https://books.toscrape.com/catalogue/page-4.html (timeout=10.0)
2026-09-21 16:22:35 | INFO     | parser.utils.http_client | GET https://books.toscrape.com/catalogue/page-4.html -> 200: OK
2026-09-21 16:22:35 | INFO     | parser.scrapers.catalogue | Получено 52524 символов
2026-09-21 16:22:35 | INFO     | parser.parsers.book_list | Найдено 20 карточек
2026-09-21 16:22:35 | INFO     | parser.parsers.book_list | Разобрано 20 из 20 карточек
2026-09-21 16:22:35 | DEBUG    | __main__ | Номер книги - 0, название - A Light in the Attic, рейтинг - 3, цена - 51.77 GBP
2026-09-21 16:22:35 | DEBUG    | __main__ | Номер книги - 1, название - Tipping the Velvet, рейтинг - 1, цена - 53.74 GBP
2026-09-21 16:22:35 | DEBUG    | __main__ | Номер книги - 2, название - Soumission, рейтинг - 1, цена - 50.10 GBP
2026-09-21 16:22:35 | DEBUG    | __main__ | Номер книги - 3, название - Sharp Objects, рейтинг - 4, цена - 47.82 GBP
2026-09-21 16:22:35 | DEBUG    | __main__ | Номер книги - 4, название - Sapiens: A Brief History of Humankind, рейтинг - 5, цена - 54.23 GBP
2026-09-21 16:22:35 | DEBUG    | __main__ | Номер книги - 5, название - The Requiem Red, рейтинг - 1, цена - 22.65 GBP
2026-09-21 16:22:35 | DEBUG    | __main__ | Номер книги - 6, название - The Dirty Little Secrets of Getting Your Dream Job, рейтинг - 4, цена - 33.34 GBP
2026-09-21 16:22:35 | DEBUG    | __main__ | Номер книги - 7, название - The Coming Woman: A Novel Based on the Life of the Infamous Feminist, Victoria Woodhull, рейтинг - 3, цена - 17.93 GBP
2026-09-21 16:22:35 | DEBUG    | __main__ | Номер книги - 8, название - The Boys in the Boat: Nine Americans and Their Epic Quest for Gold at the 1936 Berlin Olympics, рейтинг - 4, цена - 22.60 GBP
2026-09-21 16:22:35 | DEBUG    | __main__ | Номер книги - 9, название - The Black Maria, рейтинг - 1, цена - 52.15 GBP
2026-09-21 16:22:35 | DEBUG    | __main__ | Номер книги - 10, название - Starving Hearts (Triangular Trade Trilogy, #1), рейтинг - 2, цена - 13.99 GBP
2026-09-21 16:22:35 | DEBUG    | __main__ | Номер книги - 11, название - Shakespeare's Sonnets, рейтинг - 4, цена - 20.66 GBP
2026-09-21 16:22:35 | DEBUG    | __main__ | Номер книги - 12, название - Set Me Free, рейтинг - 5, цена - 17.46 GBP
2026-09-21 16:22:35 | DEBUG    | __main__ | Номер книги - 13, название - Scott Pilgrim's Precious Little Life (Scott Pilgrim #1), рейтинг - 5, цена - 52.29 GBP
2026-09-21 16:22:35 | DEBUG    | __main__ | Номер книги - 14, название - Rip it Up and Start Again, рейтинг - 5, цена - 35.02 GBP
2026-09-21 16:22:35 | DEBUG    | __main__ | Номер книги - 15, название - Our Band Could Be Your Life: Scenes from the American Indie Underground, 1981-1991, рейтинг - 3, цена - 57.25 GBP
2026-09-21 16:22:35 | DEBUG    | __main__ | Номер книги - 16, название - Olio, рейтинг - 1, цена - 23.88 GBP
2026-09-21 16:22:35 | DEBUG    | __main__ | Номер книги - 17, название - Mesaerion: The Best Science Fiction Stories 1800-1849, рейтинг - 1, цена - 37.59 GBP
2026-09-21 16:22:35 | DEBUG    | __main__ | Номер книги - 18, название - Libertarianism for Beginners, рейтинг - 2, цена - 51.33 GBP
2026-09-21 16:22:35 | DEBUG    | __main__ | Номер книги - 19, название - It's Only the Himalayas, рейтинг - 2, цена - 45.17 GBP
2026-09-21 16:22:35 | DEBUG    | __main__ | Номер книги - 20, название - In Her Wake, рейтинг - 1, цена - 12.84 GBP
2026-09-21 16:22:35 | DEBUG    | __main__ | Номер книги - 21, название - How Music Works, рейтинг - 2, цена - 37.32 GBP
2026-09-21 16:22:35 | DEBUG    | __main__ | Номер книги - 22, название - Foolproof Preserving: A Guide to Small Batch Jams, Jellies, Pickles, Condiments, and More: A Foolproof Guide to Making Small Batch Jams, Jellies, Pickles, Condiments, and More, рейтинг - 3, цена - 30.52 GBP
2026-09-21 16:22:35 | DEBUG    | __main__ | Номер книги - 23, название - Chase Me (Paris Nights #2), рейтинг - 5, цена - 25.27 GBP
2026-09-21 16:22:35 | DEBUG    | __main__ | Номер книги - 24, название - Black Dust, рейтинг - 5, цена - 34.53 GBP
2026-09-21 16:22:35 | DEBUG    | __main__ | Номер книги - 25, название - Birdsong: A Story in Pictures, рейтинг - 3, цена - 54.64 GBP
2026-09-21 16:22:35 | DEBUG    | __main__ | Номер книги - 26, название - America's Cradle of Quarterbacks: Western Pennsylvania's Football Factory from Johnny Unitas to Joe Montana, рейтинг - 3, цена - 22.50 GBP
2026-09-21 16:22:35 | DEBUG    | __main__ | Номер книги - 27, название - Aladdin and His Wonderful Lamp, рейтинг - 3, цена - 53.13 GBP
2026-09-21 16:22:35 | DEBUG    | __main__ | Номер книги - 28, название - Worlds Elsewhere: Journeys Around Shakespeare’s Globe, рейтинг - 5, цена - 40.30 GBP
2026-09-21 16:22:35 | DEBUG    | __main__ | Номер книги - 29, название - Wall and Piece, рейтинг - 4, цена - 44.18 GBP
2026-09-21 16:22:35 | DEBUG    | __main__ | Номер книги - 30, название - The Four Agreements: A Practical Guide to Personal Freedom, рейтинг - 5, цена - 17.66 GBP
2026-09-21 16:22:35 | DEBUG    | __main__ | Номер книги - 31, название - The Five Love Languages: How to Express Heartfelt Commitment to Your Mate, рейтинг - 3, цена - 31.05 GBP
2026-09-21 16:22:35 | DEBUG    | __main__ | Номер книги - 32, название - The Elephant Tree, рейтинг - 5, цена - 23.82 GBP
2026-09-21 16:22:35 | DEBUG    | __main__ | Номер книги - 33, название - The Bear and the Piano, рейтинг - 1, цена - 36.89 GBP
2026-09-21 16:22:35 | DEBUG    | __main__ | Номер книги - 34, название - Sophie's World, рейтинг - 5, цена - 15.94 GBP
2026-09-21 16:22:35 | DEBUG    | __main__ | Номер книги - 35, название - Penny Maybe, рейтинг - 3, цена - 33.29 GBP
2026-09-21 16:22:35 | DEBUG    | __main__ | Номер книги - 36, название - Maude (1883-1993):She Grew Up with the country, рейтинг - 2, цена - 18.02 GBP
2026-09-21 16:22:35 | DEBUG    | __main__ | Номер книги - 37, название - In a Dark, Dark Wood, рейтинг - 1, цена - 19.63 GBP
2026-09-21 16:22:35 | DEBUG    | __main__ | Номер книги - 38, название - Behind Closed Doors, рейтинг - 4, цена - 52.22 GBP
2026-09-21 16:22:35 | DEBUG    | __main__ | Номер книги - 39, название - You can't bury them all: Poems, рейтинг - 2, цена - 33.63 GBP
2026-09-21 16:22:35 | DEBUG    | __main__ | Номер книги - 40, название - Slow States of Collapse: Poems, рейтинг - 3, цена - 57.31 GBP
2026-09-21 16:22:35 | DEBUG    | __main__ | Номер книги - 41, название - Reasons to Stay Alive, рейтинг - 2, цена - 26.41 GBP
2026-09-21 16:22:35 | DEBUG    | __main__ | Номер книги - 42, название - Private Paris (Private #10), рейтинг - 5, цена - 47.61 GBP
2026-09-21 16:22:35 | DEBUG    | __main__ | Номер книги - 43, название - #HigherSelfie: Wake Up Your Life. Free Your Soul. Find Your Tribe., рейтинг - 5, цена - 23.11 GBP
2026-09-21 16:22:35 | DEBUG    | __main__ | Номер книги - 44, название - Without Borders (Wanderlove #1), рейтинг - 2, цена - 45.07 GBP
2026-09-21 16:22:35 | DEBUG    | __main__ | Номер книги - 45, название - When We Collided, рейтинг - 1, цена - 31.77 GBP
2026-09-21 16:22:35 | DEBUG    | __main__ | Номер книги - 46, название - We Love You, Charlie Freeman, рейтинг - 5, цена - 50.27 GBP
2026-09-21 16:22:35 | DEBUG    | __main__ | Номер книги - 47, название - Untitled Collection: Sabbath Poems 2014, рейтинг - 4, цена - 14.27 GBP
2026-09-21 16:22:35 | DEBUG    | __main__ | Номер книги - 48, название - Unseen City: The Majesty of Pigeons, the Discreet Charm of Snails & Other Wonders of the Urban Wilderness, рейтинг - 4, цена - 44.18 GBP
2026-09-21 16:22:35 | DEBUG    | __main__ | Номер книги - 49, название - Unicorn Tracks, рейтинг - 3, цена - 18.78 GBP
2026-09-21 16:22:35 | DEBUG    | __main__ | Номер книги - 50, название - Unbound: How Eight Technologies Made Us Human, Transformed Society, and Brought Our World to the Brink, рейтинг - 1, цена - 25.52 GBP
2026-09-21 16:22:35 | DEBUG    | __main__ | Номер книги - 51, название - Tsubasa: WoRLD CHRoNiCLE 2 (Tsubasa WoRLD CHRoNiCLE #2), рейтинг - 1, цена - 16.28 GBP
2026-09-21 16:22:35 | DEBUG    | __main__ | Номер книги - 52, название - Throwing Rocks at the Google Bus: How Growth Became the Enemy of Prosperity, рейтинг - 3, цена - 31.12 GBP
2026-09-21 16:22:35 | DEBUG    | __main__ | Номер книги - 53, название - This One Summer, рейтинг - 4, цена - 19.49 GBP
2026-09-21 16:22:35 | DEBUG    | __main__ | Номер книги - 54, название - Thirst, рейтинг - 5, цена - 17.27 GBP
2026-09-21 16:22:35 | DEBUG    | __main__ | Номер книги - 55, название - The Torch Is Passed: A Harding Family Story, рейтинг - 1, цена - 19.09 GBP
2026-09-21 16:22:35 | DEBUG    | __main__ | Номер книги - 56, название - The Secret of Dreadwillow Carse, рейтинг - 1, цена - 56.13 GBP
2026-09-21 16:22:35 | DEBUG    | __main__ | Номер книги - 57, название - The Pioneer Woman Cooks: Dinnertime: Comfort Classics, Freezer Food, 16-Minute Meals, and Other Delicious Ways to Solve Supper!, рейтинг - 1, цена - 56.41 GBP
2026-09-21 16:22:35 | DEBUG    | __main__ | Номер книги - 58, название - The Past Never Ends, рейтинг - 4, цена - 56.50 GBP
2026-09-21 16:22:35 | DEBUG    | __main__ | Номер книги - 59, название - The Natural History of Us (The Fine Art of Pretending #2), рейтинг - 3, цена - 45.22 GBP
2026-09-21 16:22:35 | DEBUG    | __main__ | Номер книги - 60, название - The Nameless City (The Nameless City #1), рейтинг - 4, цена - 38.16 GBP
2026-09-21 16:22:35 | DEBUG    | __main__ | Номер книги - 61, название - The Murder That Never Was (Forensic Instincts #5), рейтинг - 3, цена - 54.11 GBP
2026-09-21 16:22:35 | DEBUG    | __main__ | Номер книги - 62, название - The Most Perfect Thing: Inside (and Outside) a Bird's Egg, рейтинг - 4, цена - 42.96 GBP
2026-09-21 16:22:35 | DEBUG    | __main__ | Номер книги - 63, название - The Mindfulness and Acceptance Workbook for Anxiety: A Guide to Breaking Free from Anxiety, Phobias, and Worry Using Acceptance and Commitment Therapy, рейтинг - 4, цена - 23.89 GBP
2026-09-21 16:22:35 | DEBUG    | __main__ | Номер книги - 64, название - The Life-Changing Magic of Tidying Up: The Japanese Art of Decluttering and Organizing, рейтинг - 3, цена - 16.77 GBP
2026-09-21 16:22:35 | DEBUG    | __main__ | Номер книги - 65, название - The Inefficiency Assassin: Time Management Tactics for Working Smarter, Not Longer, рейтинг - 5, цена - 20.59 GBP
2026-09-21 16:22:35 | DEBUG    | __main__ | Номер книги - 66, название - The Gutsy Girl: Escapades for Your Life of Epic Adventure, рейтинг - 1, цена - 37.13 GBP
2026-09-21 16:22:35 | DEBUG    | __main__ | Номер книги - 67, название - The Electric Pencil: Drawings from Inside State Hospital No. 3, рейтинг - 1, цена - 56.06 GBP
2026-09-21 16:22:35 | DEBUG    | __main__ | Номер книги - 68, название - The Death of Humanity: and the Case for Life, рейтинг - 4, цена - 58.11 GBP
2026-09-21 16:22:35 | DEBUG    | __main__ | Номер книги - 69, название - The Bulletproof Diet: Lose up to a Pound a Day, Reclaim Energy and Focus, Upgrade Your Life, рейтинг - 3, цена - 49.05 GBP
2026-09-21 16:22:35 | DEBUG    | __main__ | Номер книги - 70, название - The Art Forger, рейтинг - 3, цена - 40.76 GBP
2026-09-21 16:22:35 | DEBUG    | __main__ | Номер книги - 71, название - The Age of Genius: The Seventeenth Century and the Birth of the Modern Mind, рейтинг - 1, цена - 19.73 GBP
2026-09-21 16:22:35 | DEBUG    | __main__ | Номер книги - 72, название - The Activist's Tao Te Ching: Ancient Advice for a Modern Revolution, рейтинг - 5, цена - 32.24 GBP
2026-09-21 16:22:35 | DEBUG    | __main__ | Номер книги - 73, название - Spark Joy: An Illustrated Master Class on the Art of Organizing and Tidying Up, рейтинг - 4, цена - 41.83 GBP
2026-09-21 16:22:35 | DEBUG    | __main__ | Номер книги - 74, название - Soul Reader, рейтинг - 2, цена - 39.58 GBP
2026-09-21 16:22:35 | DEBUG    | __main__ | Номер книги - 75, название - Security, рейтинг - 2, цена - 39.25 GBP
2026-09-21 16:22:35 | DEBUG    | __main__ | Номер книги - 76, название - Saga, Volume 6 (Saga (Collected Editions) #6), рейтинг - 3, цена - 25.02 GBP
2026-09-21 16:22:35 | DEBUG    | __main__ | Номер книги - 77, название - Saga, Volume 5 (Saga (Collected Editions) #5), рейтинг - 2, цена - 51.04 GBP
2026-09-21 16:22:35 | DEBUG    | __main__ | Номер книги - 78, название - Reskilling America: Learning to Labor in the Twenty-First Century, рейтинг - 2, цена - 19.83 GBP
2026-09-21 16:22:35 | DEBUG    | __main__ | Номер книги - 79, название - Rat Queens, Vol. 3: Demons (Rat Queens (Collected Editions) #11-15), рейтинг - 3, цена - 50.40 GBP
2026-09-21 16:22:35 | INFO     | parser.storage.csv_storage | Сохранено: 80 записей в C:\Users\dalum\OneDrive\Рабочий стол\python_learn\parser\src\parser\storage\data\books.csv
2026-09-21 16:22:35 | INFO     | parser.storage.json_storage | Сохранено: 80 записей в C:\Users\dalum\OneDrive\Рабочий стол\python_learn\parser\src\parser\storage\data\books.json
2026-09-21 16:22:35 | INFO     | __main__ | Готово
2026-09-22 00:12:40 | INFO     | __main__ | Старт парсера. base_url=https://books.toscrape.com
2026-09-22 00:12:40 | INFO     | parser.scrapers.catalogue | Страница 1: https://books.toscrape.com/catalogue/page-1.html
2026-09-22 00:12:40 | DEBUG    | parser.utils.http_client | GET https://books.toscrape.com/catalogue/page-1.html (timeout=10.0)
2026-09-22 00:12:41 | INFO     | parser.utils.http_client | GET https://books.toscrape.com/catalogue/page-1.html -> 200: OK
2026-09-22 00:12:41 | INFO     | parser.scrapers.catalogue | Получено 50469 символов
2026-09-22 00:12:41 | INFO     | parser.parsers.book_list | Найдено 20 карточек
2026-09-22 00:12:41 | INFO     | parser.parsers.book_list | Разобрано 20 из 20 карточек
2026-09-22 00:12:41 | DEBUG    | parser.utils.http_client | GET https://books.toscrape.com/catalogue/a-light-in-the-attic_1000/index.html (timeout=10.0)
2026-09-22 00:12:41 | INFO     | parser.utils.http_client | GET https://books.toscrape.com/catalogue/a-light-in-the-attic_1000/index.html -> 200: OK
2026-09-22 00:12:41 | ERROR    | parser.scrapers.catalogue | Не удалось получить детали книги
Traceback (most recent call last):
  File "C:\Users\dalum\OneDrive\Рабочий стол\python_learn\parser\src\parser\scrapers\catalogue.py", line 45, in scrape_catalogue
    detail_item = parse_book_detail(detail_response, base_item.url)
  File "C:\Users\dalum\OneDrive\Рабочий стол\python_learn\parser\src\parser\parsers\book_details.py", line 17, in parse_book_detail
    soup = BeautifulSoup(html, "html.parser")
  File "C:\Users\dalum\OneDrive\Рабочий стол\python_learn\parser\.venv\Lib\site-packages\bs4\__init__.py", line 445, in __init__
    raise TypeError(
        f"Incoming markup is of an invalid type: {markup!r}. Markup must be a string, a bytestring, or an open filehandle."
    )
TypeError: Incoming markup is of an invalid type: <Response [200]>. Markup must be a string, a bytestring, or an open filehandle.
2026-09-22 00:12:41 | DEBUG    | parser.utils.http_client | GET https://books.toscrape.com/catalogue/tipping-the-velvet_999/index.html (timeout=10.0)
2026-09-22 00:12:42 | INFO     | parser.utils.http_client | GET https://books.toscrape.com/catalogue/tipping-the-velvet_999/index.html -> 200: OK
2026-09-22 00:12:42 | ERROR    | parser.scrapers.catalogue | Не удалось получить детали книги
Traceback (most recent call last):
  File "C:\Users\dalum\OneDrive\Рабочий стол\python_learn\parser\src\parser\scrapers\catalogue.py", line 45, in scrape_catalogue
    detail_item = parse_book_detail(detail_response, base_item.url)
  File "C:\Users\dalum\OneDrive\Рабочий стол\python_learn\parser\src\parser\parsers\book_details.py", line 17, in parse_book_detail
    soup = BeautifulSoup(html, "html.parser")
  File "C:\Users\dalum\OneDrive\Рабочий стол\python_learn\parser\.venv\Lib\site-packages\bs4\__init__.py", line 445, in __init__
    raise TypeError(
        f"Incoming markup is of an invalid type: {markup!r}. Markup must be a string, a bytestring, or an open filehandle."
    )
TypeError: Incoming markup is of an invalid type: <Response [200]>. Markup must be a string, a bytestring, or an open filehandle.
2026-09-22 00:12:43 | DEBUG    | parser.utils.http_client | GET https://books.toscrape.com/catalogue/soumission_998/index.html (timeout=10.0)
2026-09-22 00:12:43 | INFO     | parser.utils.http_client | GET https://books.toscrape.com/catalogue/soumission_998/index.html -> 200: OK
2026-09-22 00:12:43 | ERROR    | parser.scrapers.catalogue | Не удалось получить детали книги
Traceback (most recent call last):
  File "C:\Users\dalum\OneDrive\Рабочий стол\python_learn\parser\src\parser\scrapers\catalogue.py", line 45, in scrape_catalogue
    detail_item = parse_book_detail(detail_response, base_item.url)
  File "C:\Users\dalum\OneDrive\Рабочий стол\python_learn\parser\src\parser\parsers\book_details.py", line 17, in parse_book_detail
    soup = BeautifulSoup(html, "html.parser")
  File "C:\Users\dalum\OneDrive\Рабочий стол\python_learn\parser\.venv\Lib\site-packages\bs4\__init__.py", line 445, in __init__
    raise TypeError(
        f"Incoming markup is of an invalid type: {markup!r}. Markup must be a string, a bytestring, or an open filehandle."
    )
TypeError: Incoming markup is of an invalid type: <Response [200]>. Markup must be a string, a bytestring, or an open filehandle.
2026-09-22 00:12:44 | DEBUG    | parser.utils.http_client | GET https://books.toscrape.com/catalogue/sharp-objects_997/index.html (timeout=10.0)
2026-09-22 00:12:45 | INFO     | parser.utils.http_client | GET https://books.toscrape.com/catalogue/sharp-objects_997/index.html -> 200: OK
2026-09-22 00:12:45 | ERROR    | parser.scrapers.catalogue | Не удалось получить детали книги
Traceback (most recent call last):
  File "C:\Users\dalum\OneDrive\Рабочий стол\python_learn\parser\src\parser\scrapers\catalogue.py", line 45, in scrape_catalogue
    detail_item = parse_book_detail(detail_response, base_item.url)
  File "C:\Users\dalum\OneDrive\Рабочий стол\python_learn\parser\src\parser\parsers\book_details.py", line 17, in parse_book_detail
    soup = BeautifulSoup(html, "html.parser")
  File "C:\Users\dalum\OneDrive\Рабочий стол\python_learn\parser\.venv\Lib\site-packages\bs4\__init__.py", line 445, in __init__
    raise TypeError(
        f"Incoming markup is of an invalid type: {markup!r}. Markup must be a string, a bytestring, or an open filehandle."
    )
TypeError: Incoming markup is of an invalid type: <Response [200]>. Markup must be a string, a bytestring, or an open filehandle.
2026-09-22 00:12:45 | DEBUG    | parser.utils.http_client | GET https://books.toscrape.com/catalogue/sapiens-a-brief-history-of-humankind_996/index.html (timeout=10.0)
2026-09-22 00:12:46 | INFO     | parser.utils.http_client | GET https://books.toscrape.com/catalogue/sapiens-a-brief-history-of-humankind_996/index.html -> 200: OK
2026-09-22 00:12:46 | ERROR    | parser.scrapers.catalogue | Не удалось получить детали книги
Traceback (most recent call last):
  File "C:\Users\dalum\OneDrive\Рабочий стол\python_learn\parser\src\parser\scrapers\catalogue.py", line 45, in scrape_catalogue
    detail_item = parse_book_detail(detail_response, base_item.url)
  File "C:\Users\dalum\OneDrive\Рабочий стол\python_learn\parser\src\parser\parsers\book_details.py", line 17, in parse_book_detail
    soup = BeautifulSoup(html, "html.parser")
  File "C:\Users\dalum\OneDrive\Рабочий стол\python_learn\parser\.venv\Lib\site-packages\bs4\__init__.py", line 445, in __init__
    raise TypeError(
        f"Incoming markup is of an invalid type: {markup!r}. Markup must be a string, a bytestring, or an open filehandle."
    )
TypeError: Incoming markup is of an invalid type: <Response [200]>. Markup must be a string, a bytestring, or an open filehandle.
2026-09-22 00:12:46 | DEBUG    | parser.utils.http_client | GET https://books.toscrape.com/catalogue/the-requiem-red_995/index.html (timeout=10.0)
2026-09-22 00:12:47 | INFO     | parser.utils.http_client | GET https://books.toscrape.com/catalogue/the-requiem-red_995/index.html -> 200: OK
2026-09-22 00:12:47 | ERROR    | parser.scrapers.catalogue | Не удалось получить детали книги
Traceback (most recent call last):
  File "C:\Users\dalum\OneDrive\Рабочий стол\python_learn\parser\src\parser\scrapers\catalogue.py", line 45, in scrape_catalogue
    detail_item = parse_book_detail(detail_response, base_item.url)
  File "C:\Users\dalum\OneDrive\Рабочий стол\python_learn\parser\src\parser\parsers\book_details.py", line 17, in parse_book_detail
    soup = BeautifulSoup(html, "html.parser")
  File "C:\Users\dalum\OneDrive\Рабочий стол\python_learn\parser\.venv\Lib\site-packages\bs4\__init__.py", line 445, in __init__
    raise TypeError(
        f"Incoming markup is of an invalid type: {markup!r}. Markup must be a string, a bytestring, or an open filehandle."
    )
TypeError: Incoming markup is of an invalid type: <Response [200]>. Markup must be a string, a bytestring, or an open filehandle.
2026-09-22 00:12:48 | DEBUG    | parser.utils.http_client | GET https://books.toscrape.com/catalogue/the-dirty-little-secrets-of-getting-your-dream-job_994/index.html (timeout=10.0)
2026-09-22 00:12:48 | INFO     | parser.utils.http_client | GET https://books.toscrape.com/catalogue/the-dirty-little-secrets-of-getting-your-dream-job_994/index.html -> 200: OK
2026-09-22 00:12:48 | ERROR    | parser.scrapers.catalogue | Не удалось получить детали книги
Traceback (most recent call last):
  File "C:\Users\dalum\OneDrive\Рабочий стол\python_learn\parser\src\parser\scrapers\catalogue.py", line 45, in scrape_catalogue
    detail_item = parse_book_detail(detail_response, base_item.url)
  File "C:\Users\dalum\OneDrive\Рабочий стол\python_learn\parser\src\parser\parsers\book_details.py", line 17, in parse_book_detail
    soup = BeautifulSoup(html, "html.parser")
  File "C:\Users\dalum\OneDrive\Рабочий стол\python_learn\parser\.venv\Lib\site-packages\bs4\__init__.py", line 445, in __init__
    raise TypeError(
        f"Incoming markup is of an invalid type: {markup!r}. Markup must be a string, a bytestring, or an open filehandle."
    )
TypeError: Incoming markup is of an invalid type: <Response [200]>. Markup must be a string, a bytestring, or an open filehandle.
2026-09-22 00:12:49 | DEBUG    | parser.utils.http_client | GET https://books.toscrape.com/catalogue/the-coming-woman-a-novel-based-on-the-life-of-the-infamous-feminist-victoria-woodhull_993/index.html (timeout=10.0)
2026-09-22 00:12:49 | INFO     | parser.utils.http_client | GET https://books.toscrape.com/catalogue/the-coming-woman-a-novel-based-on-the-life-of-the-infamous-feminist-victoria-woodhull_993/index.html -> 200: OK
2026-09-22 00:12:49 | ERROR    | parser.scrapers.catalogue | Не удалось получить детали книги
Traceback (most recent call last):
  File "C:\Users\dalum\OneDrive\Рабочий стол\python_learn\parser\src\parser\scrapers\catalogue.py", line 45, in scrape_catalogue
    detail_item = parse_book_detail(detail_response, base_item.url)
  File "C:\Users\dalum\OneDrive\Рабочий стол\python_learn\parser\src\parser\parsers\book_details.py", line 17, in parse_book_detail
    soup = BeautifulSoup(html, "html.parser")
  File "C:\Users\dalum\OneDrive\Рабочий стол\python_learn\parser\.venv\Lib\site-packages\bs4\__init__.py", line 445, in __init__
    raise TypeError(
        f"Incoming markup is of an invalid type: {markup!r}. Markup must be a string, a bytestring, or an open filehandle."
    )
TypeError: Incoming markup is of an invalid type: <Response [200]>. Markup must be a string, a bytestring, or an open filehandle.
2026-09-22 00:12:50 | DEBUG    | parser.utils.http_client | GET https://books.toscrape.com/catalogue/the-boys-in-the-boat-nine-americans-and-their-epic-quest-for-gold-at-the-1936-berlin-olympics_992/index.html (timeout=10.0)
2026-09-22 00:12:51 | INFO     | parser.utils.http_client | GET https://books.toscrape.com/catalogue/the-boys-in-the-boat-nine-americans-and-their-epic-quest-for-gold-at-the-1936-berlin-olympics_992/index.html -> 200: OK
2026-09-22 00:12:51 | ERROR    | parser.scrapers.catalogue | Не удалось получить детали книги
Traceback (most recent call last):
  File "C:\Users\dalum\OneDrive\Рабочий стол\python_learn\parser\src\parser\scrapers\catalogue.py", line 45, in scrape_catalogue
    detail_item = parse_book_detail(detail_response, base_item.url)
  File "C:\Users\dalum\OneDrive\Рабочий стол\python_learn\parser\src\parser\parsers\book_details.py", line 17, in parse_book_detail
    soup = BeautifulSoup(html, "html.parser")
  File "C:\Users\dalum\OneDrive\Рабочий стол\python_learn\parser\.venv\Lib\site-packages\bs4\__init__.py", line 445, in __init__
    raise TypeError(
        f"Incoming markup is of an invalid type: {markup!r}. Markup must be a string, a bytestring, or an open filehandle."
    )
TypeError: Incoming markup is of an invalid type: <Response [200]>. Markup must be a string, a bytestring, or an open filehandle.
2026-09-22 00:12:51 | DEBUG    | parser.utils.http_client | GET https://books.toscrape.com/catalogue/the-black-maria_991/index.html (timeout=10.0)
2026-09-22 00:12:52 | INFO     | parser.utils.http_client | GET https://books.toscrape.com/catalogue/the-black-maria_991/index.html -> 200: OK
2026-09-22 00:12:52 | ERROR    | parser.scrapers.catalogue | Не удалось получить детали книги
Traceback (most recent call last):
  File "C:\Users\dalum\OneDrive\Рабочий стол\python_learn\parser\src\parser\scrapers\catalogue.py", line 45, in scrape_catalogue
    detail_item = parse_book_detail(detail_response, base_item.url)
  File "C:\Users\dalum\OneDrive\Рабочий стол\python_learn\parser\src\parser\parsers\book_details.py", line 17, in parse_book_detail
    soup = BeautifulSoup(html, "html.parser")
  File "C:\Users\dalum\OneDrive\Рабочий стол\python_learn\parser\.venv\Lib\site-packages\bs4\__init__.py", line 445, in __init__
    raise TypeError(
        f"Incoming markup is of an invalid type: {markup!r}. Markup must be a string, a bytestring, or an open filehandle."
    )
TypeError: Incoming markup is of an invalid type: <Response [200]>. Markup must be a string, a bytestring, or an open filehandle.
2026-09-22 00:12:52 | DEBUG    | parser.utils.http_client | GET https://books.toscrape.com/catalogue/starving-hearts-triangular-trade-trilogy-1_990/index.html (timeout=10.0)
2026-09-22 00:12:53 | INFO     | parser.utils.http_client | GET https://books.toscrape.com/catalogue/starving-hearts-triangular-trade-trilogy-1_990/index.html -> 200: OK
2026-09-22 00:12:53 | ERROR    | parser.scrapers.catalogue | Не удалось получить детали книги
Traceback (most recent call last):
  File "C:\Users\dalum\OneDrive\Рабочий стол\python_learn\parser\src\parser\scrapers\catalogue.py", line 45, in scrape_catalogue
    detail_item = parse_book_detail(detail_response, base_item.url)
  File "C:\Users\dalum\OneDrive\Рабочий стол\python_learn\parser\src\parser\parsers\book_details.py", line 17, in parse_book_detail
    soup = BeautifulSoup(html, "html.parser")
  File "C:\Users\dalum\OneDrive\Рабочий стол\python_learn\parser\.venv\Lib\site-packages\bs4\__init__.py", line 445, in __init__
    raise TypeError(
        f"Incoming markup is of an invalid type: {markup!r}. Markup must be a string, a bytestring, or an open filehandle."
    )
TypeError: Incoming markup is of an invalid type: <Response [200]>. Markup must be a string, a bytestring, or an open filehandle.
2026-09-22 00:12:54 | DEBUG    | parser.utils.http_client | GET https://books.toscrape.com/catalogue/shakespeares-sonnets_989/index.html (timeout=10.0)
2026-09-22 00:12:54 | INFO     | parser.utils.http_client | GET https://books.toscrape.com/catalogue/shakespeares-sonnets_989/index.html -> 200: OK
2026-09-22 00:12:54 | ERROR    | parser.scrapers.catalogue | Не удалось получить детали книги
Traceback (most recent call last):
  File "C:\Users\dalum\OneDrive\Рабочий стол\python_learn\parser\src\parser\scrapers\catalogue.py", line 45, in scrape_catalogue
    detail_item = parse_book_detail(detail_response, base_item.url)
  File "C:\Users\dalum\OneDrive\Рабочий стол\python_learn\parser\src\parser\parsers\book_details.py", line 17, in parse_book_detail
    soup = BeautifulSoup(html, "html.parser")
  File "C:\Users\dalum\OneDrive\Рабочий стол\python_learn\parser\.venv\Lib\site-packages\bs4\__init__.py", line 445, in __init__
    raise TypeError(
        f"Incoming markup is of an invalid type: {markup!r}. Markup must be a string, a bytestring, or an open filehandle."
    )
TypeError: Incoming markup is of an invalid type: <Response [200]>. Markup must be a string, a bytestring, or an open filehandle.
2026-09-22 00:12:55 | DEBUG    | parser.utils.http_client | GET https://books.toscrape.com/catalogue/set-me-free_988/index.html (timeout=10.0)
2026-09-22 00:12:55 | INFO     | parser.utils.http_client | GET https://books.toscrape.com/catalogue/set-me-free_988/index.html -> 200: OK
2026-09-22 00:12:55 | ERROR    | parser.scrapers.catalogue | Не удалось получить детали книги
Traceback (most recent call last):
  File "C:\Users\dalum\OneDrive\Рабочий стол\python_learn\parser\src\parser\scrapers\catalogue.py", line 45, in scrape_catalogue
    detail_item = parse_book_detail(detail_response, base_item.url)
  File "C:\Users\dalum\OneDrive\Рабочий стол\python_learn\parser\src\parser\parsers\book_details.py", line 17, in parse_book_detail
    soup = BeautifulSoup(html, "html.parser")
  File "C:\Users\dalum\OneDrive\Рабочий стол\python_learn\parser\.venv\Lib\site-packages\bs4\__init__.py", line 445, in __init__
    raise TypeError(
        f"Incoming markup is of an invalid type: {markup!r}. Markup must be a string, a bytestring, or an open filehandle."
    )
TypeError: Incoming markup is of an invalid type: <Response [200]>. Markup must be a string, a bytestring, or an open filehandle.
2026-09-22 00:12:56 | DEBUG    | parser.utils.http_client | GET https://books.toscrape.com/catalogue/scott-pilgrims-precious-little-life-scott-pilgrim-1_987/index.html (timeout=10.0)
2026-09-22 00:12:56 | INFO     | parser.utils.http_client | GET https://books.toscrape.com/catalogue/scott-pilgrims-precious-little-life-scott-pilgrim-1_987/index.html -> 200: OK
2026-09-22 00:12:56 | ERROR    | parser.scrapers.catalogue | Не удалось получить детали книги
Traceback (most recent call last):
  File "C:\Users\dalum\OneDrive\Рабочий стол\python_learn\parser\src\parser\scrapers\catalogue.py", line 45, in scrape_catalogue
    detail_item = parse_book_detail(detail_response, base_item.url)
  File "C:\Users\dalum\OneDrive\Рабочий стол\python_learn\parser\src\parser\parsers\book_details.py", line 17, in parse_book_detail
    soup = BeautifulSoup(html, "html.parser")
  File "C:\Users\dalum\OneDrive\Рабочий стол\python_learn\parser\.venv\Lib\site-packages\bs4\__init__.py", line 445, in __init__
    raise TypeError(
        f"Incoming markup is of an invalid type: {markup!r}. Markup must be a string, a bytestring, or an open filehandle."
    )
TypeError: Incoming markup is of an invalid type: <Response [200]>. Markup must be a string, a bytestring, or an open filehandle.
2026-09-22 00:12:57 | DEBUG    | parser.utils.http_client | GET https://books.toscrape.com/catalogue/rip-it-up-and-start-again_986/index.html (timeout=10.0)
2026-09-22 00:12:58 | INFO     | parser.utils.http_client | GET https://books.toscrape.com/catalogue/rip-it-up-and-start-again_986/index.html -> 200: OK
2026-09-22 00:12:58 | ERROR    | parser.scrapers.catalogue | Не удалось получить детали книги
Traceback (most recent call last):
  File "C:\Users\dalum\OneDrive\Рабочий стол\python_learn\parser\src\parser\scrapers\catalogue.py", line 45, in scrape_catalogue
    detail_item = parse_book_detail(detail_response, base_item.url)
  File "C:\Users\dalum\OneDrive\Рабочий стол\python_learn\parser\src\parser\parsers\book_details.py", line 17, in parse_book_detail
    soup = BeautifulSoup(html, "html.parser")
  File "C:\Users\dalum\OneDrive\Рабочий стол\python_learn\parser\.venv\Lib\site-packages\bs4\__init__.py", line 445, in __init__
    raise TypeError(
        f"Incoming markup is of an invalid type: {markup!r}. Markup must be a string, a bytestring, or an open filehandle."
    )
TypeError: Incoming markup is of an invalid type: <Response [200]>. Markup must be a string, a bytestring, or an open filehandle.
2026-09-22 00:12:59 | DEBUG    | parser.utils.http_client | GET https://books.toscrape.com/catalogue/our-band-could-be-your-life-scenes-from-the-american-indie-underground-1981-1991_985/index.html (timeout=10.0)
2026-09-22 00:12:59 | INFO     | parser.utils.http_client | GET https://books.toscrape.com/catalogue/our-band-could-be-your-life-scenes-from-the-american-indie-underground-1981-1991_985/index.html -> 200: OK
2026-09-22 00:12:59 | ERROR    | parser.scrapers.catalogue | Не удалось получить детали книги
Traceback (most recent call last):
  File "C:\Users\dalum\OneDrive\Рабочий стол\python_learn\parser\src\parser\scrapers\catalogue.py", line 45, in scrape_catalogue
    detail_item = parse_book_detail(detail_response, base_item.url)
  File "C:\Users\dalum\OneDrive\Рабочий стол\python_learn\parser\src\parser\parsers\book_details.py", line 17, in parse_book_detail
    soup = BeautifulSoup(html, "html.parser")
  File "C:\Users\dalum\OneDrive\Рабочий стол\python_learn\parser\.venv\Lib\site-packages\bs4\__init__.py", line 445, in __init__
    raise TypeError(
        f"Incoming markup is of an invalid type: {markup!r}. Markup must be a string, a bytestring, or an open filehandle."
    )
TypeError: Incoming markup is of an invalid type: <Response [200]>. Markup must be a string, a bytestring, or an open filehandle.
2026-09-22 00:13:00 | DEBUG    | parser.utils.http_client | GET https://books.toscrape.com/catalogue/olio_984/index.html (timeout=10.0)
2026-09-22 00:13:01 | INFO     | parser.utils.http_client | GET https://books.toscrape.com/catalogue/olio_984/index.html -> 200: OK
2026-09-22 00:13:01 | ERROR    | parser.scrapers.catalogue | Не удалось получить детали книги
Traceback (most recent call last):
  File "C:\Users\dalum\OneDrive\Рабочий стол\python_learn\parser\src\parser\scrapers\catalogue.py", line 45, in scrape_catalogue
    detail_item = parse_book_detail(detail_response, base_item.url)
  File "C:\Users\dalum\OneDrive\Рабочий стол\python_learn\parser\src\parser\parsers\book_details.py", line 17, in parse_book_detail
    soup = BeautifulSoup(html, "html.parser")
  File "C:\Users\dalum\OneDrive\Рабочий стол\python_learn\parser\.venv\Lib\site-packages\bs4\__init__.py", line 445, in __init__
    raise TypeError(
        f"Incoming markup is of an invalid type: {markup!r}. Markup must be a string, a bytestring, or an open filehandle."
    )
TypeError: Incoming markup is of an invalid type: <Response [200]>. Markup must be a string, a bytestring, or an open filehandle.
2026-09-22 00:13:01 | DEBUG    | parser.utils.http_client | GET https://books.toscrape.com/catalogue/mesaerion-the-best-science-fiction-stories-1800-1849_983/index.html (timeout=10.0)
2026-09-22 00:13:02 | INFO     | parser.utils.http_client | GET https://books.toscrape.com/catalogue/mesaerion-the-best-science-fiction-stories-1800-1849_983/index.html -> 200: OK
2026-09-22 00:13:02 | ERROR    | parser.scrapers.catalogue | Не удалось получить детали книги
Traceback (most recent call last):
  File "C:\Users\dalum\OneDrive\Рабочий стол\python_learn\parser\src\parser\scrapers\catalogue.py", line 45, in scrape_catalogue
    detail_item = parse_book_detail(detail_response, base_item.url)
  File "C:\Users\dalum\OneDrive\Рабочий стол\python_learn\parser\src\parser\parsers\book_details.py", line 17, in parse_book_detail
    soup = BeautifulSoup(html, "html.parser")
  File "C:\Users\dalum\OneDrive\Рабочий стол\python_learn\parser\.venv\Lib\site-packages\bs4\__init__.py", line 445, in __init__
    raise TypeError(
        f"Incoming markup is of an invalid type: {markup!r}. Markup must be a string, a bytestring, or an open filehandle."
    )
TypeError: Incoming markup is of an invalid type: <Response [200]>. Markup must be a string, a bytestring, or an open filehandle.
2026-09-22 00:13:03 | DEBUG    | parser.utils.http_client | GET https://books.toscrape.com/catalogue/libertarianism-for-beginners_982/index.html (timeout=10.0)
2026-09-22 00:13:03 | INFO     | parser.utils.http_client | GET https://books.toscrape.com/catalogue/libertarianism-for-beginners_982/index.html -> 200: OK
2026-09-22 00:13:03 | ERROR    | parser.scrapers.catalogue | Не удалось получить детали книги
Traceback (most recent call last):
  File "C:\Users\dalum\OneDrive\Рабочий стол\python_learn\parser\src\parser\scrapers\catalogue.py", line 45, in scrape_catalogue
    detail_item = parse_book_detail(detail_response, base_item.url)
  File "C:\Users\dalum\OneDrive\Рабочий стол\python_learn\parser\src\parser\parsers\book_details.py", line 17, in parse_book_detail
    soup = BeautifulSoup(html, "html.parser")
  File "C:\Users\dalum\OneDrive\Рабочий стол\python_learn\parser\.venv\Lib\site-packages\bs4\__init__.py", line 445, in __init__
    raise TypeError(
        f"Incoming markup is of an invalid type: {markup!r}. Markup must be a string, a bytestring, or an open filehandle."
    )
TypeError: Incoming markup is of an invalid type: <Response [200]>. Markup must be a string, a bytestring, or an open filehandle.
2026-09-22 00:13:04 | DEBUG    | parser.utils.http_client | GET https://books.toscrape.com/catalogue/its-only-the-himalayas_981/index.html (timeout=10.0)
2026-09-22 00:13:05 | INFO     | parser.utils.http_client | GET https://books.toscrape.com/catalogue/its-only-the-himalayas_981/index.html -> 200: OK
2026-09-22 00:13:05 | ERROR    | parser.scrapers.catalogue | Не удалось получить детали книги
Traceback (most recent call last):
  File "C:\Users\dalum\OneDrive\Рабочий стол\python_learn\parser\src\parser\scrapers\catalogue.py", line 45, in scrape_catalogue
    detail_item = parse_book_detail(detail_response, base_item.url)
  File "C:\Users\dalum\OneDrive\Рабочий стол\python_learn\parser\src\parser\parsers\book_details.py", line 17, in parse_book_detail
    soup = BeautifulSoup(html, "html.parser")
  File "C:\Users\dalum\OneDrive\Рабочий стол\python_learn\parser\.venv\Lib\site-packages\bs4\__init__.py", line 445, in __init__
    raise TypeError(
        f"Incoming markup is of an invalid type: {markup!r}. Markup must be a string, a bytestring, or an open filehandle."
    )
TypeError: Incoming markup is of an invalid type: <Response [200]>. Markup must be a string, a bytestring, or an open filehandle.
2026-09-22 00:13:06 | DEBUG    | parser.parsers.pagination | Следующая страница: https://books.toscrape.com/catalogue/page-2.html
2026-09-22 00:13:06 | INFO     | parser.scrapers.catalogue | Собрано 20 книг с 1 страниц
2026-09-22 00:13:06 | INFO     | parser.scrapers.catalogue | Страница 2: https://books.toscrape.com/catalogue/page-2.html
2026-09-22 00:13:06 | DEBUG    | parser.utils.http_client | GET https://books.toscrape.com/catalogue/page-2.html (timeout=10.0)
2026-09-22 00:13:06 | INFO     | parser.utils.http_client | GET https://books.toscrape.com/catalogue/page-2.html -> 200: OK
2026-09-22 00:13:06 | INFO     | parser.scrapers.catalogue | Получено 50877 символов
2026-09-22 00:13:06 | INFO     | parser.parsers.book_list | Найдено 20 карточек
2026-09-22 00:13:06 | INFO     | parser.parsers.book_list | Разобрано 20 из 20 карточек
2026-09-22 00:13:06 | DEBUG    | parser.utils.http_client | GET https://books.toscrape.com/catalogue/in-her-wake_980/index.html (timeout=10.0)
2026-09-22 00:13:07 | INFO     | parser.utils.http_client | GET https://books.toscrape.com/catalogue/in-her-wake_980/index.html -> 200: OK
2026-09-22 00:13:07 | ERROR    | parser.scrapers.catalogue | Не удалось получить детали книги
Traceback (most recent call last):
  File "C:\Users\dalum\OneDrive\Рабочий стол\python_learn\parser\src\parser\scrapers\catalogue.py", line 45, in scrape_catalogue
    detail_item = parse_book_detail(detail_response, base_item.url)
  File "C:\Users\dalum\OneDrive\Рабочий стол\python_learn\parser\src\parser\parsers\book_details.py", line 17, in parse_book_detail
    soup = BeautifulSoup(html, "html.parser")
  File "C:\Users\dalum\OneDrive\Рабочий стол\python_learn\parser\.venv\Lib\site-packages\bs4\__init__.py", line 445, in __init__
    raise TypeError(
        f"Incoming markup is of an invalid type: {markup!r}. Markup must be a string, a bytestring, or an open filehandle."
    )
TypeError: Incoming markup is of an invalid type: <Response [200]>. Markup must be a string, a bytestring, or an open filehandle.
2026-09-22 00:13:08 | DEBUG    | parser.utils.http_client | GET https://books.toscrape.com/catalogue/how-music-works_979/index.html (timeout=10.0)
2026-09-22 00:13:08 | INFO     | parser.utils.http_client | GET https://books.toscrape.com/catalogue/how-music-works_979/index.html -> 200: OK
2026-09-22 00:13:08 | ERROR    | parser.scrapers.catalogue | Не удалось получить детали книги
Traceback (most recent call last):
  File "C:\Users\dalum\OneDrive\Рабочий стол\python_learn\parser\src\parser\scrapers\catalogue.py", line 45, in scrape_catalogue
    detail_item = parse_book_detail(detail_response, base_item.url)
  File "C:\Users\dalum\OneDrive\Рабочий стол\python_learn\parser\src\parser\parsers\book_details.py", line 17, in parse_book_detail
    soup = BeautifulSoup(html, "html.parser")
  File "C:\Users\dalum\OneDrive\Рабочий стол\python_learn\parser\.venv\Lib\site-packages\bs4\__init__.py", line 445, in __init__
    raise TypeError(
        f"Incoming markup is of an invalid type: {markup!r}. Markup must be a string, a bytestring, or an open filehandle."
    )
TypeError: Incoming markup is of an invalid type: <Response [200]>. Markup must be a string, a bytestring, or an open filehandle.
2026-09-22 00:13:09 | DEBUG    | parser.utils.http_client | GET https://books.toscrape.com/catalogue/foolproof-preserving-a-guide-to-small-batch-jams-jellies-pickles-condiments-and-more-a-foolproof-guide-to-making-small-batch-jams-jellies-pickles-condiments-and-more_978/index.html (timeout=10.0)
2026-09-22 00:13:10 | INFO     | parser.utils.http_client | GET https://books.toscrape.com/catalogue/foolproof-preserving-a-guide-to-small-batch-jams-jellies-pickles-condiments-and-more-a-foolproof-guide-to-making-small-batch-jams-jellies-pickles-condiments-and-more_978/index.html -> 200: OK
2026-09-22 00:13:10 | ERROR    | parser.scrapers.catalogue | Не удалось получить детали книги
Traceback (most recent call last):
  File "C:\Users\dalum\OneDrive\Рабочий стол\python_learn\parser\src\parser\scrapers\catalogue.py", line 45, in scrape_catalogue
    detail_item = parse_book_detail(detail_response, base_item.url)
  File "C:\Users\dalum\OneDrive\Рабочий стол\python_learn\parser\src\parser\parsers\book_details.py", line 17, in parse_book_detail
    soup = BeautifulSoup(html, "html.parser")
  File "C:\Users\dalum\OneDrive\Рабочий стол\python_learn\parser\.venv\Lib\site-packages\bs4\__init__.py", line 445, in __init__
    raise TypeError(
        f"Incoming markup is of an invalid type: {markup!r}. Markup must be a string, a bytestring, or an open filehandle."
    )
TypeError: Incoming markup is of an invalid type: <Response [200]>. Markup must be a string, a bytestring, or an open filehandle.
2026-09-22 00:13:10 | DEBUG    | parser.utils.http_client | GET https://books.toscrape.com/catalogue/chase-me-paris-nights-2_977/index.html (timeout=10.0)
2026-09-22 00:13:11 | INFO     | parser.utils.http_client | GET https://books.toscrape.com/catalogue/chase-me-paris-nights-2_977/index.html -> 200: OK
2026-09-22 00:13:11 | ERROR    | parser.scrapers.catalogue | Не удалось получить детали книги
Traceback (most recent call last):
  File "C:\Users\dalum\OneDrive\Рабочий стол\python_learn\parser\src\parser\scrapers\catalogue.py", line 45, in scrape_catalogue
    detail_item = parse_book_detail(detail_response, base_item.url)
  File "C:\Users\dalum\OneDrive\Рабочий стол\python_learn\parser\src\parser\parsers\book_details.py", line 17, in parse_book_detail
    soup = BeautifulSoup(html, "html.parser")
  File "C:\Users\dalum\OneDrive\Рабочий стол\python_learn\parser\.venv\Lib\site-packages\bs4\__init__.py", line 445, in __init__
    raise TypeError(
        f"Incoming markup is of an invalid type: {markup!r}. Markup must be a string, a bytestring, or an open filehandle."
    )
TypeError: Incoming markup is of an invalid type: <Response [200]>. Markup must be a string, a bytestring, or an open filehandle.
2026-09-22 00:13:12 | DEBUG    | parser.utils.http_client | GET https://books.toscrape.com/catalogue/black-dust_976/index.html (timeout=10.0)
2026-09-22 00:13:12 | INFO     | parser.utils.http_client | GET https://books.toscrape.com/catalogue/black-dust_976/index.html -> 200: OK
2026-09-22 00:13:12 | ERROR    | parser.scrapers.catalogue | Не удалось получить детали книги
Traceback (most recent call last):
  File "C:\Users\dalum\OneDrive\Рабочий стол\python_learn\parser\src\parser\scrapers\catalogue.py", line 45, in scrape_catalogue
    detail_item = parse_book_detail(detail_response, base_item.url)
  File "C:\Users\dalum\OneDrive\Рабочий стол\python_learn\parser\src\parser\parsers\book_details.py", line 17, in parse_book_detail
    soup = BeautifulSoup(html, "html.parser")
  File "C:\Users\dalum\OneDrive\Рабочий стол\python_learn\parser\.venv\Lib\site-packages\bs4\__init__.py", line 445, in __init__
    raise TypeError(
        f"Incoming markup is of an invalid type: {markup!r}. Markup must be a string, a bytestring, or an open filehandle."
    )
TypeError: Incoming markup is of an invalid type: <Response [200]>. Markup must be a string, a bytestring, or an open filehandle.
2026-09-22 00:13:13 | DEBUG    | parser.utils.http_client | GET https://books.toscrape.com/catalogue/birdsong-a-story-in-pictures_975/index.html (timeout=10.0)
2026-09-22 00:13:13 | INFO     | parser.utils.http_client | GET https://books.toscrape.com/catalogue/birdsong-a-story-in-pictures_975/index.html -> 200: OK
2026-09-22 00:13:13 | ERROR    | parser.scrapers.catalogue | Не удалось получить детали книги
Traceback (most recent call last):
  File "C:\Users\dalum\OneDrive\Рабочий стол\python_learn\parser\src\parser\scrapers\catalogue.py", line 45, in scrape_catalogue
    detail_item = parse_book_detail(detail_response, base_item.url)
  File "C:\Users\dalum\OneDrive\Рабочий стол\python_learn\parser\src\parser\parsers\book_details.py", line 17, in parse_book_detail
    soup = BeautifulSoup(html, "html.parser")
  File "C:\Users\dalum\OneDrive\Рабочий стол\python_learn\parser\.venv\Lib\site-packages\bs4\__init__.py", line 445, in __init__
    raise TypeError(
        f"Incoming markup is of an invalid type: {markup!r}. Markup must be a string, a bytestring, or an open filehandle."
    )
TypeError: Incoming markup is of an invalid type: <Response [200]>. Markup must be a string, a bytestring, or an open filehandle.
2026-09-22 00:13:14 | DEBUG    | parser.utils.http_client | GET https://books.toscrape.com/catalogue/americas-cradle-of-quarterbacks-western-pennsylvanias-football-factory-from-johnny-unitas-to-joe-montana_974/index.html (timeout=10.0)
2026-09-22 00:13:15 | INFO     | parser.utils.http_client | GET https://books.toscrape.com/catalogue/americas-cradle-of-quarterbacks-western-pennsylvanias-football-factory-from-johnny-unitas-to-joe-montana_974/index.html -> 200: OK
2026-09-22 00:13:15 | ERROR    | parser.scrapers.catalogue | Не удалось получить детали книги
Traceback (most recent call last):
  File "C:\Users\dalum\OneDrive\Рабочий стол\python_learn\parser\src\parser\scrapers\catalogue.py", line 45, in scrape_catalogue
    detail_item = parse_book_detail(detail_response, base_item.url)
  File "C:\Users\dalum\OneDrive\Рабочий стол\python_learn\parser\src\parser\parsers\book_details.py", line 17, in parse_book_detail
    soup = BeautifulSoup(html, "html.parser")
  File "C:\Users\dalum\OneDrive\Рабочий стол\python_learn\parser\.venv\Lib\site-packages\bs4\__init__.py", line 445, in __init__
    raise TypeError(
        f"Incoming markup is of an invalid type: {markup!r}. Markup must be a string, a bytestring, or an open filehandle."
    )
TypeError: Incoming markup is of an invalid type: <Response [200]>. Markup must be a string, a bytestring, or an open filehandle.
2026-09-22 00:13:16 | DEBUG    | parser.utils.http_client | GET https://books.toscrape.com/catalogue/aladdin-and-his-wonderful-lamp_973/index.html (timeout=10.0)
2026-09-22 00:13:16 | INFO     | parser.utils.http_client | GET https://books.toscrape.com/catalogue/aladdin-and-his-wonderful-lamp_973/index.html -> 200: OK
2026-09-22 00:13:16 | ERROR    | parser.scrapers.catalogue | Не удалось получить детали книги
Traceback (most recent call last):
  File "C:\Users\dalum\OneDrive\Рабочий стол\python_learn\parser\src\parser\scrapers\catalogue.py", line 45, in scrape_catalogue
    detail_item = parse_book_detail(detail_response, base_item.url)
  File "C:\Users\dalum\OneDrive\Рабочий стол\python_learn\parser\src\parser\parsers\book_details.py", line 17, in parse_book_detail
    soup = BeautifulSoup(html, "html.parser")
  File "C:\Users\dalum\OneDrive\Рабочий стол\python_learn\parser\.venv\Lib\site-packages\bs4\__init__.py", line 445, in __init__
    raise TypeError(
        f"Incoming markup is of an invalid type: {markup!r}. Markup must be a string, a bytestring, or an open filehandle."
    )
TypeError: Incoming markup is of an invalid type: <Response [200]>. Markup must be a string, a bytestring, or an open filehandle.
2026-09-22 00:13:17 | DEBUG    | parser.utils.http_client | GET https://books.toscrape.com/catalogue/worlds-elsewhere-journeys-around-shakespeares-globe_972/index.html (timeout=10.0)
2026-09-22 00:13:18 | INFO     | parser.utils.http_client | GET https://books.toscrape.com/catalogue/worlds-elsewhere-journeys-around-shakespeares-globe_972/index.html -> 200: OK
2026-09-22 00:13:18 | ERROR    | parser.scrapers.catalogue | Не удалось получить детали книги
Traceback (most recent call last):
  File "C:\Users\dalum\OneDrive\Рабочий стол\python_learn\parser\src\parser\scrapers\catalogue.py", line 45, in scrape_catalogue
    detail_item = parse_book_detail(detail_response, base_item.url)
  File "C:\Users\dalum\OneDrive\Рабочий стол\python_learn\parser\src\parser\parsers\book_details.py", line 17, in parse_book_detail
    soup = BeautifulSoup(html, "html.parser")
  File "C:\Users\dalum\OneDrive\Рабочий стол\python_learn\parser\.venv\Lib\site-packages\bs4\__init__.py", line 445, in __init__
    raise TypeError(
        f"Incoming markup is of an invalid type: {markup!r}. Markup must be a string, a bytestring, or an open filehandle."
    )
TypeError: Incoming markup is of an invalid type: <Response [200]>. Markup must be a string, a bytestring, or an open filehandle.
2026-09-22 00:13:19 | DEBUG    | parser.utils.http_client | GET https://books.toscrape.com/catalogue/wall-and-piece_971/index.html (timeout=10.0)
2026-09-22 00:13:19 | INFO     | parser.utils.http_client | GET https://books.toscrape.com/catalogue/wall-and-piece_971/index.html -> 200: OK
2026-09-22 00:13:19 | ERROR    | parser.scrapers.catalogue | Не удалось получить детали книги
Traceback (most recent call last):
  File "C:\Users\dalum\OneDrive\Рабочий стол\python_learn\parser\src\parser\scrapers\catalogue.py", line 45, in scrape_catalogue
    detail_item = parse_book_detail(detail_response, base_item.url)
  File "C:\Users\dalum\OneDrive\Рабочий стол\python_learn\parser\src\parser\parsers\book_details.py", line 17, in parse_book_detail
    soup = BeautifulSoup(html, "html.parser")
  File "C:\Users\dalum\OneDrive\Рабочий стол\python_learn\parser\.venv\Lib\site-packages\bs4\__init__.py", line 445, in __init__
    raise TypeError(
        f"Incoming markup is of an invalid type: {markup!r}. Markup must be a string, a bytestring, or an open filehandle."
    )
TypeError: Incoming markup is of an invalid type: <Response [200]>. Markup must be a string, a bytestring, or an open filehandle.
2026-09-22 00:13:20 | DEBUG    | parser.utils.http_client | GET https://books.toscrape.com/catalogue/the-four-agreements-a-practical-guide-to-personal-freedom_970/index.html (timeout=10.0)
2026-09-22 00:13:20 | INFO     | parser.utils.http_client | GET https://books.toscrape.com/catalogue/the-four-agreements-a-practical-guide-to-personal-freedom_970/index.html -> 200: OK
2026-09-22 00:13:20 | ERROR    | parser.scrapers.catalogue | Не удалось получить детали книги
Traceback (most recent call last):
  File "C:\Users\dalum\OneDrive\Рабочий стол\python_learn\parser\src\parser\scrapers\catalogue.py", line 45, in scrape_catalogue
    detail_item = parse_book_detail(detail_response, base_item.url)
  File "C:\Users\dalum\OneDrive\Рабочий стол\python_learn\parser\src\parser\parsers\book_details.py", line 17, in parse_book_detail
    soup = BeautifulSoup(html, "html.parser")
  File "C:\Users\dalum\OneDrive\Рабочий стол\python_learn\parser\.venv\Lib\site-packages\bs4\__init__.py", line 445, in __init__
    raise TypeError(
        f"Incoming markup is of an invalid type: {markup!r}. Markup must be a string, a bytestring, or an open filehandle."
    )
TypeError: Incoming markup is of an invalid type: <Response [200]>. Markup must be a string, a bytestring, or an open filehandle.
2026-09-22 00:13:21 | DEBUG    | parser.utils.http_client | GET https://books.toscrape.com/catalogue/the-five-love-languages-how-to-express-heartfelt-commitment-to-your-mate_969/index.html (timeout=10.0)
2026-09-22 00:13:22 | INFO     | parser.utils.http_client | GET https://books.toscrape.com/catalogue/the-five-love-languages-how-to-express-heartfelt-commitment-to-your-mate_969/index.html -> 200: OK
2026-09-22 00:13:22 | ERROR    | parser.scrapers.catalogue | Не удалось получить детали книги
Traceback (most recent call last):
  File "C:\Users\dalum\OneDrive\Рабочий стол\python_learn\parser\src\parser\scrapers\catalogue.py", line 45, in scrape_catalogue
    detail_item = parse_book_detail(detail_response, base_item.url)
  File "C:\Users\dalum\OneDrive\Рабочий стол\python_learn\parser\src\parser\parsers\book_details.py", line 17, in parse_book_detail
    soup = BeautifulSoup(html, "html.parser")
  File "C:\Users\dalum\OneDrive\Рабочий стол\python_learn\parser\.venv\Lib\site-packages\bs4\__init__.py", line 445, in __init__
    raise TypeError(
        f"Incoming markup is of an invalid type: {markup!r}. Markup must be a string, a bytestring, or an open filehandle."
    )
TypeError: Incoming markup is of an invalid type: <Response [200]>. Markup must be a string, a bytestring, or an open filehandle.
2026-09-22 00:13:22 | DEBUG    | parser.utils.http_client | GET https://books.toscrape.com/catalogue/the-elephant-tree_968/index.html (timeout=10.0)
2026-09-22 00:13:23 | INFO     | parser.utils.http_client | GET https://books.toscrape.com/catalogue/the-elephant-tree_968/index.html -> 200: OK
2026-09-22 00:13:23 | ERROR    | parser.scrapers.catalogue | Не удалось получить детали книги
Traceback (most recent call last):
  File "C:\Users\dalum\OneDrive\Рабочий стол\python_learn\parser\src\parser\scrapers\catalogue.py", line 45, in scrape_catalogue
    detail_item = parse_book_detail(detail_response, base_item.url)
  File "C:\Users\dalum\OneDrive\Рабочий стол\python_learn\parser\src\parser\parsers\book_details.py", line 17, in parse_book_detail
    soup = BeautifulSoup(html, "html.parser")
  File "C:\Users\dalum\OneDrive\Рабочий стол\python_learn\parser\.venv\Lib\site-packages\bs4\__init__.py", line 445, in __init__
    raise TypeError(
        f"Incoming markup is of an invalid type: {markup!r}. Markup must be a string, a bytestring, or an open filehandle."
    )
TypeError: Incoming markup is of an invalid type: <Response [200]>. Markup must be a string, a bytestring, or an open filehandle.
2026-09-22 00:13:24 | DEBUG    | parser.utils.http_client | GET https://books.toscrape.com/catalogue/the-bear-and-the-piano_967/index.html (timeout=10.0)
2026-09-22 00:13:24 | INFO     | parser.utils.http_client | GET https://books.toscrape.com/catalogue/the-bear-and-the-piano_967/index.html -> 200: OK
2026-09-22 00:13:24 | ERROR    | parser.scrapers.catalogue | Не удалось получить детали книги
Traceback (most recent call last):
  File "C:\Users\dalum\OneDrive\Рабочий стол\python_learn\parser\src\parser\scrapers\catalogue.py", line 45, in scrape_catalogue
    detail_item = parse_book_detail(detail_response, base_item.url)
  File "C:\Users\dalum\OneDrive\Рабочий стол\python_learn\parser\src\parser\parsers\book_details.py", line 17, in parse_book_detail
    soup = BeautifulSoup(html, "html.parser")
  File "C:\Users\dalum\OneDrive\Рабочий стол\python_learn\parser\.venv\Lib\site-packages\bs4\__init__.py", line 445, in __init__
    raise TypeError(
        f"Incoming markup is of an invalid type: {markup!r}. Markup must be a string, a bytestring, or an open filehandle."
    )
TypeError: Incoming markup is of an invalid type: <Response [200]>. Markup must be a string, a bytestring, or an open filehandle.
2026-09-22 00:13:25 | DEBUG    | parser.utils.http_client | GET https://books.toscrape.com/catalogue/sophies-world_966/index.html (timeout=10.0)
2026-09-22 00:13:25 | INFO     | parser.utils.http_client | GET https://books.toscrape.com/catalogue/sophies-world_966/index.html -> 200: OK
2026-09-22 00:13:25 | ERROR    | parser.scrapers.catalogue | Не удалось получить детали книги
Traceback (most recent call last):
  File "C:\Users\dalum\OneDrive\Рабочий стол\python_learn\parser\src\parser\scrapers\catalogue.py", line 45, in scrape_catalogue
    detail_item = parse_book_detail(detail_response, base_item.url)
  File "C:\Users\dalum\OneDrive\Рабочий стол\python_learn\parser\src\parser\parsers\book_details.py", line 17, in parse_book_detail
    soup = BeautifulSoup(html, "html.parser")
  File "C:\Users\dalum\OneDrive\Рабочий стол\python_learn\parser\.venv\Lib\site-packages\bs4\__init__.py", line 445, in __init__
    raise TypeError(
        f"Incoming markup is of an invalid type: {markup!r}. Markup must be a string, a bytestring, or an open filehandle."
    )
TypeError: Incoming markup is of an invalid type: <Response [200]>. Markup must be a string, a bytestring, or an open filehandle.
2026-09-22 00:13:26 | DEBUG    | parser.utils.http_client | GET https://books.toscrape.com/catalogue/penny-maybe_965/index.html (timeout=10.0)
2026-09-22 00:13:27 | INFO     | parser.utils.http_client | GET https://books.toscrape.com/catalogue/penny-maybe_965/index.html -> 200: OK
2026-09-22 00:13:27 | ERROR    | parser.scrapers.catalogue | Не удалось получить детали книги
Traceback (most recent call last):
  File "C:\Users\dalum\OneDrive\Рабочий стол\python_learn\parser\src\parser\scrapers\catalogue.py", line 45, in scrape_catalogue
    detail_item = parse_book_detail(detail_response, base_item.url)
  File "C:\Users\dalum\OneDrive\Рабочий стол\python_learn\parser\src\parser\parsers\book_details.py", line 17, in parse_book_detail
    soup = BeautifulSoup(html, "html.parser")
  File "C:\Users\dalum\OneDrive\Рабочий стол\python_learn\parser\.venv\Lib\site-packages\bs4\__init__.py", line 445, in __init__
    raise TypeError(
        f"Incoming markup is of an invalid type: {markup!r}. Markup must be a string, a bytestring, or an open filehandle."
    )
TypeError: Incoming markup is of an invalid type: <Response [200]>. Markup must be a string, a bytestring, or an open filehandle.
2026-09-22 00:13:27 | DEBUG    | parser.utils.http_client | GET https://books.toscrape.com/catalogue/maude-1883-1993she-grew-up-with-the-country_964/index.html (timeout=10.0)
2026-09-22 00:13:28 | INFO     | parser.utils.http_client | GET https://books.toscrape.com/catalogue/maude-1883-1993she-grew-up-with-the-country_964/index.html -> 200: OK
2026-09-22 00:13:28 | ERROR    | parser.scrapers.catalogue | Не удалось получить детали книги
Traceback (most recent call last):
  File "C:\Users\dalum\OneDrive\Рабочий стол\python_learn\parser\src\parser\scrapers\catalogue.py", line 45, in scrape_catalogue
    detail_item = parse_book_detail(detail_response, base_item.url)
  File "C:\Users\dalum\OneDrive\Рабочий стол\python_learn\parser\src\parser\parsers\book_details.py", line 17, in parse_book_detail
    soup = BeautifulSoup(html, "html.parser")
  File "C:\Users\dalum\OneDrive\Рабочий стол\python_learn\parser\.venv\Lib\site-packages\bs4\__init__.py", line 445, in __init__
    raise TypeError(
        f"Incoming markup is of an invalid type: {markup!r}. Markup must be a string, a bytestring, or an open filehandle."
    )
TypeError: Incoming markup is of an invalid type: <Response [200]>. Markup must be a string, a bytestring, or an open filehandle.
2026-09-22 00:13:28 | DEBUG    | parser.utils.http_client | GET https://books.toscrape.com/catalogue/in-a-dark-dark-wood_963/index.html (timeout=10.0)
2026-09-22 00:13:29 | INFO     | parser.utils.http_client | GET https://books.toscrape.com/catalogue/in-a-dark-dark-wood_963/index.html -> 200: OK
2026-09-22 00:13:29 | ERROR    | parser.scrapers.catalogue | Не удалось получить детали книги
Traceback (most recent call last):
  File "C:\Users\dalum\OneDrive\Рабочий стол\python_learn\parser\src\parser\scrapers\catalogue.py", line 45, in scrape_catalogue
    detail_item = parse_book_detail(detail_response, base_item.url)
  File "C:\Users\dalum\OneDrive\Рабочий стол\python_learn\parser\src\parser\parsers\book_details.py", line 17, in parse_book_detail
    soup = BeautifulSoup(html, "html.parser")
  File "C:\Users\dalum\OneDrive\Рабочий стол\python_learn\parser\.venv\Lib\site-packages\bs4\__init__.py", line 445, in __init__
    raise TypeError(
        f"Incoming markup is of an invalid type: {markup!r}. Markup must be a string, a bytestring, or an open filehandle."
    )
TypeError: Incoming markup is of an invalid type: <Response [200]>. Markup must be a string, a bytestring, or an open filehandle.
2026-09-22 00:13:30 | DEBUG    | parser.utils.http_client | GET https://books.toscrape.com/catalogue/behind-closed-doors_962/index.html (timeout=10.0)
2026-09-22 00:13:30 | INFO     | parser.utils.http_client | GET https://books.toscrape.com/catalogue/behind-closed-doors_962/index.html -> 200: OK
2026-09-22 00:13:30 | ERROR    | parser.scrapers.catalogue | Не удалось получить детали книги
Traceback (most recent call last):
  File "C:\Users\dalum\OneDrive\Рабочий стол\python_learn\parser\src\parser\scrapers\catalogue.py", line 45, in scrape_catalogue
    detail_item = parse_book_detail(detail_response, base_item.url)
  File "C:\Users\dalum\OneDrive\Рабочий стол\python_learn\parser\src\parser\parsers\book_details.py", line 17, in parse_book_detail
    soup = BeautifulSoup(html, "html.parser")
  File "C:\Users\dalum\OneDrive\Рабочий стол\python_learn\parser\.venv\Lib\site-packages\bs4\__init__.py", line 445, in __init__
    raise TypeError(
        f"Incoming markup is of an invalid type: {markup!r}. Markup must be a string, a bytestring, or an open filehandle."
    )
TypeError: Incoming markup is of an invalid type: <Response [200]>. Markup must be a string, a bytestring, or an open filehandle.
2026-09-22 00:13:31 | DEBUG    | parser.utils.http_client | GET https://books.toscrape.com/catalogue/you-cant-bury-them-all-poems_961/index.html (timeout=10.0)
2026-09-22 00:13:31 | INFO     | parser.utils.http_client | GET https://books.toscrape.com/catalogue/you-cant-bury-them-all-poems_961/index.html -> 200: OK
2026-09-22 00:13:31 | ERROR    | parser.scrapers.catalogue | Не удалось получить детали книги
Traceback (most recent call last):
  File "C:\Users\dalum\OneDrive\Рабочий стол\python_learn\parser\src\parser\scrapers\catalogue.py", line 45, in scrape_catalogue
    detail_item = parse_book_detail(detail_response, base_item.url)
  File "C:\Users\dalum\OneDrive\Рабочий стол\python_learn\parser\src\parser\parsers\book_details.py", line 17, in parse_book_detail
    soup = BeautifulSoup(html, "html.parser")
  File "C:\Users\dalum\OneDrive\Рабочий стол\python_learn\parser\.venv\Lib\site-packages\bs4\__init__.py", line 445, in __init__
    raise TypeError(
        f"Incoming markup is of an invalid type: {markup!r}. Markup must be a string, a bytestring, or an open filehandle."
    )
TypeError: Incoming markup is of an invalid type: <Response [200]>. Markup must be a string, a bytestring, or an open filehandle.
2026-09-22 00:13:32 | DEBUG    | parser.parsers.pagination | Следующая страница: https://books.toscrape.com/catalogue/page-3.html
2026-09-22 00:13:32 | INFO     | parser.scrapers.catalogue | Собрано 40 книг с 2 страниц
2026-09-22 00:13:32 | INFO     | parser.scrapers.catalogue | Страница 3: https://books.toscrape.com/catalogue/page-3.html
2026-09-22 00:13:32 | DEBUG    | parser.utils.http_client | GET https://books.toscrape.com/catalogue/page-3.html (timeout=10.0)
2026-09-22 00:13:33 | INFO     | parser.utils.http_client | GET https://books.toscrape.com/catalogue/page-3.html -> 200: OK
2026-09-22 00:13:33 | INFO     | parser.scrapers.catalogue | Получено 51374 символов
2026-09-22 00:13:33 | INFO     | parser.parsers.book_list | Найдено 20 карточек
2026-09-22 00:13:33 | INFO     | parser.parsers.book_list | Разобрано 20 из 20 карточек
2026-09-22 00:13:33 | DEBUG    | parser.utils.http_client | GET https://books.toscrape.com/catalogue/slow-states-of-collapse-poems_960/index.html (timeout=10.0)
2026-09-22 00:13:33 | INFO     | parser.utils.http_client | GET https://books.toscrape.com/catalogue/slow-states-of-collapse-poems_960/index.html -> 200: OK
2026-09-22 00:13:33 | ERROR    | parser.scrapers.catalogue | Не удалось получить детали книги
Traceback (most recent call last):
  File "C:\Users\dalum\OneDrive\Рабочий стол\python_learn\parser\src\parser\scrapers\catalogue.py", line 45, in scrape_catalogue
    detail_item = parse_book_detail(detail_response, base_item.url)
  File "C:\Users\dalum\OneDrive\Рабочий стол\python_learn\parser\src\parser\parsers\book_details.py", line 17, in parse_book_detail
    soup = BeautifulSoup(html, "html.parser")
  File "C:\Users\dalum\OneDrive\Рабочий стол\python_learn\parser\.venv\Lib\site-packages\bs4\__init__.py", line 445, in __init__
    raise TypeError(
        f"Incoming markup is of an invalid type: {markup!r}. Markup must be a string, a bytestring, or an open filehandle."
    )
TypeError: Incoming markup is of an invalid type: <Response [200]>. Markup must be a string, a bytestring, or an open filehandle.
2026-09-22 00:13:34 | DEBUG    | parser.utils.http_client | GET https://books.toscrape.com/catalogue/reasons-to-stay-alive_959/index.html (timeout=10.0)
2026-09-22 00:13:34 | INFO     | parser.utils.http_client | GET https://books.toscrape.com/catalogue/reasons-to-stay-alive_959/index.html -> 200: OK
2026-09-22 00:13:34 | ERROR    | parser.scrapers.catalogue | Не удалось получить детали книги
Traceback (most recent call last):
  File "C:\Users\dalum\OneDrive\Рабочий стол\python_learn\parser\src\parser\scrapers\catalogue.py", line 45, in scrape_catalogue
    detail_item = parse_book_detail(detail_response, base_item.url)
  File "C:\Users\dalum\OneDrive\Рабочий стол\python_learn\parser\src\parser\parsers\book_details.py", line 17, in parse_book_detail
    soup = BeautifulSoup(html, "html.parser")
  File "C:\Users\dalum\OneDrive\Рабочий стол\python_learn\parser\.venv\Lib\site-packages\bs4\__init__.py", line 445, in __init__
    raise TypeError(
        f"Incoming markup is of an invalid type: {markup!r}. Markup must be a string, a bytestring, or an open filehandle."
    )
TypeError: Incoming markup is of an invalid type: <Response [200]>. Markup must be a string, a bytestring, or an open filehandle.
2026-09-22 00:13:35 | DEBUG    | parser.utils.http_client | GET https://books.toscrape.com/catalogue/private-paris-private-10_958/index.html (timeout=10.0)
2026-09-22 00:13:36 | INFO     | parser.utils.http_client | GET https://books.toscrape.com/catalogue/private-paris-private-10_958/index.html -> 200: OK
2026-09-22 00:13:36 | ERROR    | parser.scrapers.catalogue | Не удалось получить детали книги
Traceback (most recent call last):
  File "C:\Users\dalum\OneDrive\Рабочий стол\python_learn\parser\src\parser\scrapers\catalogue.py", line 45, in scrape_catalogue
    detail_item = parse_book_detail(detail_response, base_item.url)
  File "C:\Users\dalum\OneDrive\Рабочий стол\python_learn\parser\src\parser\parsers\book_details.py", line 17, in parse_book_detail
    soup = BeautifulSoup(html, "html.parser")
  File "C:\Users\dalum\OneDrive\Рабочий стол\python_learn\parser\.venv\Lib\site-packages\bs4\__init__.py", line 445, in __init__
    raise TypeError(
        f"Incoming markup is of an invalid type: {markup!r}. Markup must be a string, a bytestring, or an open filehandle."
    )
TypeError: Incoming markup is of an invalid type: <Response [200]>. Markup must be a string, a bytestring, or an open filehandle.
2026-09-22 00:13:36 | DEBUG    | parser.utils.http_client | GET https://books.toscrape.com/catalogue/higherselfie-wake-up-your-life-free-your-soul-find-your-tribe_957/index.html (timeout=10.0)
2026-09-22 00:13:37 | INFO     | parser.utils.http_client | GET https://books.toscrape.com/catalogue/higherselfie-wake-up-your-life-free-your-soul-find-your-tribe_957/index.html -> 200: OK
2026-09-22 00:13:37 | ERROR    | parser.scrapers.catalogue | Не удалось получить детали книги
Traceback (most recent call last):
  File "C:\Users\dalum\OneDrive\Рабочий стол\python_learn\parser\src\parser\scrapers\catalogue.py", line 45, in scrape_catalogue
    detail_item = parse_book_detail(detail_response, base_item.url)
  File "C:\Users\dalum\OneDrive\Рабочий стол\python_learn\parser\src\parser\parsers\book_details.py", line 17, in parse_book_detail
    soup = BeautifulSoup(html, "html.parser")
  File "C:\Users\dalum\OneDrive\Рабочий стол\python_learn\parser\.venv\Lib\site-packages\bs4\__init__.py", line 445, in __init__
    raise TypeError(
        f"Incoming markup is of an invalid type: {markup!r}. Markup must be a string, a bytestring, or an open filehandle."
    )
TypeError: Incoming markup is of an invalid type: <Response [200]>. Markup must be a string, a bytestring, or an open filehandle.
2026-09-22 00:13:38 | DEBUG    | parser.utils.http_client | GET https://books.toscrape.com/catalogue/without-borders-wanderlove-1_956/index.html (timeout=10.0)
2026-09-22 00:13:39 | INFO     | parser.utils.http_client | GET https://books.toscrape.com/catalogue/without-borders-wanderlove-1_956/index.html -> 200: OK
2026-09-22 00:13:39 | ERROR    | parser.scrapers.catalogue | Не удалось получить детали книги
Traceback (most recent call last):
  File "C:\Users\dalum\OneDrive\Рабочий стол\python_learn\parser\src\parser\scrapers\catalogue.py", line 45, in scrape_catalogue
    detail_item = parse_book_detail(detail_response, base_item.url)
  File "C:\Users\dalum\OneDrive\Рабочий стол\python_learn\parser\src\parser\parsers\book_details.py", line 17, in parse_book_detail
    soup = BeautifulSoup(html, "html.parser")
  File "C:\Users\dalum\OneDrive\Рабочий стол\python_learn\parser\.venv\Lib\site-packages\bs4\__init__.py", line 445, in __init__
    raise TypeError(
        f"Incoming markup is of an invalid type: {markup!r}. Markup must be a string, a bytestring, or an open filehandle."
    )
TypeError: Incoming markup is of an invalid type: <Response [200]>. Markup must be a string, a bytestring, or an open filehandle.
2026-09-22 00:13:39 | DEBUG    | parser.utils.http_client | GET https://books.toscrape.com/catalogue/when-we-collided_955/index.html (timeout=10.0)
2026-09-22 00:13:40 | INFO     | parser.utils.http_client | GET https://books.toscrape.com/catalogue/when-we-collided_955/index.html -> 200: OK
2026-09-22 00:13:40 | ERROR    | parser.scrapers.catalogue | Не удалось получить детали книги
Traceback (most recent call last):
  File "C:\Users\dalum\OneDrive\Рабочий стол\python_learn\parser\src\parser\scrapers\catalogue.py", line 45, in scrape_catalogue
    detail_item = parse_book_detail(detail_response, base_item.url)
  File "C:\Users\dalum\OneDrive\Рабочий стол\python_learn\parser\src\parser\parsers\book_details.py", line 17, in parse_book_detail
    soup = BeautifulSoup(html, "html.parser")
  File "C:\Users\dalum\OneDrive\Рабочий стол\python_learn\parser\.venv\Lib\site-packages\bs4\__init__.py", line 445, in __init__
    raise TypeError(
        f"Incoming markup is of an invalid type: {markup!r}. Markup must be a string, a bytestring, or an open filehandle."
    )
TypeError: Incoming markup is of an invalid type: <Response [200]>. Markup must be a string, a bytestring, or an open filehandle.
2026-09-22 00:13:41 | DEBUG    | parser.utils.http_client | GET https://books.toscrape.com/catalogue/we-love-you-charlie-freeman_954/index.html (timeout=10.0)
2026-09-22 00:13:42 | INFO     | parser.utils.http_client | GET https://books.toscrape.com/catalogue/we-love-you-charlie-freeman_954/index.html -> 200: OK
2026-09-22 00:13:42 | ERROR    | parser.scrapers.catalogue | Не удалось получить детали книги
Traceback (most recent call last):
  File "C:\Users\dalum\OneDrive\Рабочий стол\python_learn\parser\src\parser\scrapers\catalogue.py", line 45, in scrape_catalogue
    detail_item = parse_book_detail(detail_response, base_item.url)
  File "C:\Users\dalum\OneDrive\Рабочий стол\python_learn\parser\src\parser\parsers\book_details.py", line 17, in parse_book_detail
    soup = BeautifulSoup(html, "html.parser")
  File "C:\Users\dalum\OneDrive\Рабочий стол\python_learn\parser\.venv\Lib\site-packages\bs4\__init__.py", line 445, in __init__
    raise TypeError(
        f"Incoming markup is of an invalid type: {markup!r}. Markup must be a string, a bytestring, or an open filehandle."
    )
TypeError: Incoming markup is of an invalid type: <Response [200]>. Markup must be a string, a bytestring, or an open filehandle.
2026-09-22 00:13:42 | DEBUG    | parser.utils.http_client | GET https://books.toscrape.com/catalogue/untitled-collection-sabbath-poems-2014_953/index.html (timeout=10.0)
2026-09-22 00:13:43 | INFO     | parser.utils.http_client | GET https://books.toscrape.com/catalogue/untitled-collection-sabbath-poems-2014_953/index.html -> 200: OK
2026-09-22 00:13:43 | ERROR    | parser.scrapers.catalogue | Не удалось получить детали книги
Traceback (most recent call last):
  File "C:\Users\dalum\OneDrive\Рабочий стол\python_learn\parser\src\parser\scrapers\catalogue.py", line 45, in scrape_catalogue
    detail_item = parse_book_detail(detail_response, base_item.url)
  File "C:\Users\dalum\OneDrive\Рабочий стол\python_learn\parser\src\parser\parsers\book_details.py", line 17, in parse_book_detail
    soup = BeautifulSoup(html, "html.parser")
  File "C:\Users\dalum\OneDrive\Рабочий стол\python_learn\parser\.venv\Lib\site-packages\bs4\__init__.py", line 445, in __init__
    raise TypeError(
        f"Incoming markup is of an invalid type: {markup!r}. Markup must be a string, a bytestring, or an open filehandle."
    )
TypeError: Incoming markup is of an invalid type: <Response [200]>. Markup must be a string, a bytestring, or an open filehandle.
2026-09-22 00:13:44 | DEBUG    | parser.utils.http_client | GET https://books.toscrape.com/catalogue/unseen-city-the-majesty-of-pigeons-the-discreet-charm-of-snails-other-wonders-of-the-urban-wilderness_952/index.html (timeout=10.0)
2026-09-22 00:13:44 | INFO     | parser.utils.http_client | GET https://books.toscrape.com/catalogue/unseen-city-the-majesty-of-pigeons-the-discreet-charm-of-snails-other-wonders-of-the-urban-wilderness_952/index.html -> 200: OK
2026-09-22 00:13:44 | ERROR    | parser.scrapers.catalogue | Не удалось получить детали книги
Traceback (most recent call last):
  File "C:\Users\dalum\OneDrive\Рабочий стол\python_learn\parser\src\parser\scrapers\catalogue.py", line 45, in scrape_catalogue
    detail_item = parse_book_detail(detail_response, base_item.url)
  File "C:\Users\dalum\OneDrive\Рабочий стол\python_learn\parser\src\parser\parsers\book_details.py", line 17, in parse_book_detail
    soup = BeautifulSoup(html, "html.parser")
  File "C:\Users\dalum\OneDrive\Рабочий стол\python_learn\parser\.venv\Lib\site-packages\bs4\__init__.py", line 445, in __init__
    raise TypeError(
        f"Incoming markup is of an invalid type: {markup!r}. Markup must be a string, a bytestring, or an open filehandle."
    )
TypeError: Incoming markup is of an invalid type: <Response [200]>. Markup must be a string, a bytestring, or an open filehandle.
2026-09-22 00:13:45 | DEBUG    | parser.utils.http_client | GET https://books.toscrape.com/catalogue/unicorn-tracks_951/index.html (timeout=10.0)
2026-09-22 00:13:46 | INFO     | parser.utils.http_client | GET https://books.toscrape.com/catalogue/unicorn-tracks_951/index.html -> 200: OK
2026-09-22 00:13:46 | ERROR    | parser.scrapers.catalogue | Не удалось получить детали книги
Traceback (most recent call last):
  File "C:\Users\dalum\OneDrive\Рабочий стол\python_learn\parser\src\parser\scrapers\catalogue.py", line 45, in scrape_catalogue
    detail_item = parse_book_detail(detail_response, base_item.url)
  File "C:\Users\dalum\OneDrive\Рабочий стол\python_learn\parser\src\parser\parsers\book_details.py", line 17, in parse_book_detail
    soup = BeautifulSoup(html, "html.parser")
  File "C:\Users\dalum\OneDrive\Рабочий стол\python_learn\parser\.venv\Lib\site-packages\bs4\__init__.py", line 445, in __init__
    raise TypeError(
        f"Incoming markup is of an invalid type: {markup!r}. Markup must be a string, a bytestring, or an open filehandle."
    )
TypeError: Incoming markup is of an invalid type: <Response [200]>. Markup must be a string, a bytestring, or an open filehandle.
2026-09-22 00:13:47 | DEBUG    | parser.utils.http_client | GET https://books.toscrape.com/catalogue/unbound-how-eight-technologies-made-us-human-transformed-society-and-brought-our-world-to-the-brink_950/index.html (timeout=10.0)
2026-09-22 00:13:47 | INFO     | parser.utils.http_client | GET https://books.toscrape.com/catalogue/unbound-how-eight-technologies-made-us-human-transformed-society-and-brought-our-world-to-the-brink_950/index.html -> 200: OK
2026-09-22 00:13:47 | ERROR    | parser.scrapers.catalogue | Не удалось получить детали книги
Traceback (most recent call last):
  File "C:\Users\dalum\OneDrive\Рабочий стол\python_learn\parser\src\parser\scrapers\catalogue.py", line 45, in scrape_catalogue
    detail_item = parse_book_detail(detail_response, base_item.url)
  File "C:\Users\dalum\OneDrive\Рабочий стол\python_learn\parser\src\parser\parsers\book_details.py", line 17, in parse_book_detail
    soup = BeautifulSoup(html, "html.parser")
  File "C:\Users\dalum\OneDrive\Рабочий стол\python_learn\parser\.venv\Lib\site-packages\bs4\__init__.py", line 445, in __init__
    raise TypeError(
        f"Incoming markup is of an invalid type: {markup!r}. Markup must be a string, a bytestring, or an open filehandle."
    )
TypeError: Incoming markup is of an invalid type: <Response [200]>. Markup must be a string, a bytestring, or an open filehandle.
2026-09-22 00:13:48 | DEBUG    | parser.utils.http_client | GET https://books.toscrape.com/catalogue/tsubasa-world-chronicle-2-tsubasa-world-chronicle-2_949/index.html (timeout=10.0)
2026-09-22 00:13:49 | INFO     | parser.utils.http_client | GET https://books.toscrape.com/catalogue/tsubasa-world-chronicle-2-tsubasa-world-chronicle-2_949/index.html -> 200: OK
2026-09-22 00:13:49 | ERROR    | parser.scrapers.catalogue | Не удалось получить детали книги
Traceback (most recent call last):
  File "C:\Users\dalum\OneDrive\Рабочий стол\python_learn\parser\src\parser\scrapers\catalogue.py", line 45, in scrape_catalogue
    detail_item = parse_book_detail(detail_response, base_item.url)
  File "C:\Users\dalum\OneDrive\Рабочий стол\python_learn\parser\src\parser\parsers\book_details.py", line 17, in parse_book_detail
    soup = BeautifulSoup(html, "html.parser")
  File "C:\Users\dalum\OneDrive\Рабочий стол\python_learn\parser\.venv\Lib\site-packages\bs4\__init__.py", line 445, in __init__
    raise TypeError(
        f"Incoming markup is of an invalid type: {markup!r}. Markup must be a string, a bytestring, or an open filehandle."
    )
TypeError: Incoming markup is of an invalid type: <Response [200]>. Markup must be a string, a bytestring, or an open filehandle.
2026-09-22 00:13:49 | DEBUG    | parser.utils.http_client | GET https://books.toscrape.com/catalogue/throwing-rocks-at-the-google-bus-how-growth-became-the-enemy-of-prosperity_948/index.html (timeout=10.0)
2026-09-22 00:13:50 | INFO     | parser.utils.http_client | GET https://books.toscrape.com/catalogue/throwing-rocks-at-the-google-bus-how-growth-became-the-enemy-of-prosperity_948/index.html -> 200: OK
2026-09-22 00:13:50 | ERROR    | parser.scrapers.catalogue | Не удалось получить детали книги
Traceback (most recent call last):
  File "C:\Users\dalum\OneDrive\Рабочий стол\python_learn\parser\src\parser\scrapers\catalogue.py", line 45, in scrape_catalogue
    detail_item = parse_book_detail(detail_response, base_item.url)
  File "C:\Users\dalum\OneDrive\Рабочий стол\python_learn\parser\src\parser\parsers\book_details.py", line 17, in parse_book_detail
    soup = BeautifulSoup(html, "html.parser")
  File "C:\Users\dalum\OneDrive\Рабочий стол\python_learn\parser\.venv\Lib\site-packages\bs4\__init__.py", line 445, in __init__
    raise TypeError(
        f"Incoming markup is of an invalid type: {markup!r}. Markup must be a string, a bytestring, or an open filehandle."
    )
TypeError: Incoming markup is of an invalid type: <Response [200]>. Markup must be a string, a bytestring, or an open filehandle.
2026-09-22 00:13:50 | DEBUG    | parser.utils.http_client | GET https://books.toscrape.com/catalogue/this-one-summer_947/index.html (timeout=10.0)
2026-09-22 00:13:52 | INFO     | parser.utils.http_client | GET https://books.toscrape.com/catalogue/this-one-summer_947/index.html -> 200: OK
2026-09-22 00:13:52 | ERROR    | parser.scrapers.catalogue | Не удалось получить детали книги
Traceback (most recent call last):
  File "C:\Users\dalum\OneDrive\Рабочий стол\python_learn\parser\src\parser\scrapers\catalogue.py", line 45, in scrape_catalogue
    detail_item = parse_book_detail(detail_response, base_item.url)
  File "C:\Users\dalum\OneDrive\Рабочий стол\python_learn\parser\src\parser\parsers\book_details.py", line 17, in parse_book_detail
    soup = BeautifulSoup(html, "html.parser")
  File "C:\Users\dalum\OneDrive\Рабочий стол\python_learn\parser\.venv\Lib\site-packages\bs4\__init__.py", line 445, in __init__
    raise TypeError(
        f"Incoming markup is of an invalid type: {markup!r}. Markup must be a string, a bytestring, or an open filehandle."
    )
TypeError: Incoming markup is of an invalid type: <Response [200]>. Markup must be a string, a bytestring, or an open filehandle.
2026-09-22 00:13:52 | DEBUG    | parser.utils.http_client | GET https://books.toscrape.com/catalogue/thirst_946/index.html (timeout=10.0)
2026-09-22 00:13:53 | INFO     | parser.utils.http_client | GET https://books.toscrape.com/catalogue/thirst_946/index.html -> 200: OK
2026-09-22 00:13:53 | ERROR    | parser.scrapers.catalogue | Не удалось получить детали книги
Traceback (most recent call last):
  File "C:\Users\dalum\OneDrive\Рабочий стол\python_learn\parser\src\parser\scrapers\catalogue.py", line 45, in scrape_catalogue
    detail_item = parse_book_detail(detail_response, base_item.url)
  File "C:\Users\dalum\OneDrive\Рабочий стол\python_learn\parser\src\parser\parsers\book_details.py", line 17, in parse_book_detail
    soup = BeautifulSoup(html, "html.parser")
  File "C:\Users\dalum\OneDrive\Рабочий стол\python_learn\parser\.venv\Lib\site-packages\bs4\__init__.py", line 445, in __init__
    raise TypeError(
        f"Incoming markup is of an invalid type: {markup!r}. Markup must be a string, a bytestring, or an open filehandle."
    )
TypeError: Incoming markup is of an invalid type: <Response [200]>. Markup must be a string, a bytestring, or an open filehandle.
2026-09-22 00:13:53 | DEBUG    | parser.utils.http_client | GET https://books.toscrape.com/catalogue/the-torch-is-passed-a-harding-family-story_945/index.html (timeout=10.0)
2026-09-22 00:13:54 | INFO     | parser.utils.http_client | GET https://books.toscrape.com/catalogue/the-torch-is-passed-a-harding-family-story_945/index.html -> 200: OK
2026-09-22 00:13:54 | ERROR    | parser.scrapers.catalogue | Не удалось получить детали книги
Traceback (most recent call last):
  File "C:\Users\dalum\OneDrive\Рабочий стол\python_learn\parser\src\parser\scrapers\catalogue.py", line 45, in scrape_catalogue
    detail_item = parse_book_detail(detail_response.content, base_item.url)
                  ^^^^^^^^^^^^^^^^^^^^^^^^^^^^^^^^^^^^^^^^^^^^^^^^^
  File "C:\Users\dalum\OneDrive\Рабочий стол\python_learn\parser\src\parser\parsers\book_details.py", line 17, in parse_book_detail
    soup = BeautifulSoup(html, "html.parser")
  File "C:\Users\dalum\OneDrive\Рабочий стол\python_learn\parser\.venv\Lib\site-packages\bs4\__init__.py", line 445, in __init__
    raise TypeError(
        f"Incoming markup is of an invalid type: {markup!r}. Markup must be a string, a bytestring, or an open filehandle."
    )
TypeError: Incoming markup is of an invalid type: <Response [200]>. Markup must be a string, a bytestring, or an open filehandle.
2026-09-22 00:13:55 | DEBUG    | parser.utils.http_client | GET https://books.toscrape.com/catalogue/the-secret-of-dreadwillow-carse_944/index.html (timeout=10.0)
2026-09-22 00:13:55 | INFO     | parser.utils.http_client | GET https://books.toscrape.com/catalogue/the-secret-of-dreadwillow-carse_944/index.html -> 200: OK
2026-09-22 00:13:55 | ERROR    | parser.scrapers.catalogue | Не удалось получить детали книги
Traceback (most recent call last):
  File "C:\Users\dalum\OneDrive\Рабочий стол\python_learn\parser\src\parser\scrapers\catalogue.py", line 45, in scrape_catalogue
    detail_item = parse_book_detail(detail_response.content, base_item.url)
                  ^^^^^^^^^^^^^^^^^^^^^^^^^^^^^^^^^^^^^^^^^^^^^^^^^
  File "C:\Users\dalum\OneDrive\Рабочий стол\python_learn\parser\src\parser\parsers\book_details.py", line 17, in parse_book_detail
    soup = BeautifulSoup(html, "html.parser")
  File "C:\Users\dalum\OneDrive\Рабочий стол\python_learn\parser\.venv\Lib\site-packages\bs4\__init__.py", line 445, in __init__
    raise TypeError(
        f"Incoming markup is of an invalid type: {markup!r}. Markup must be a string, a bytestring, or an open filehandle."
    )
TypeError: Incoming markup is of an invalid type: <Response [200]>. Markup must be a string, a bytestring, or an open filehandle.
2026-09-22 00:13:56 | DEBUG    | parser.utils.http_client | GET https://books.toscrape.com/catalogue/the-pioneer-woman-cooks-dinnertime-comfort-classics-freezer-food-16-minute-meals-and-other-delicious-ways-to-solve-supper_943/index.html (timeout=10.0)
2026-09-22 00:13:56 | INFO     | parser.utils.http_client | GET https://books.toscrape.com/catalogue/the-pioneer-woman-cooks-dinnertime-comfort-classics-freezer-food-16-minute-meals-and-other-delicious-ways-to-solve-supper_943/index.html -> 200: OK
2026-09-22 00:13:56 | ERROR    | parser.scrapers.catalogue | Не удалось получить детали книги
Traceback (most recent call last):
  File "C:\Users\dalum\OneDrive\Рабочий стол\python_learn\parser\src\parser\scrapers\catalogue.py", line 45, in scrape_catalogue
    detail_item = parse_book_detail(detail_response.content, base_item.url)
                  ^^^^^^^^^^^^^^^^^^^^^^^^^^^^^^^^^^^^^^^^^^^^^^^^^
  File "C:\Users\dalum\OneDrive\Рабочий стол\python_learn\parser\src\parser\parsers\book_details.py", line 17, in parse_book_detail
    soup = BeautifulSoup(html, "html.parser")
  File "C:\Users\dalum\OneDrive\Рабочий стол\python_learn\parser\.venv\Lib\site-packages\bs4\__init__.py", line 445, in __init__
    raise TypeError(
        f"Incoming markup is of an invalid type: {markup!r}. Markup must be a string, a bytestring, or an open filehandle."
    )
TypeError: Incoming markup is of an invalid type: <Response [200]>. Markup must be a string, a bytestring, or an open filehandle.
2026-09-22 00:13:57 | DEBUG    | parser.utils.http_client | GET https://books.toscrape.com/catalogue/the-past-never-ends_942/index.html (timeout=10.0)
2026-09-22 00:13:57 | INFO     | parser.utils.http_client | GET https://books.toscrape.com/catalogue/the-past-never-ends_942/index.html -> 200: OK
2026-09-22 00:13:57 | ERROR    | parser.scrapers.catalogue | Не удалось получить детали книги
Traceback (most recent call last):
  File "C:\Users\dalum\OneDrive\Рабочий стол\python_learn\parser\src\parser\scrapers\catalogue.py", line 45, in scrape_catalogue
    detail_item = parse_book_detail(detail_response.content, base_item.url)
                  ^^^^^^^^^^^^^^^^^^^^^^^^^^^^^^^^^^^^^^^^^^^^^^^^^
  File "C:\Users\dalum\OneDrive\Рабочий стол\python_learn\parser\src\parser\parsers\book_details.py", line 17, in parse_book_detail
    soup = BeautifulSoup(html, "html.parser")
  File "C:\Users\dalum\OneDrive\Рабочий стол\python_learn\parser\.venv\Lib\site-packages\bs4\__init__.py", line 445, in __init__
    raise TypeError(
        f"Incoming markup is of an invalid type: {markup!r}. Markup must be a string, a bytestring, or an open filehandle."
    )
TypeError: Incoming markup is of an invalid type: <Response [200]>. Markup must be a string, a bytestring, or an open filehandle.
2026-09-22 00:14:16 | INFO     | __main__ | Старт парсера. base_url=https://books.toscrape.com
2026-09-22 00:14:16 | INFO     | parser.scrapers.catalogue | Страница 1: https://books.toscrape.com/catalogue/page-1.html
2026-09-22 00:14:16 | DEBUG    | parser.utils.http_client | GET https://books.toscrape.com/catalogue/page-1.html (timeout=10.0)
2026-09-22 00:14:17 | INFO     | parser.utils.http_client | GET https://books.toscrape.com/catalogue/page-1.html -> 200: OK
2026-09-22 00:14:17 | INFO     | parser.scrapers.catalogue | Получено 50469 символов
2026-09-22 00:14:17 | INFO     | parser.parsers.book_list | Найдено 20 карточек
2026-09-22 00:14:17 | INFO     | parser.parsers.book_list | Разобрано 20 из 20 карточек
2026-09-22 00:14:17 | DEBUG    | parser.utils.http_client | GET https://books.toscrape.com/catalogue/a-light-in-the-attic_1000/index.html (timeout=10.0)
2026-09-22 00:14:18 | INFO     | parser.utils.http_client | GET https://books.toscrape.com/catalogue/a-light-in-the-attic_1000/index.html -> 200: OK
2026-09-22 00:14:18 | DEBUG    | parser.utils.http_client | GET https://books.toscrape.com/catalogue/tipping-the-velvet_999/index.html (timeout=10.0)
2026-09-22 00:14:19 | INFO     | parser.utils.http_client | GET https://books.toscrape.com/catalogue/tipping-the-velvet_999/index.html -> 200: OK
2026-09-22 00:14:19 | DEBUG    | parser.utils.http_client | GET https://books.toscrape.com/catalogue/soumission_998/index.html (timeout=10.0)
2026-09-22 00:14:20 | INFO     | parser.utils.http_client | GET https://books.toscrape.com/catalogue/soumission_998/index.html -> 200: OK
2026-09-22 00:14:21 | DEBUG    | parser.utils.http_client | GET https://books.toscrape.com/catalogue/sharp-objects_997/index.html (timeout=10.0)
2026-09-22 00:14:21 | INFO     | parser.utils.http_client | GET https://books.toscrape.com/catalogue/sharp-objects_997/index.html -> 200: OK
2026-09-22 00:14:22 | DEBUG    | parser.utils.http_client | GET https://books.toscrape.com/catalogue/sapiens-a-brief-history-of-humankind_996/index.html (timeout=10.0)
2026-09-22 00:14:23 | INFO     | parser.utils.http_client | GET https://books.toscrape.com/catalogue/sapiens-a-brief-history-of-humankind_996/index.html -> 200: OK
2026-09-22 00:14:23 | DEBUG    | parser.utils.http_client | GET https://books.toscrape.com/catalogue/the-requiem-red_995/index.html (timeout=10.0)
2026-09-22 00:14:24 | INFO     | parser.utils.http_client | GET https://books.toscrape.com/catalogue/the-requiem-red_995/index.html -> 200: OK
2026-09-22 00:14:24 | DEBUG    | parser.utils.http_client | GET https://books.toscrape.com/catalogue/the-dirty-little-secrets-of-getting-your-dream-job_994/index.html (timeout=10.0)
2026-09-22 00:14:25 | INFO     | parser.utils.http_client | GET https://books.toscrape.com/catalogue/the-dirty-little-secrets-of-getting-your-dream-job_994/index.html -> 200: OK
2026-09-22 00:14:26 | DEBUG    | parser.utils.http_client | GET https://books.toscrape.com/catalogue/the-coming-woman-a-novel-based-on-the-life-of-the-infamous-feminist-victoria-woodhull_993/index.html (timeout=10.0)
2026-09-22 00:14:26 | INFO     | parser.utils.http_client | GET https://books.toscrape.com/catalogue/the-coming-woman-a-novel-based-on-the-life-of-the-infamous-feminist-victoria-woodhull_993/index.html -> 200: OK
2026-09-22 00:14:27 | DEBUG    | parser.utils.http_client | GET https://books.toscrape.com/catalogue/the-boys-in-the-boat-nine-americans-and-their-epic-quest-for-gold-at-the-1936-berlin-olympics_992/index.html (timeout=10.0)
2026-09-22 00:14:28 | INFO     | parser.utils.http_client | GET https://books.toscrape.com/catalogue/the-boys-in-the-boat-nine-americans-and-their-epic-quest-for-gold-at-the-1936-berlin-olympics_992/index.html -> 200: OK
2026-09-22 00:14:29 | DEBUG    | parser.utils.http_client | GET https://books.toscrape.com/catalogue/the-black-maria_991/index.html (timeout=10.0)
2026-09-22 00:14:29 | INFO     | parser.utils.http_client | GET https://books.toscrape.com/catalogue/the-black-maria_991/index.html -> 200: OK
2026-09-22 00:14:30 | DEBUG    | parser.utils.http_client | GET https://books.toscrape.com/catalogue/starving-hearts-triangular-trade-trilogy-1_990/index.html (timeout=10.0)
2026-09-22 00:14:31 | INFO     | parser.utils.http_client | GET https://books.toscrape.com/catalogue/starving-hearts-triangular-trade-trilogy-1_990/index.html -> 200: OK
2026-09-22 00:14:31 | DEBUG    | parser.utils.http_client | GET https://books.toscrape.com/catalogue/shakespeares-sonnets_989/index.html (timeout=10.0)
2026-09-22 00:14:32 | INFO     | parser.utils.http_client | GET https://books.toscrape.com/catalogue/shakespeares-sonnets_989/index.html -> 200: OK
2026-09-22 00:14:33 | DEBUG    | parser.utils.http_client | GET https://books.toscrape.com/catalogue/set-me-free_988/index.html (timeout=10.0)
2026-09-22 00:14:33 | INFO     | parser.utils.http_client | GET https://books.toscrape.com/catalogue/set-me-free_988/index.html -> 200: OK
2026-09-22 00:14:34 | DEBUG    | parser.utils.http_client | GET https://books.toscrape.com/catalogue/scott-pilgrims-precious-little-life-scott-pilgrim-1_987/index.html (timeout=10.0)
2026-09-22 00:14:35 | INFO     | parser.utils.http_client | GET https://books.toscrape.com/catalogue/scott-pilgrims-precious-little-life-scott-pilgrim-1_987/index.html -> 200: OK
2026-09-22 00:14:36 | DEBUG    | parser.utils.http_client | GET https://books.toscrape.com/catalogue/rip-it-up-and-start-again_986/index.html (timeout=10.0)
2026-09-22 00:14:36 | INFO     | parser.utils.http_client | GET https://books.toscrape.com/catalogue/rip-it-up-and-start-again_986/index.html -> 200: OK
2026-09-22 00:14:37 | DEBUG    | parser.utils.http_client | GET https://books.toscrape.com/catalogue/our-band-could-be-your-life-scenes-from-the-american-indie-underground-1981-1991_985/index.html (timeout=10.0)
2026-09-22 00:14:38 | INFO     | parser.utils.http_client | GET https://books.toscrape.com/catalogue/our-band-could-be-your-life-scenes-from-the-american-indie-underground-1981-1991_985/index.html -> 200: OK
2026-09-22 00:14:38 | DEBUG    | parser.utils.http_client | GET https://books.toscrape.com/catalogue/olio_984/index.html (timeout=10.0)
2026-09-22 00:14:39 | INFO     | parser.utils.http_client | GET https://books.toscrape.com/catalogue/olio_984/index.html -> 200: OK
2026-09-22 00:14:39 | DEBUG    | parser.utils.http_client | GET https://books.toscrape.com/catalogue/mesaerion-the-best-science-fiction-stories-1800-1849_983/index.html (timeout=10.0)
2026-09-22 00:14:40 | INFO     | parser.utils.http_client | GET https://books.toscrape.com/catalogue/mesaerion-the-best-science-fiction-stories-1800-1849_983/index.html -> 200: OK
2026-09-22 00:14:41 | DEBUG    | parser.utils.http_client | GET https://books.toscrape.com/catalogue/libertarianism-for-beginners_982/index.html (timeout=10.0)
2026-09-22 00:14:42 | INFO     | parser.utils.http_client | GET https://books.toscrape.com/catalogue/libertarianism-for-beginners_982/index.html -> 200: OK
2026-09-22 00:14:42 | DEBUG    | parser.utils.http_client | GET https://books.toscrape.com/catalogue/its-only-the-himalayas_981/index.html (timeout=10.0)
2026-09-22 00:14:43 | INFO     | parser.utils.http_client | GET https://books.toscrape.com/catalogue/its-only-the-himalayas_981/index.html -> 200: OK
2026-09-22 00:14:44 | DEBUG    | parser.parsers.pagination | Следующая страница: https://books.toscrape.com/catalogue/page-2.html
2026-09-22 00:14:44 | INFO     | parser.scrapers.catalogue | Собрано 20 книг с 1 страниц
2026-09-22 00:14:44 | INFO     | parser.scrapers.catalogue | Страница 2: https://books.toscrape.com/catalogue/page-2.html
2026-09-22 00:14:44 | DEBUG    | parser.utils.http_client | GET https://books.toscrape.com/catalogue/page-2.html (timeout=10.0)
2026-09-22 00:14:45 | INFO     | parser.utils.http_client | GET https://books.toscrape.com/catalogue/page-2.html -> 200: OK
2026-09-22 00:14:45 | INFO     | parser.scrapers.catalogue | Получено 50877 символов
2026-09-22 00:14:45 | INFO     | parser.parsers.book_list | Найдено 20 карточек
2026-09-22 00:14:45 | INFO     | parser.parsers.book_list | Разобрано 20 из 20 карточек
2026-09-22 00:14:45 | DEBUG    | parser.utils.http_client | GET https://books.toscrape.com/catalogue/in-her-wake_980/index.html (timeout=10.0)
2026-09-22 00:14:46 | INFO     | parser.utils.http_client | GET https://books.toscrape.com/catalogue/in-her-wake_980/index.html -> 200: OK
2026-09-22 00:14:46 | DEBUG    | parser.utils.http_client | GET https://books.toscrape.com/catalogue/how-music-works_979/index.html (timeout=10.0)
2026-09-22 00:14:47 | INFO     | parser.utils.http_client | GET https://books.toscrape.com/catalogue/how-music-works_979/index.html -> 200: OK
2026-09-22 00:14:48 | DEBUG    | parser.utils.http_client | GET https://books.toscrape.com/catalogue/foolproof-preserving-a-guide-to-small-batch-jams-jellies-pickles-condiments-and-more-a-foolproof-guide-to-making-small-batch-jams-jellies-pickles-condiments-and-more_978/index.html (timeout=10.0)
2026-09-22 00:14:48 | INFO     | parser.utils.http_client | GET https://books.toscrape.com/catalogue/foolproof-preserving-a-guide-to-small-batch-jams-jellies-pickles-condiments-and-more-a-foolproof-guide-to-making-small-batch-jams-jellies-pickles-condiments-and-more_978/index.html -> 200: OK
2026-09-22 00:14:49 | DEBUG    | parser.utils.http_client | GET https://books.toscrape.com/catalogue/chase-me-paris-nights-2_977/index.html (timeout=10.0)
2026-09-22 00:14:50 | INFO     | parser.utils.http_client | GET https://books.toscrape.com/catalogue/chase-me-paris-nights-2_977/index.html -> 200: OK
2026-09-22 00:14:50 | DEBUG    | parser.utils.http_client | GET https://books.toscrape.com/catalogue/black-dust_976/index.html (timeout=10.0)
2026-09-22 00:14:51 | INFO     | parser.utils.http_client | GET https://books.toscrape.com/catalogue/black-dust_976/index.html -> 200: OK
2026-09-22 00:14:52 | DEBUG    | parser.utils.http_client | GET https://books.toscrape.com/catalogue/birdsong-a-story-in-pictures_975/index.html (timeout=10.0)
2026-09-22 00:14:52 | INFO     | parser.utils.http_client | GET https://books.toscrape.com/catalogue/birdsong-a-story-in-pictures_975/index.html -> 200: OK
2026-09-22 00:14:53 | DEBUG    | parser.utils.http_client | GET https://books.toscrape.com/catalogue/americas-cradle-of-quarterbacks-western-pennsylvanias-football-factory-from-johnny-unitas-to-joe-montana_974/index.html (timeout=10.0)
2026-09-22 00:14:54 | INFO     | parser.utils.http_client | GET https://books.toscrape.com/catalogue/americas-cradle-of-quarterbacks-western-pennsylvanias-football-factory-from-johnny-unitas-to-joe-montana_974/index.html -> 200: OK
2026-09-22 00:14:54 | DEBUG    | parser.utils.http_client | GET https://books.toscrape.com/catalogue/aladdin-and-his-wonderful-lamp_973/index.html (timeout=10.0)
2026-09-22 00:14:55 | INFO     | parser.utils.http_client | GET https://books.toscrape.com/catalogue/aladdin-and-his-wonderful-lamp_973/index.html -> 200: OK
2026-09-22 00:14:56 | DEBUG    | parser.utils.http_client | GET https://books.toscrape.com/catalogue/worlds-elsewhere-journeys-around-shakespeares-globe_972/index.html (timeout=10.0)
2026-09-22 00:14:56 | INFO     | parser.utils.http_client | GET https://books.toscrape.com/catalogue/worlds-elsewhere-journeys-around-shakespeares-globe_972/index.html -> 200: OK
2026-09-22 00:14:57 | DEBUG    | parser.utils.http_client | GET https://books.toscrape.com/catalogue/wall-and-piece_971/index.html (timeout=10.0)
2026-09-22 00:14:58 | INFO     | parser.utils.http_client | GET https://books.toscrape.com/catalogue/wall-and-piece_971/index.html -> 200: OK
2026-09-22 00:14:58 | DEBUG    | parser.utils.http_client | GET https://books.toscrape.com/catalogue/the-four-agreements-a-practical-guide-to-personal-freedom_970/index.html (timeout=10.0)
2026-09-22 00:14:59 | INFO     | parser.utils.http_client | GET https://books.toscrape.com/catalogue/the-four-agreements-a-practical-guide-to-personal-freedom_970/index.html -> 200: OK
2026-09-22 00:15:00 | DEBUG    | parser.utils.http_client | GET https://books.toscrape.com/catalogue/the-five-love-languages-how-to-express-heartfelt-commitment-to-your-mate_969/index.html (timeout=10.0)
2026-09-22 00:15:01 | INFO     | parser.utils.http_client | GET https://books.toscrape.com/catalogue/the-five-love-languages-how-to-express-heartfelt-commitment-to-your-mate_969/index.html -> 200: OK
2026-09-22 00:15:01 | DEBUG    | parser.utils.http_client | GET https://books.toscrape.com/catalogue/the-elephant-tree_968/index.html (timeout=10.0)
2026-09-22 00:15:02 | INFO     | parser.utils.http_client | GET https://books.toscrape.com/catalogue/the-elephant-tree_968/index.html -> 200: OK
2026-09-22 00:15:03 | DEBUG    | parser.utils.http_client | GET https://books.toscrape.com/catalogue/the-bear-and-the-piano_967/index.html (timeout=10.0)
2026-09-22 00:15:03 | INFO     | parser.utils.http_client | GET https://books.toscrape.com/catalogue/the-bear-and-the-piano_967/index.html -> 200: OK
2026-09-22 00:15:04 | DEBUG    | parser.utils.http_client | GET https://books.toscrape.com/catalogue/sophies-world_966/index.html (timeout=10.0)
2026-09-22 00:15:05 | INFO     | parser.utils.http_client | GET https://books.toscrape.com/catalogue/sophies-world_966/index.html -> 200: OK
2026-09-22 00:15:05 | DEBUG    | parser.utils.http_client | GET https://books.toscrape.com/catalogue/penny-maybe_965/index.html (timeout=10.0)
2026-09-22 00:15:06 | INFO     | parser.utils.http_client | GET https://books.toscrape.com/catalogue/penny-maybe_965/index.html -> 200: OK
2026-09-22 00:15:06 | DEBUG    | parser.utils.http_client | GET https://books.toscrape.com/catalogue/maude-1883-1993she-grew-up-with-the-country_964/index.html (timeout=10.0)
2026-09-22 00:15:07 | INFO     | parser.utils.http_client | GET https://books.toscrape.com/catalogue/maude-1883-1993she-grew-up-with-the-country_964/index.html -> 200: OK
2026-09-22 00:15:08 | DEBUG    | parser.utils.http_client | GET https://books.toscrape.com/catalogue/in-a-dark-dark-wood_963/index.html (timeout=10.0)
2026-09-22 00:15:09 | INFO     | parser.utils.http_client | GET https://books.toscrape.com/catalogue/in-a-dark-dark-wood_963/index.html -> 200: OK
2026-09-22 00:15:09 | DEBUG    | parser.utils.http_client | GET https://books.toscrape.com/catalogue/behind-closed-doors_962/index.html (timeout=10.0)
2026-09-22 00:15:10 | INFO     | parser.utils.http_client | GET https://books.toscrape.com/catalogue/behind-closed-doors_962/index.html -> 200: OK
2026-09-22 00:15:11 | DEBUG    | parser.utils.http_client | GET https://books.toscrape.com/catalogue/you-cant-bury-them-all-poems_961/index.html (timeout=10.0)
2026-09-22 00:15:11 | INFO     | parser.utils.http_client | GET https://books.toscrape.com/catalogue/you-cant-bury-them-all-poems_961/index.html -> 200: OK
2026-09-22 00:15:12 | DEBUG    | parser.parsers.pagination | Следующая страница: https://books.toscrape.com/catalogue/page-3.html
2026-09-22 00:15:12 | INFO     | parser.scrapers.catalogue | Собрано 40 книг с 2 страниц
2026-09-22 00:15:12 | INFO     | parser.scrapers.catalogue | Страница 3: https://books.toscrape.com/catalogue/page-3.html
2026-09-22 00:15:12 | DEBUG    | parser.utils.http_client | GET https://books.toscrape.com/catalogue/page-3.html (timeout=10.0)
2026-09-22 00:15:13 | INFO     | parser.utils.http_client | GET https://books.toscrape.com/catalogue/page-3.html -> 200: OK
2026-09-22 00:15:13 | INFO     | parser.scrapers.catalogue | Получено 51374 символов
2026-09-22 00:15:13 | INFO     | parser.parsers.book_list | Найдено 20 карточек
2026-09-22 00:15:13 | INFO     | parser.parsers.book_list | Разобрано 20 из 20 карточек
2026-09-22 00:15:13 | DEBUG    | parser.utils.http_client | GET https://books.toscrape.com/catalogue/slow-states-of-collapse-poems_960/index.html (timeout=10.0)
2026-09-22 00:15:14 | INFO     | parser.utils.http_client | GET https://books.toscrape.com/catalogue/slow-states-of-collapse-poems_960/index.html -> 200: OK
2026-09-22 00:15:14 | DEBUG    | parser.utils.http_client | GET https://books.toscrape.com/catalogue/reasons-to-stay-alive_959/index.html (timeout=10.0)
2026-09-22 00:15:15 | INFO     | parser.utils.http_client | GET https://books.toscrape.com/catalogue/reasons-to-stay-alive_959/index.html -> 200: OK
2026-09-22 00:15:15 | DEBUG    | parser.utils.http_client | GET https://books.toscrape.com/catalogue/private-paris-private-10_958/index.html (timeout=10.0)
2026-09-22 00:15:16 | INFO     | parser.utils.http_client | GET https://books.toscrape.com/catalogue/private-paris-private-10_958/index.html -> 200: OK
2026-09-22 00:15:17 | DEBUG    | parser.utils.http_client | GET https://books.toscrape.com/catalogue/higherselfie-wake-up-your-life-free-your-soul-find-your-tribe_957/index.html (timeout=10.0)
2026-09-22 00:15:17 | INFO     | parser.utils.http_client | GET https://books.toscrape.com/catalogue/higherselfie-wake-up-your-life-free-your-soul-find-your-tribe_957/index.html -> 200: OK
2026-09-22 00:15:18 | DEBUG    | parser.utils.http_client | GET https://books.toscrape.com/catalogue/without-borders-wanderlove-1_956/index.html (timeout=10.0)
2026-09-22 00:15:18 | INFO     | parser.utils.http_client | GET https://books.toscrape.com/catalogue/without-borders-wanderlove-1_956/index.html -> 200: OK
2026-09-22 00:15:19 | DEBUG    | parser.utils.http_client | GET https://books.toscrape.com/catalogue/when-we-collided_955/index.html (timeout=10.0)
2026-09-22 00:15:20 | INFO     | parser.utils.http_client | GET https://books.toscrape.com/catalogue/when-we-collided_955/index.html -> 200: OK
2026-09-22 00:15:21 | DEBUG    | parser.utils.http_client | GET https://books.toscrape.com/catalogue/we-love-you-charlie-freeman_954/index.html (timeout=10.0)
2026-09-22 00:15:21 | INFO     | parser.utils.http_client | GET https://books.toscrape.com/catalogue/we-love-you-charlie-freeman_954/index.html -> 200: OK
2026-09-22 00:15:22 | DEBUG    | parser.utils.http_client | GET https://books.toscrape.com/catalogue/untitled-collection-sabbath-poems-2014_953/index.html (timeout=10.0)
2026-09-22 00:15:22 | INFO     | parser.utils.http_client | GET https://books.toscrape.com/catalogue/untitled-collection-sabbath-poems-2014_953/index.html -> 200: OK
2026-09-22 00:15:23 | DEBUG    | parser.utils.http_client | GET https://books.toscrape.com/catalogue/unseen-city-the-majesty-of-pigeons-the-discreet-charm-of-snails-other-wonders-of-the-urban-wilderness_952/index.html (timeout=10.0)
2026-09-22 00:15:23 | INFO     | parser.utils.http_client | GET https://books.toscrape.com/catalogue/unseen-city-the-majesty-of-pigeons-the-discreet-charm-of-snails-other-wonders-of-the-urban-wilderness_952/index.html -> 200: OK
2026-09-22 00:15:24 | DEBUG    | parser.utils.http_client | GET https://books.toscrape.com/catalogue/unicorn-tracks_951/index.html (timeout=10.0)
2026-09-22 00:15:25 | INFO     | parser.utils.http_client | GET https://books.toscrape.com/catalogue/unicorn-tracks_951/index.html -> 200: OK
2026-09-22 00:15:26 | DEBUG    | parser.utils.http_client | GET https://books.toscrape.com/catalogue/unbound-how-eight-technologies-made-us-human-transformed-society-and-brought-our-world-to-the-brink_950/index.html (timeout=10.0)
2026-09-22 00:15:26 | INFO     | parser.utils.http_client | GET https://books.toscrape.com/catalogue/unbound-how-eight-technologies-made-us-human-transformed-society-and-brought-our-world-to-the-brink_950/index.html -> 200: OK
2026-09-22 00:15:27 | DEBUG    | parser.utils.http_client | GET https://books.toscrape.com/catalogue/tsubasa-world-chronicle-2-tsubasa-world-chronicle-2_949/index.html (timeout=10.0)
2026-09-22 00:15:28 | INFO     | parser.utils.http_client | GET https://books.toscrape.com/catalogue/tsubasa-world-chronicle-2-tsubasa-world-chronicle-2_949/index.html -> 200: OK
2026-09-22 00:15:28 | DEBUG    | parser.utils.http_client | GET https://books.toscrape.com/catalogue/throwing-rocks-at-the-google-bus-how-growth-became-the-enemy-of-prosperity_948/index.html (timeout=10.0)
2026-09-22 00:15:29 | INFO     | parser.utils.http_client | GET https://books.toscrape.com/catalogue/throwing-rocks-at-the-google-bus-how-growth-became-the-enemy-of-prosperity_948/index.html -> 200: OK
2026-09-22 00:15:30 | DEBUG    | parser.utils.http_client | GET https://books.toscrape.com/catalogue/this-one-summer_947/index.html (timeout=10.0)
2026-09-22 00:15:31 | INFO     | parser.utils.http_client | GET https://books.toscrape.com/catalogue/this-one-summer_947/index.html -> 200: OK
2026-09-22 00:15:31 | DEBUG    | parser.utils.http_client | GET https://books.toscrape.com/catalogue/thirst_946/index.html (timeout=10.0)
2026-09-22 00:15:32 | INFO     | parser.utils.http_client | GET https://books.toscrape.com/catalogue/thirst_946/index.html -> 200: OK
2026-09-22 00:15:32 | DEBUG    | parser.utils.http_client | GET https://books.toscrape.com/catalogue/the-torch-is-passed-a-harding-family-story_945/index.html (timeout=10.0)
2026-09-22 00:15:33 | INFO     | parser.utils.http_client | GET https://books.toscrape.com/catalogue/the-torch-is-passed-a-harding-family-story_945/index.html -> 200: OK
2026-09-22 00:15:33 | DEBUG    | parser.utils.http_client | GET https://books.toscrape.com/catalogue/the-secret-of-dreadwillow-carse_944/index.html (timeout=10.0)
2026-09-22 00:15:34 | INFO     | parser.utils.http_client | GET https://books.toscrape.com/catalogue/the-secret-of-dreadwillow-carse_944/index.html -> 200: OK
2026-09-22 00:15:35 | DEBUG    | parser.utils.http_client | GET https://books.toscrape.com/catalogue/the-pioneer-woman-cooks-dinnertime-comfort-classics-freezer-food-16-minute-meals-and-other-delicious-ways-to-solve-supper_943/index.html (timeout=10.0)
2026-09-22 00:15:35 | INFO     | parser.utils.http_client | GET https://books.toscrape.com/catalogue/the-pioneer-woman-cooks-dinnertime-comfort-classics-freezer-food-16-minute-meals-and-other-delicious-ways-to-solve-supper_943/index.html -> 200: OK
2026-09-22 00:15:36 | DEBUG    | parser.utils.http_client | GET https://books.toscrape.com/catalogue/the-past-never-ends_942/index.html (timeout=10.0)
2026-09-22 00:15:37 | INFO     | parser.utils.http_client | GET https://books.toscrape.com/catalogue/the-past-never-ends_942/index.html -> 200: OK
2026-09-22 00:15:37 | DEBUG    | parser.utils.http_client | GET https://books.toscrape.com/catalogue/the-natural-history-of-us-the-fine-art-of-pretending-2_941/index.html (timeout=10.0)
2026-09-22 00:15:38 | INFO     | parser.utils.http_client | GET https://books.toscrape.com/catalogue/the-natural-history-of-us-the-fine-art-of-pretending-2_941/index.html -> 200: OK
2026-09-22 00:15:39 | DEBUG    | parser.parsers.pagination | Следующая страница: https://books.toscrape.com/catalogue/page-4.html
2026-09-22 00:15:39 | INFO     | parser.scrapers.catalogue | Собрано 60 книг с 3 страниц
2026-09-22 00:15:39 | INFO     | parser.scrapers.catalogue | Страница 4: https://books.toscrape.com/catalogue/page-4.html
2026-09-22 00:15:39 | DEBUG    | parser.utils.http_client | GET https://books.toscrape.com/catalogue/page-4.html (timeout=10.0)
2026-09-22 00:15:40 | INFO     | parser.utils.http_client | GET https://books.toscrape.com/catalogue/page-4.html -> 200: OK
2026-09-22 00:15:40 | INFO     | parser.scrapers.catalogue | Получено 52524 символов
2026-09-22 00:15:40 | INFO     | parser.parsers.book_list | Найдено 20 карточек
2026-09-22 00:15:40 | INFO     | parser.parsers.book_list | Разобрано 20 из 20 карточек
2026-09-22 00:15:40 | DEBUG    | parser.utils.http_client | GET https://books.toscrape.com/catalogue/the-nameless-city-the-nameless-city-1_940/index.html (timeout=10.0)
2026-09-22 00:15:40 | INFO     | parser.utils.http_client | GET https://books.toscrape.com/catalogue/the-nameless-city-the-nameless-city-1_940/index.html -> 200: OK
2026-09-22 00:15:41 | DEBUG    | parser.utils.http_client | GET https://books.toscrape.com/catalogue/the-murder-that-never-was-forensic-instincts-5_939/index.html (timeout=10.0)
2026-09-22 00:15:42 | INFO     | parser.utils.http_client | GET https://books.toscrape.com/catalogue/the-murder-that-never-was-forensic-instincts-5_939/index.html -> 200: OK
2026-09-22 00:15:42 | DEBUG    | parser.utils.http_client | GET https://books.toscrape.com/catalogue/the-most-perfect-thing-inside-and-outside-a-birds-egg_938/index.html (timeout=10.0)
2026-09-22 00:15:43 | INFO     | parser.utils.http_client | GET https://books.toscrape.com/catalogue/the-most-perfect-thing-inside-and-outside-a-birds-egg_938/index.html -> 200: OK
2026-09-22 00:15:44 | DEBUG    | parser.utils.http_client | GET https://books.toscrape.com/catalogue/the-mindfulness-and-acceptance-workbook-for-anxiety-a-guide-to-breaking-free-from-anxiety-phobias-and-worry-using-acceptance-and-commitment-therapy_937/index.html (timeout=10.0)
2026-09-22 00:15:44 | INFO     | parser.utils.http_client | GET https://books.toscrape.com/catalogue/the-mindfulness-and-acceptance-workbook-for-anxiety-a-guide-to-breaking-free-from-anxiety-phobias-and-worry-using-acceptance-and-commitment-therapy_937/index.html -> 200: OK
2026-09-22 00:15:45 | DEBUG    | parser.utils.http_client | GET https://books.toscrape.com/catalogue/the-life-changing-magic-of-tidying-up-the-japanese-art-of-decluttering-and-organizing_936/index.html (timeout=10.0)
2026-09-22 00:15:46 | INFO     | parser.utils.http_client | GET https://books.toscrape.com/catalogue/the-life-changing-magic-of-tidying-up-the-japanese-art-of-decluttering-and-organizing_936/index.html -> 200: OK
2026-09-22 00:15:47 | DEBUG    | parser.utils.http_client | GET https://books.toscrape.com/catalogue/the-inefficiency-assassin-time-management-tactics-for-working-smarter-not-longer_935/index.html (timeout=10.0)
2026-09-22 00:15:47 | INFO     | parser.utils.http_client | GET https://books.toscrape.com/catalogue/the-inefficiency-assassin-time-management-tactics-for-working-smarter-not-longer_935/index.html -> 200: OK
2026-09-22 00:15:48 | DEBUG    | parser.utils.http_client | GET https://books.toscrape.com/catalogue/the-gutsy-girl-escapades-for-your-life-of-epic-adventure_934/index.html (timeout=10.0)
2026-09-22 00:15:49 | INFO     | parser.utils.http_client | GET https://books.toscrape.com/catalogue/the-gutsy-girl-escapades-for-your-life-of-epic-adventure_934/index.html -> 200: OK
2026-09-22 00:15:50 | DEBUG    | parser.utils.http_client | GET https://books.toscrape.com/catalogue/the-electric-pencil-drawings-from-inside-state-hospital-no-3_933/index.html (timeout=10.0)
2026-09-22 00:15:50 | INFO     | parser.utils.http_client | GET https://books.toscrape.com/catalogue/the-electric-pencil-drawings-from-inside-state-hospital-no-3_933/index.html -> 200: OK
2026-09-22 00:15:51 | DEBUG    | parser.utils.http_client | GET https://books.toscrape.com/catalogue/the-death-of-humanity-and-the-case-for-life_932/index.html (timeout=10.0)
2026-09-22 00:15:51 | INFO     | parser.utils.http_client | GET https://books.toscrape.com/catalogue/the-death-of-humanity-and-the-case-for-life_932/index.html -> 200: OK
2026-09-22 00:15:52 | DEBUG    | parser.utils.http_client | GET https://books.toscrape.com/catalogue/the-bulletproof-diet-lose-up-to-a-pound-a-day-reclaim-energy-and-focus-upgrade-your-life_931/index.html (timeout=10.0)
2026-09-22 00:15:53 | INFO     | parser.utils.http_client | GET https://books.toscrape.com/catalogue/the-bulletproof-diet-lose-up-to-a-pound-a-day-reclaim-energy-and-focus-upgrade-your-life_931/index.html -> 200: OK
2026-09-22 00:15:54 | DEBUG    | parser.utils.http_client | GET https://books.toscrape.com/catalogue/the-art-forger_930/index.html (timeout=10.0)
2026-09-22 00:15:54 | INFO     | parser.utils.http_client | GET https://books.toscrape.com/catalogue/the-art-forger_930/index.html -> 200: OK
2026-09-22 00:15:55 | DEBUG    | parser.utils.http_client | GET https://books.toscrape.com/catalogue/the-age-of-genius-the-seventeenth-century-and-the-birth-of-the-modern-mind_929/index.html (timeout=10.0)
2026-09-22 00:15:56 | INFO     | parser.utils.http_client | GET https://books.toscrape.com/catalogue/the-age-of-genius-the-seventeenth-century-and-the-birth-of-the-modern-mind_929/index.html -> 200: OK
2026-09-22 00:15:56 | DEBUG    | parser.utils.http_client | GET https://books.toscrape.com/catalogue/the-activists-tao-te-ching-ancient-advice-for-a-modern-revolution_928/index.html (timeout=10.0)
2026-09-22 00:15:57 | INFO     | parser.utils.http_client | GET https://books.toscrape.com/catalogue/the-activists-tao-te-ching-ancient-advice-for-a-modern-revolution_928/index.html -> 200: OK
2026-09-22 00:15:58 | DEBUG    | parser.utils.http_client | GET https://books.toscrape.com/catalogue/spark-joy-an-illustrated-master-class-on-the-art-of-organizing-and-tidying-up_927/index.html (timeout=10.0)
2026-09-22 00:15:58 | INFO     | parser.utils.http_client | GET https://books.toscrape.com/catalogue/spark-joy-an-illustrated-master-class-on-the-art-of-organizing-and-tidying-up_927/index.html -> 200: OK
2026-09-22 00:15:59 | DEBUG    | parser.utils.http_client | GET https://books.toscrape.com/catalogue/soul-reader_926/index.html (timeout=10.0)
2026-09-22 00:16:00 | INFO     | parser.utils.http_client | GET https://books.toscrape.com/catalogue/soul-reader_926/index.html -> 200: OK
2026-09-22 00:16:00 | DEBUG    | parser.utils.http_client | GET https://books.toscrape.com/catalogue/security_925/index.html (timeout=10.0)
2026-09-22 00:16:01 | INFO     | parser.utils.http_client | GET https://books.toscrape.com/catalogue/security_925/index.html -> 200: OK
2026-09-22 00:16:02 | DEBUG    | parser.utils.http_client | GET https://books.toscrape.com/catalogue/saga-volume-6-saga-collected-editions-6_924/index.html (timeout=10.0)
2026-09-22 00:16:03 | INFO     | parser.utils.http_client | GET https://books.toscrape.com/catalogue/saga-volume-6-saga-collected-editions-6_924/index.html -> 200: OK
2026-09-22 00:16:03 | DEBUG    | parser.utils.http_client | GET https://books.toscrape.com/catalogue/saga-volume-5-saga-collected-editions-5_923/index.html (timeout=10.0)
2026-09-22 00:16:04 | INFO     | parser.utils.http_client | GET https://books.toscrape.com/catalogue/saga-volume-5-saga-collected-editions-5_923/index.html -> 200: OK
2026-09-22 00:16:05 | DEBUG    | parser.utils.http_client | GET https://books.toscrape.com/catalogue/reskilling-america-learning-to-labor-in-the-twenty-first-century_922/index.html (timeout=10.0)
2026-09-22 00:16:05 | INFO     | parser.utils.http_client | GET https://books.toscrape.com/catalogue/reskilling-america-learning-to-labor-in-the-twenty-first-century_922/index.html -> 200: OK
2026-09-22 00:16:06 | DEBUG    | parser.utils.http_client | GET https://books.toscrape.com/catalogue/rat-queens-vol-3-demons-rat-queens-collected-editions-11-15_921/index.html (timeout=10.0)
2026-09-22 00:16:06 | INFO     | parser.utils.http_client | GET https://books.toscrape.com/catalogue/rat-queens-vol-3-demons-rat-queens-collected-editions-11-15_921/index.html -> 200: OK
2026-09-22 00:16:07 | DEBUG    | __main__ | Номер книги - 0, название - A Light in the Attic, рейтинг - 3, цена - 51.77 GBP
2026-09-22 00:16:07 | DEBUG    | __main__ | Номер книги - 1, название - Tipping the Velvet, рейтинг - 1, цена - 53.74 GBP
2026-09-22 00:16:07 | DEBUG    | __main__ | Номер книги - 2, название - Soumission, рейтинг - 1, цена - 50.10 GBP
2026-09-22 00:16:07 | DEBUG    | __main__ | Номер книги - 3, название - Sharp Objects, рейтинг - 4, цена - 47.82 GBP
2026-09-22 00:16:07 | DEBUG    | __main__ | Номер книги - 4, название - Sapiens: A Brief History of Humankind, рейтинг - 5, цена - 54.23 GBP
2026-09-22 00:16:07 | DEBUG    | __main__ | Номер книги - 5, название - The Requiem Red, рейтинг - 1, цена - 22.65 GBP
2026-09-22 00:16:07 | DEBUG    | __main__ | Номер книги - 6, название - The Dirty Little Secrets of Getting Your Dream Job, рейтинг - 4, цена - 33.34 GBP
2026-09-22 00:16:07 | DEBUG    | __main__ | Номер книги - 7, название - The Coming Woman: A Novel Based on the Life of the Infamous Feminist, Victoria Woodhull, рейтинг - 3, цена - 17.93 GBP
2026-09-22 00:16:07 | DEBUG    | __main__ | Номер книги - 8, название - The Boys in the Boat: Nine Americans and Their Epic Quest for Gold at the 1936 Berlin Olympics, рейтинг - 4, цена - 22.60 GBP
2026-09-22 00:16:07 | DEBUG    | __main__ | Номер книги - 9, название - The Black Maria, рейтинг - 1, цена - 52.15 GBP
2026-09-22 00:16:07 | DEBUG    | __main__ | Номер книги - 10, название - Starving Hearts (Triangular Trade Trilogy, #1), рейтинг - 2, цена - 13.99 GBP
2026-09-22 00:16:07 | DEBUG    | __main__ | Номер книги - 11, название - Shakespeare's Sonnets, рейтинг - 4, цена - 20.66 GBP
2026-09-22 00:16:07 | DEBUG    | __main__ | Номер книги - 12, название - Set Me Free, рейтинг - 5, цена - 17.46 GBP
2026-09-22 00:16:07 | DEBUG    | __main__ | Номер книги - 13, название - Scott Pilgrim's Precious Little Life (Scott Pilgrim #1), рейтинг - 5, цена - 52.29 GBP
2026-09-22 00:16:07 | DEBUG    | __main__ | Номер книги - 14, название - Rip it Up and Start Again, рейтинг - 5, цена - 35.02 GBP
2026-09-22 00:16:07 | DEBUG    | __main__ | Номер книги - 15, название - Our Band Could Be Your Life: Scenes from the American Indie Underground, 1981-1991, рейтинг - 3, цена - 57.25 GBP
2026-09-22 00:16:07 | DEBUG    | __main__ | Номер книги - 16, название - Olio, рейтинг - 1, цена - 23.88 GBP
2026-09-22 00:16:07 | DEBUG    | __main__ | Номер книги - 17, название - Mesaerion: The Best Science Fiction Stories 1800-1849, рейтинг - 1, цена - 37.59 GBP
2026-09-22 00:16:07 | DEBUG    | __main__ | Номер книги - 18, название - Libertarianism for Beginners, рейтинг - 2, цена - 51.33 GBP
2026-09-22 00:16:07 | DEBUG    | __main__ | Номер книги - 19, название - It's Only the Himalayas, рейтинг - 2, цена - 45.17 GBP
2026-09-22 00:16:07 | DEBUG    | __main__ | Номер книги - 20, название - In Her Wake, рейтинг - 1, цена - 12.84 GBP
2026-09-22 00:16:07 | DEBUG    | __main__ | Номер книги - 21, название - How Music Works, рейтинг - 2, цена - 37.32 GBP
2026-09-22 00:16:07 | DEBUG    | __main__ | Номер книги - 22, название - Foolproof Preserving: A Guide to Small Batch Jams, Jellies, Pickles, Condiments, and More: A Foolproof Guide to Making Small Batch Jams, Jellies, Pickles, Condiments, and More, рейтинг - 3, цена - 30.52 GBP
2026-09-22 00:16:07 | DEBUG    | __main__ | Номер книги - 23, название - Chase Me (Paris Nights #2), рейтинг - 5, цена - 25.27 GBP
2026-09-22 00:16:07 | DEBUG    | __main__ | Номер книги - 24, название - Black Dust, рейтинг - 5, цена - 34.53 GBP
2026-09-22 00:16:07 | DEBUG    | __main__ | Номер книги - 25, название - Birdsong: A Story in Pictures, рейтинг - 3, цена - 54.64 GBP
2026-09-22 00:16:07 | DEBUG    | __main__ | Номер книги - 26, название - America's Cradle of Quarterbacks: Western Pennsylvania's Football Factory from Johnny Unitas to Joe Montana, рейтинг - 3, цена - 22.50 GBP
2026-09-22 00:16:07 | DEBUG    | __main__ | Номер книги - 27, название - Aladdin and His Wonderful Lamp, рейтинг - 3, цена - 53.13 GBP
2026-09-22 00:16:07 | DEBUG    | __main__ | Номер книги - 28, название - Worlds Elsewhere: Journeys Around Shakespeare’s Globe, рейтинг - 5, цена - 40.30 GBP
2026-09-22 00:16:07 | DEBUG    | __main__ | Номер книги - 29, название - Wall and Piece, рейтинг - 4, цена - 44.18 GBP
2026-09-22 00:16:07 | DEBUG    | __main__ | Номер книги - 30, название - The Four Agreements: A Practical Guide to Personal Freedom, рейтинг - 5, цена - 17.66 GBP
2026-09-22 00:16:07 | DEBUG    | __main__ | Номер книги - 31, название - The Five Love Languages: How to Express Heartfelt Commitment to Your Mate, рейтинг - 3, цена - 31.05 GBP
2026-09-22 00:16:07 | DEBUG    | __main__ | Номер книги - 32, название - The Elephant Tree, рейтинг - 5, цена - 23.82 GBP
2026-09-22 00:16:07 | DEBUG    | __main__ | Номер книги - 33, название - The Bear and the Piano, рейтинг - 1, цена - 36.89 GBP
2026-09-22 00:16:07 | DEBUG    | __main__ | Номер книги - 34, название - Sophie's World, рейтинг - 5, цена - 15.94 GBP
2026-09-22 00:16:07 | DEBUG    | __main__ | Номер книги - 35, название - Penny Maybe, рейтинг - 3, цена - 33.29 GBP
2026-09-22 00:16:07 | DEBUG    | __main__ | Номер книги - 36, название - Maude (1883-1993):She Grew Up with the country, рейтинг - 2, цена - 18.02 GBP
2026-09-22 00:16:07 | DEBUG    | __main__ | Номер книги - 37, название - In a Dark, Dark Wood, рейтинг - 1, цена - 19.63 GBP
2026-09-22 00:16:07 | DEBUG    | __main__ | Номер книги - 38, название - Behind Closed Doors, рейтинг - 4, цена - 52.22 GBP
2026-09-22 00:16:07 | DEBUG    | __main__ | Номер книги - 39, название - You can't bury them all: Poems, рейтинг - 2, цена - 33.63 GBP
2026-09-22 00:16:07 | DEBUG    | __main__ | Номер книги - 40, название - Slow States of Collapse: Poems, рейтинг - 3, цена - 57.31 GBP
2026-09-22 00:16:07 | DEBUG    | __main__ | Номер книги - 41, название - Reasons to Stay Alive, рейтинг - 2, цена - 26.41 GBP
2026-09-22 00:16:07 | DEBUG    | __main__ | Номер книги - 42, название - Private Paris (Private #10), рейтинг - 5, цена - 47.61 GBP
2026-09-22 00:16:07 | DEBUG    | __main__ | Номер книги - 43, название - #HigherSelfie: Wake Up Your Life. Free Your Soul. Find Your Tribe., рейтинг - 5, цена - 23.11 GBP
2026-09-22 00:16:07 | DEBUG    | __main__ | Номер книги - 44, название - Without Borders (Wanderlove #1), рейтинг - 2, цена - 45.07 GBP
2026-09-22 00:16:07 | DEBUG    | __main__ | Номер книги - 45, название - When We Collided, рейтинг - 1, цена - 31.77 GBP
2026-09-22 00:16:07 | DEBUG    | __main__ | Номер книги - 46, название - We Love You, Charlie Freeman, рейтинг - 5, цена - 50.27 GBP
2026-09-22 00:16:07 | DEBUG    | __main__ | Номер книги - 47, название - Untitled Collection: Sabbath Poems 2014, рейтинг - 4, цена - 14.27 GBP
2026-09-22 00:16:07 | DEBUG    | __main__ | Номер книги - 48, название - Unseen City: The Majesty of Pigeons, the Discreet Charm of Snails & Other Wonders of the Urban Wilderness, рейтинг - 4, цена - 44.18 GBP
2026-09-22 00:16:07 | DEBUG    | __main__ | Номер книги - 49, название - Unicorn Tracks, рейтинг - 3, цена - 18.78 GBP
2026-09-22 00:16:07 | DEBUG    | __main__ | Номер книги - 50, название - Unbound: How Eight Technologies Made Us Human, Transformed Society, and Brought Our World to the Brink, рейтинг - 1, цена - 25.52 GBP
2026-09-22 00:16:07 | DEBUG    | __main__ | Номер книги - 51, название - Tsubasa: WoRLD CHRoNiCLE 2 (Tsubasa WoRLD CHRoNiCLE #2), рейтинг - 1, цена - 16.28 GBP
2026-09-22 00:16:07 | DEBUG    | __main__ | Номер книги - 52, название - Throwing Rocks at the Google Bus: How Growth Became the Enemy of Prosperity, рейтинг - 3, цена - 31.12 GBP
2026-09-22 00:16:07 | DEBUG    | __main__ | Номер книги - 53, название - This One Summer, рейтинг - 4, цена - 19.49 GBP
2026-09-22 00:16:07 | DEBUG    | __main__ | Номер книги - 54, название - Thirst, рейтинг - 5, цена - 17.27 GBP
2026-09-22 00:16:07 | DEBUG    | __main__ | Номер книги - 55, название - The Torch Is Passed: A Harding Family Story, рейтинг - 1, цена - 19.09 GBP
2026-09-22 00:16:07 | DEBUG    | __main__ | Номер книги - 56, название - The Secret of Dreadwillow Carse, рейтинг - 1, цена - 56.13 GBP
2026-09-22 00:16:07 | DEBUG    | __main__ | Номер книги - 57, название - The Pioneer Woman Cooks: Dinnertime: Comfort Classics, Freezer Food, 16-Minute Meals, and Other Delicious Ways to Solve Supper!, рейтинг - 1, цена - 56.41 GBP
2026-09-22 00:16:07 | DEBUG    | __main__ | Номер книги - 58, название - The Past Never Ends, рейтинг - 4, цена - 56.50 GBP
2026-09-22 00:16:07 | DEBUG    | __main__ | Номер книги - 59, название - The Natural History of Us (The Fine Art of Pretending #2), рейтинг - 3, цена - 45.22 GBP
2026-09-22 00:16:07 | DEBUG    | __main__ | Номер книги - 60, название - The Nameless City (The Nameless City #1), рейтинг - 4, цена - 38.16 GBP
2026-09-22 00:16:07 | DEBUG    | __main__ | Номер книги - 61, название - The Murder That Never Was (Forensic Instincts #5), рейтинг - 3, цена - 54.11 GBP
2026-09-22 00:16:07 | DEBUG    | __main__ | Номер книги - 62, название - The Most Perfect Thing: Inside (and Outside) a Bird's Egg, рейтинг - 4, цена - 42.96 GBP
2026-09-22 00:16:07 | DEBUG    | __main__ | Номер книги - 63, название - The Mindfulness and Acceptance Workbook for Anxiety: A Guide to Breaking Free from Anxiety, Phobias, and Worry Using Acceptance and Commitment Therapy, рейтинг - 4, цена - 23.89 GBP
2026-09-22 00:16:07 | DEBUG    | __main__ | Номер книги - 64, название - The Life-Changing Magic of Tidying Up: The Japanese Art of Decluttering and Organizing, рейтинг - 3, цена - 16.77 GBP
2026-09-22 00:16:07 | DEBUG    | __main__ | Номер книги - 65, название - The Inefficiency Assassin: Time Management Tactics for Working Smarter, Not Longer, рейтинг - 5, цена - 20.59 GBP
2026-09-22 00:16:07 | DEBUG    | __main__ | Номер книги - 66, название - The Gutsy Girl: Escapades for Your Life of Epic Adventure, рейтинг - 1, цена - 37.13 GBP
2026-09-22 00:16:07 | DEBUG    | __main__ | Номер книги - 67, название - The Electric Pencil: Drawings from Inside State Hospital No. 3, рейтинг - 1, цена - 56.06 GBP
2026-09-22 00:16:07 | DEBUG    | __main__ | Номер книги - 68, название - The Death of Humanity: and the Case for Life, рейтинг - 4, цена - 58.11 GBP
2026-09-22 00:16:07 | DEBUG    | __main__ | Номер книги - 69, название - The Bulletproof Diet: Lose up to a Pound a Day, Reclaim Energy and Focus, Upgrade Your Life, рейтинг - 3, цена - 49.05 GBP
2026-09-22 00:16:07 | DEBUG    | __main__ | Номер книги - 70, название - The Art Forger, рейтинг - 3, цена - 40.76 GBP
2026-09-22 00:16:07 | DEBUG    | __main__ | Номер книги - 71, название - The Age of Genius: The Seventeenth Century and the Birth of the Modern Mind, рейтинг - 1, цена - 19.73 GBP
2026-09-22 00:16:07 | DEBUG    | __main__ | Номер книги - 72, название - The Activist's Tao Te Ching: Ancient Advice for a Modern Revolution, рейтинг - 5, цена - 32.24 GBP
2026-09-22 00:16:07 | DEBUG    | __main__ | Номер книги - 73, название - Spark Joy: An Illustrated Master Class on the Art of Organizing and Tidying Up, рейтинг - 4, цена - 41.83 GBP
2026-09-22 00:16:07 | DEBUG    | __main__ | Номер книги - 74, название - Soul Reader, рейтинг - 2, цена - 39.58 GBP
2026-09-22 00:16:07 | DEBUG    | __main__ | Номер книги - 75, название - Security, рейтинг - 2, цена - 39.25 GBP
2026-09-22 00:16:07 | DEBUG    | __main__ | Номер книги - 76, название - Saga, Volume 6 (Saga (Collected Editions) #6), рейтинг - 3, цена - 25.02 GBP
2026-09-22 00:16:07 | DEBUG    | __main__ | Номер книги - 77, название - Saga, Volume 5 (Saga (Collected Editions) #5), рейтинг - 2, цена - 51.04 GBP
2026-09-22 00:16:07 | DEBUG    | __main__ | Номер книги - 78, название - Reskilling America: Learning to Labor in the Twenty-First Century, рейтинг - 2, цена - 19.83 GBP
2026-09-22 00:16:07 | DEBUG    | __main__ | Номер книги - 79, название - Rat Queens, Vol. 3: Demons (Rat Queens (Collected Editions) #11-15), рейтинг - 3, цена - 50.40 GBP
2026-09-22 00:16:07 | INFO     | parser.storage.csv_storage | Сохранено: 80 записей в C:\Users\dalum\OneDrive\Рабочий стол\python_learn\parser\src\parser\storage\data\books.csv
2026-09-22 00:16:07 | INFO     | parser.storage.json_storage | Сохранено: 80 записей в C:\Users\dalum\OneDrive\Рабочий стол\python_learn\parser\src\parser\storage\data\books.json
2026-09-22 00:16:07 | INFO     | __main__ | Готово
2026-09-22 15:06:02 | INFO     | __main__ | Старт парсера. base_url=https://books.toscrape.com
2026-09-22 15:06:02 | INFO     | parser.scrapers.catalogue | Страница 1: https://books.toscrape.com/catalogue/page-1.html
2026-09-22 15:06:02 | DEBUG    | parser.utils.http_client | GET https://books.toscrape.com/catalogue/page-1.html (timeout=10.0)
2026-09-22 15:06:03 | INFO     | parser.utils.http_client | GET https://books.toscrape.com/catalogue/page-1.html -> 200: OK
2026-09-22 15:06:03 | INFO     | parser.scrapers.catalogue | Получено 50469 символов
2026-09-22 15:06:03 | INFO     | parser.parsers.book_list | Найдено 20 карточек
2026-09-22 15:06:03 | INFO     | parser.parsers.book_list | Разобрано 20 из 20 карточек
2026-09-22 15:06:03 | DEBUG    | parser.utils.http_client | GET https://books.toscrape.com/catalogue/a-light-in-the-attic_1000/index.html (timeout=10.0)
2026-09-22 15:06:03 | INFO     | parser.utils.http_client | GET https://books.toscrape.com/catalogue/a-light-in-the-attic_1000/index.html -> 200: OK
2026-09-22 15:06:04 | DEBUG    | parser.utils.http_client | GET https://books.toscrape.com/catalogue/tipping-the-velvet_999/index.html (timeout=10.0)
2026-09-22 15:06:05 | INFO     | parser.utils.http_client | GET https://books.toscrape.com/catalogue/tipping-the-velvet_999/index.html -> 200: OK
2026-09-22 15:06:05 | DEBUG    | parser.utils.http_client | GET https://books.toscrape.com/catalogue/soumission_998/index.html (timeout=10.0)
2026-09-22 15:06:06 | INFO     | parser.utils.http_client | GET https://books.toscrape.com/catalogue/soumission_998/index.html -> 200: OK
2026-09-22 15:06:07 | DEBUG    | parser.utils.http_client | GET https://books.toscrape.com/catalogue/sharp-objects_997/index.html (timeout=10.0)
2026-09-22 15:06:07 | INFO     | parser.utils.http_client | GET https://books.toscrape.com/catalogue/sharp-objects_997/index.html -> 200: OK
2026-09-22 15:06:08 | DEBUG    | parser.utils.http_client | GET https://books.toscrape.com/catalogue/sapiens-a-brief-history-of-humankind_996/index.html (timeout=10.0)
2026-09-22 15:06:08 | INFO     | parser.utils.http_client | GET https://books.toscrape.com/catalogue/sapiens-a-brief-history-of-humankind_996/index.html -> 200: OK
2026-09-22 15:06:09 | DEBUG    | parser.utils.http_client | GET https://books.toscrape.com/catalogue/the-requiem-red_995/index.html (timeout=10.0)
2026-09-22 15:06:10 | INFO     | parser.utils.http_client | GET https://books.toscrape.com/catalogue/the-requiem-red_995/index.html -> 200: OK
2026-09-22 15:06:10 | DEBUG    | parser.utils.http_client | GET https://books.toscrape.com/catalogue/the-dirty-little-secrets-of-getting-your-dream-job_994/index.html (timeout=10.0)
2026-09-22 15:06:11 | INFO     | parser.utils.http_client | GET https://books.toscrape.com/catalogue/the-dirty-little-secrets-of-getting-your-dream-job_994/index.html -> 200: OK
2026-09-22 15:06:12 | DEBUG    | parser.utils.http_client | GET https://books.toscrape.com/catalogue/the-coming-woman-a-novel-based-on-the-life-of-the-infamous-feminist-victoria-woodhull_993/index.html (timeout=10.0)
2026-09-22 15:06:12 | INFO     | parser.utils.http_client | GET https://books.toscrape.com/catalogue/the-coming-woman-a-novel-based-on-the-life-of-the-infamous-feminist-victoria-woodhull_993/index.html -> 200: OK
2026-09-22 15:06:13 | DEBUG    | parser.utils.http_client | GET https://books.toscrape.com/catalogue/the-boys-in-the-boat-nine-americans-and-their-epic-quest-for-gold-at-the-1936-berlin-olympics_992/index.html (timeout=10.0)
2026-09-22 15:06:13 | INFO     | parser.utils.http_client | GET https://books.toscrape.com/catalogue/the-boys-in-the-boat-nine-americans-and-their-epic-quest-for-gold-at-the-1936-berlin-olympics_992/index.html -> 200: OK
2026-09-22 15:06:14 | DEBUG    | parser.utils.http_client | GET https://books.toscrape.com/catalogue/the-black-maria_991/index.html (timeout=10.0)
2026-09-22 15:06:14 | INFO     | parser.utils.http_client | GET https://books.toscrape.com/catalogue/the-black-maria_991/index.html -> 200: OK
2026-09-22 15:06:15 | DEBUG    | parser.utils.http_client | GET https://books.toscrape.com/catalogue/starving-hearts-triangular-trade-trilogy-1_990/index.html (timeout=10.0)
2026-09-22 15:06:15 | INFO     | parser.utils.http_client | GET https://books.toscrape.com/catalogue/starving-hearts-triangular-trade-trilogy-1_990/index.html -> 200: OK
2026-09-22 15:06:16 | DEBUG    | parser.utils.http_client | GET https://books.toscrape.com/catalogue/shakespeares-sonnets_989/index.html (timeout=10.0)
2026-09-22 15:06:17 | INFO     | parser.utils.http_client | GET https://books.toscrape.com/catalogue/shakespeares-sonnets_989/index.html -> 200: OK
2026-09-22 15:06:18 | DEBUG    | parser.utils.http_client | GET https://books.toscrape.com/catalogue/set-me-free_988/index.html (timeout=10.0)
2026-09-22 15:06:18 | INFO     | parser.utils.http_client | GET https://books.toscrape.com/catalogue/set-me-free_988/index.html -> 200: OK
2026-09-22 15:06:19 | DEBUG    | parser.utils.http_client | GET https://books.toscrape.com/catalogue/scott-pilgrims-precious-little-life-scott-pilgrim-1_987/index.html (timeout=10.0)
2026-09-22 15:06:19 | INFO     | parser.utils.http_client | GET https://books.toscrape.com/catalogue/scott-pilgrims-precious-little-life-scott-pilgrim-1_987/index.html -> 200: OK
2026-09-22 15:06:20 | DEBUG    | parser.utils.http_client | GET https://books.toscrape.com/catalogue/rip-it-up-and-start-again_986/index.html (timeout=10.0)
2026-09-22 15:06:21 | INFO     | parser.utils.http_client | GET https://books.toscrape.com/catalogue/rip-it-up-and-start-again_986/index.html -> 200: OK
2026-09-22 15:06:21 | DEBUG    | parser.utils.http_client | GET https://books.toscrape.com/catalogue/our-band-could-be-your-life-scenes-from-the-american-indie-underground-1981-1991_985/index.html (timeout=10.0)
2026-09-22 15:06:22 | INFO     | parser.utils.http_client | GET https://books.toscrape.com/catalogue/our-band-could-be-your-life-scenes-from-the-american-indie-underground-1981-1991_985/index.html -> 200: OK
2026-09-22 15:06:22 | DEBUG    | parser.utils.http_client | GET https://books.toscrape.com/catalogue/olio_984/index.html (timeout=10.0)
2026-09-22 15:06:23 | INFO     | parser.utils.http_client | GET https://books.toscrape.com/catalogue/olio_984/index.html -> 200: OK
2026-09-22 15:06:24 | DEBUG    | parser.utils.http_client | GET https://books.toscrape.com/catalogue/mesaerion-the-best-science-fiction-stories-1800-1849_983/index.html (timeout=10.0)
2026-09-22 15:06:24 | INFO     | parser.utils.http_client | GET https://books.toscrape.com/catalogue/mesaerion-the-best-science-fiction-stories-1800-1849_983/index.html -> 200: OK
2026-09-22 15:06:25 | DEBUG    | parser.utils.http_client | GET https://books.toscrape.com/catalogue/libertarianism-for-beginners_982/index.html (timeout=10.0)
2026-09-22 15:06:26 | INFO     | parser.utils.http_client | GET https://books.toscrape.com/catalogue/libertarianism-for-beginners_982/index.html -> 200: OK
2026-09-22 15:06:26 | DEBUG    | parser.utils.http_client | GET https://books.toscrape.com/catalogue/its-only-the-himalayas_981/index.html (timeout=10.0)
2026-09-22 15:06:27 | INFO     | parser.utils.http_client | GET https://books.toscrape.com/catalogue/its-only-the-himalayas_981/index.html -> 200: OK
2026-09-22 15:06:28 | DEBUG    | parser.parsers.pagination | Следующая страница: https://books.toscrape.com/catalogue/page-2.html
2026-09-22 15:06:28 | INFO     | parser.scrapers.catalogue | Собрано 20 книг с 1 страниц
2026-09-22 15:06:28 | INFO     | parser.scrapers.catalogue | Страница 2: https://books.toscrape.com/catalogue/page-2.html
2026-09-22 15:06:28 | DEBUG    | parser.utils.http_client | GET https://books.toscrape.com/catalogue/page-2.html (timeout=10.0)
2026-09-22 15:06:29 | INFO     | parser.utils.http_client | GET https://books.toscrape.com/catalogue/page-2.html -> 200: OK
2026-09-22 15:06:29 | INFO     | parser.scrapers.catalogue | Получено 50877 символов
2026-09-22 15:06:29 | INFO     | parser.parsers.book_list | Найдено 20 карточек
2026-09-22 15:06:29 | INFO     | parser.parsers.book_list | Разобрано 20 из 20 карточек
2026-09-22 15:06:29 | DEBUG    | parser.utils.http_client | GET https://books.toscrape.com/catalogue/in-her-wake_980/index.html (timeout=10.0)
2026-09-22 15:06:29 | INFO     | parser.utils.http_client | GET https://books.toscrape.com/catalogue/in-her-wake_980/index.html -> 200: OK
2026-09-22 15:06:30 | DEBUG    | parser.utils.http_client | GET https://books.toscrape.com/catalogue/how-music-works_979/index.html (timeout=10.0)
2026-09-22 15:06:31 | INFO     | parser.utils.http_client | GET https://books.toscrape.com/catalogue/how-music-works_979/index.html -> 200: OK
2026-09-22 15:06:31 | DEBUG    | parser.utils.http_client | GET https://books.toscrape.com/catalogue/foolproof-preserving-a-guide-to-small-batch-jams-jellies-pickles-condiments-and-more-a-foolproof-guide-to-making-small-batch-jams-jellies-pickles-condiments-and-more_978/index.html (timeout=10.0)
2026-09-22 15:06:32 | INFO     | parser.utils.http_client | GET https://books.toscrape.com/catalogue/foolproof-preserving-a-guide-to-small-batch-jams-jellies-pickles-condiments-and-more-a-foolproof-guide-to-making-small-batch-jams-jellies-pickles-condiments-and-more_978/index.html -> 200: OK
2026-09-22 15:06:32 | DEBUG    | parser.utils.http_client | GET https://books.toscrape.com/catalogue/chase-me-paris-nights-2_977/index.html (timeout=10.0)
2026-09-22 15:06:33 | INFO     | parser.utils.http_client | GET https://books.toscrape.com/catalogue/chase-me-paris-nights-2_977/index.html -> 200: OK
2026-09-22 15:06:33 | DEBUG    | parser.utils.http_client | GET https://books.toscrape.com/catalogue/black-dust_976/index.html (timeout=10.0)
2026-09-22 15:06:34 | INFO     | parser.utils.http_client | GET https://books.toscrape.com/catalogue/black-dust_976/index.html -> 200: OK
2026-09-22 15:06:35 | DEBUG    | parser.utils.http_client | GET https://books.toscrape.com/catalogue/birdsong-a-story-in-pictures_975/index.html (timeout=10.0)
2026-09-22 15:06:35 | INFO     | parser.utils.http_client | GET https://books.toscrape.com/catalogue/birdsong-a-story-in-pictures_975/index.html -> 200: OK
2026-09-22 15:06:36 | DEBUG    | parser.utils.http_client | GET https://books.toscrape.com/catalogue/americas-cradle-of-quarterbacks-western-pennsylvanias-football-factory-from-johnny-unitas-to-joe-montana_974/index.html (timeout=10.0)
2026-09-22 15:06:37 | INFO     | parser.utils.http_client | GET https://books.toscrape.com/catalogue/americas-cradle-of-quarterbacks-western-pennsylvanias-football-factory-from-johnny-unitas-to-joe-montana_974/index.html -> 200: OK
2026-09-22 15:06:37 | DEBUG    | parser.utils.http_client | GET https://books.toscrape.com/catalogue/aladdin-and-his-wonderful-lamp_973/index.html (timeout=10.0)
2026-09-22 15:06:38 | INFO     | parser.utils.http_client | GET https://books.toscrape.com/catalogue/aladdin-and-his-wonderful-lamp_973/index.html -> 200: OK
2026-09-22 15:06:39 | DEBUG    | parser.utils.http_client | GET https://books.toscrape.com/catalogue/worlds-elsewhere-journeys-around-shakespeares-globe_972/index.html (timeout=10.0)
2026-09-22 15:06:39 | INFO     | parser.utils.http_client | GET https://books.toscrape.com/catalogue/worlds-elsewhere-journeys-around-shakespeares-globe_972/index.html -> 200: OK
2026-09-22 15:06:40 | DEBUG    | parser.utils.http_client | GET https://books.toscrape.com/catalogue/wall-and-piece_971/index.html (timeout=10.0)
2026-09-22 15:06:41 | INFO     | parser.utils.http_client | GET https://books.toscrape.com/catalogue/wall-and-piece_971/index.html -> 200: OK
2026-09-22 15:06:41 | DEBUG    | parser.utils.http_client | GET https://books.toscrape.com/catalogue/the-four-agreements-a-practical-guide-to-personal-freedom_970/index.html (timeout=10.0)
2026-09-22 15:06:42 | INFO     | parser.utils.http_client | GET https://books.toscrape.com/catalogue/the-four-agreements-a-practical-guide-to-personal-freedom_970/index.html -> 200: OK
2026-09-22 15:06:43 | DEBUG    | parser.utils.http_client | GET https://books.toscrape.com/catalogue/the-five-love-languages-how-to-express-heartfelt-commitment-to-your-mate_969/index.html (timeout=10.0)
2026-09-22 15:06:43 | INFO     | parser.utils.http_client | GET https://books.toscrape.com/catalogue/the-five-love-languages-how-to-express-heartfelt-commitment-to-your-mate_969/index.html -> 200: OK
2026-09-22 15:06:44 | DEBUG    | parser.utils.http_client | GET https://books.toscrape.com/catalogue/the-elephant-tree_968/index.html (timeout=10.0)
2026-09-22 15:06:45 | INFO     | parser.utils.http_client | GET https://books.toscrape.com/catalogue/the-elephant-tree_968/index.html -> 200: OK
2026-09-22 15:06:45 | DEBUG    | parser.utils.http_client | GET https://books.toscrape.com/catalogue/the-bear-and-the-piano_967/index.html (timeout=10.0)
2026-09-22 15:06:46 | INFO     | parser.utils.http_client | GET https://books.toscrape.com/catalogue/the-bear-and-the-piano_967/index.html -> 200: OK
2026-09-22 15:06:47 | DEBUG    | parser.utils.http_client | GET https://books.toscrape.com/catalogue/sophies-world_966/index.html (timeout=10.0)
2026-09-22 15:06:47 | INFO     | parser.utils.http_client | GET https://books.toscrape.com/catalogue/sophies-world_966/index.html -> 200: OK
2026-09-22 15:06:48 | DEBUG    | parser.utils.http_client | GET https://books.toscrape.com/catalogue/penny-maybe_965/index.html (timeout=10.0)
2026-09-22 15:06:48 | INFO     | parser.utils.http_client | GET https://books.toscrape.com/catalogue/penny-maybe_965/index.html -> 200: OK
2026-09-22 15:06:49 | DEBUG    | parser.utils.http_client | GET https://books.toscrape.com/catalogue/maude-1883-1993she-grew-up-with-the-country_964/index.html (timeout=10.0)
2026-09-22 15:06:50 | INFO     | parser.utils.http_client | GET https://books.toscrape.com/catalogue/maude-1883-1993she-grew-up-with-the-country_964/index.html -> 200: OK
2026-09-22 15:06:50 | DEBUG    | parser.utils.http_client | GET https://books.toscrape.com/catalogue/in-a-dark-dark-wood_963/index.html (timeout=10.0)
2026-09-22 15:06:51 | INFO     | parser.utils.http_client | GET https://books.toscrape.com/catalogue/in-a-dark-dark-wood_963/index.html -> 200: OK
2026-09-22 15:06:52 | DEBUG    | parser.utils.http_client | GET https://books.toscrape.com/catalogue/behind-closed-doors_962/index.html (timeout=10.0)
2026-09-22 15:06:52 | INFO     | parser.utils.http_client | GET https://books.toscrape.com/catalogue/behind-closed-doors_962/index.html -> 200: OK
2026-09-22 15:06:53 | DEBUG    | parser.utils.http_client | GET https://books.toscrape.com/catalogue/you-cant-bury-them-all-poems_961/index.html (timeout=10.0)
2026-09-22 15:06:54 | INFO     | parser.utils.http_client | GET https://books.toscrape.com/catalogue/you-cant-bury-them-all-poems_961/index.html -> 200: OK
2026-09-22 15:06:54 | DEBUG    | __main__ | Номер книги - 0, название - A Light in the Attic, рейтинг - 3, цена - 51.77 GBP
2026-09-22 15:06:54 | DEBUG    | __main__ | Номер книги - 1, название - Tipping the Velvet, рейтинг - 1, цена - 53.74 GBP
2026-09-22 15:06:54 | DEBUG    | __main__ | Номер книги - 2, название - Soumission, рейтинг - 1, цена - 50.10 GBP
2026-09-22 15:06:54 | DEBUG    | __main__ | Номер книги - 3, название - Sharp Objects, рейтинг - 4, цена - 47.82 GBP
2026-09-22 15:06:54 | DEBUG    | __main__ | Номер книги - 4, название - Sapiens: A Brief History of Humankind, рейтинг - 5, цена - 54.23 GBP
2026-09-22 15:06:54 | DEBUG    | __main__ | Номер книги - 5, название - The Requiem Red, рейтинг - 1, цена - 22.65 GBP
2026-09-22 15:06:54 | DEBUG    | __main__ | Номер книги - 6, название - The Dirty Little Secrets of Getting Your Dream Job, рейтинг - 4, цена - 33.34 GBP
2026-09-22 15:06:54 | DEBUG    | __main__ | Номер книги - 7, название - The Coming Woman: A Novel Based on the Life of the Infamous Feminist, Victoria Woodhull, рейтинг - 3, цена - 17.93 GBP
2026-09-22 15:06:54 | DEBUG    | __main__ | Номер книги - 8, название - The Boys in the Boat: Nine Americans and Their Epic Quest for Gold at the 1936 Berlin Olympics, рейтинг - 4, цена - 22.60 GBP
2026-09-22 15:06:54 | DEBUG    | __main__ | Номер книги - 9, название - The Black Maria, рейтинг - 1, цена - 52.15 GBP
2026-09-22 15:06:54 | DEBUG    | __main__ | Номер книги - 10, название - Starving Hearts (Triangular Trade Trilogy, #1), рейтинг - 2, цена - 13.99 GBP
2026-09-22 15:06:54 | DEBUG    | __main__ | Номер книги - 11, название - Shakespeare's Sonnets, рейтинг - 4, цена - 20.66 GBP
2026-09-22 15:06:54 | DEBUG    | __main__ | Номер книги - 12, название - Set Me Free, рейтинг - 5, цена - 17.46 GBP
2026-09-22 15:06:54 | DEBUG    | __main__ | Номер книги - 13, название - Scott Pilgrim's Precious Little Life (Scott Pilgrim #1), рейтинг - 5, цена - 52.29 GBP
2026-09-22 15:06:54 | DEBUG    | __main__ | Номер книги - 14, название - Rip it Up and Start Again, рейтинг - 5, цена - 35.02 GBP
2026-09-22 15:06:54 | DEBUG    | __main__ | Номер книги - 15, название - Our Band Could Be Your Life: Scenes from the American Indie Underground, 1981-1991, рейтинг - 3, цена - 57.25 GBP
2026-09-22 15:06:54 | DEBUG    | __main__ | Номер книги - 16, название - Olio, рейтинг - 1, цена - 23.88 GBP
2026-09-22 15:06:54 | DEBUG    | __main__ | Номер книги - 17, название - Mesaerion: The Best Science Fiction Stories 1800-1849, рейтинг - 1, цена - 37.59 GBP
2026-09-22 15:06:54 | DEBUG    | __main__ | Номер книги - 18, название - Libertarianism for Beginners, рейтинг - 2, цена - 51.33 GBP
2026-09-22 15:06:54 | DEBUG    | __main__ | Номер книги - 19, название - It's Only the Himalayas, рейтинг - 2, цена - 45.17 GBP
2026-09-22 15:06:54 | DEBUG    | __main__ | Номер книги - 20, название - In Her Wake, рейтинг - 1, цена - 12.84 GBP
2026-09-22 15:06:54 | DEBUG    | __main__ | Номер книги - 21, название - How Music Works, рейтинг - 2, цена - 37.32 GBP
2026-09-22 15:06:54 | DEBUG    | __main__ | Номер книги - 22, название - Foolproof Preserving: A Guide to Small Batch Jams, Jellies, Pickles, Condiments, and More: A Foolproof Guide to Making Small Batch Jams, Jellies, Pickles, Condiments, and More, рейтинг - 3, цена - 30.52 GBP
2026-09-22 15:06:54 | DEBUG    | __main__ | Номер книги - 23, название - Chase Me (Paris Nights #2), рейтинг - 5, цена - 25.27 GBP
2026-09-22 15:06:54 | DEBUG    | __main__ | Номер книги - 24, название - Black Dust, рейтинг - 5, цена - 34.53 GBP
2026-09-22 15:06:54 | DEBUG    | __main__ | Номер книги - 25, название - Birdsong: A Story in Pictures, рейтинг - 3, цена - 54.64 GBP
2026-09-22 15:06:54 | DEBUG    | __main__ | Номер книги - 26, название - America's Cradle of Quarterbacks: Western Pennsylvania's Football Factory from Johnny Unitas to Joe Montana, рейтинг - 3, цена - 22.50 GBP
2026-09-22 15:06:54 | DEBUG    | __main__ | Номер книги - 27, название - Aladdin and His Wonderful Lamp, рейтинг - 3, цена - 53.13 GBP
2026-09-22 15:06:54 | DEBUG    | __main__ | Номер книги - 28, название - Worlds Elsewhere: Journeys Around Shakespeare’s Globe, рейтинг - 5, цена - 40.30 GBP
2026-09-22 15:06:54 | DEBUG    | __main__ | Номер книги - 29, название - Wall and Piece, рейтинг - 4, цена - 44.18 GBP
2026-09-22 15:06:54 | DEBUG    | __main__ | Номер книги - 30, название - The Four Agreements: A Practical Guide to Personal Freedom, рейтинг - 5, цена - 17.66 GBP
2026-09-22 15:06:54 | DEBUG    | __main__ | Номер книги - 31, название - The Five Love Languages: How to Express Heartfelt Commitment to Your Mate, рейтинг - 3, цена - 31.05 GBP
2026-09-22 15:06:54 | DEBUG    | __main__ | Номер книги - 32, название - The Elephant Tree, рейтинг - 5, цена - 23.82 GBP
2026-09-22 15:06:54 | DEBUG    | __main__ | Номер книги - 33, название - The Bear and the Piano, рейтинг - 1, цена - 36.89 GBP
2026-09-22 15:06:54 | DEBUG    | __main__ | Номер книги - 34, название - Sophie's World, рейтинг - 5, цена - 15.94 GBP
2026-09-22 15:06:54 | DEBUG    | __main__ | Номер книги - 35, название - Penny Maybe, рейтинг - 3, цена - 33.29 GBP
2026-09-22 15:06:54 | DEBUG    | __main__ | Номер книги - 36, название - Maude (1883-1993):She Grew Up with the country, рейтинг - 2, цена - 18.02 GBP
2026-09-22 15:06:54 | DEBUG    | __main__ | Номер книги - 37, название - In a Dark, Dark Wood, рейтинг - 1, цена - 19.63 GBP
2026-09-22 15:06:54 | DEBUG    | __main__ | Номер книги - 38, название - Behind Closed Doors, рейтинг - 4, цена - 52.22 GBP
2026-09-22 15:06:54 | DEBUG    | __main__ | Номер книги - 39, название - You can't bury them all: Poems, рейтинг - 2, цена - 33.63 GBP
2026-09-22 15:06:54 | INFO     | parser.storage.csv_storage | Сохранено: 40 записей в C:\Users\dalum\OneDrive\Рабочий стол\python_learn\parser\src\parser\storage\data\books.csv
2026-09-22 15:06:54 | INFO     | parser.storage.json_storage | Сохранено: 40 записей в C:\Users\dalum\OneDrive\Рабочий стол\python_learn\parser\src\parser\storage\data\books.json
2026-09-22 15:10:12 | INFO     | __main__ | Старт парсера. base_url=https://books.toscrape.com
2026-09-22 15:10:12 | INFO     | parser.scrapers.catalogue | Страница 1: https://books.toscrape.com/catalogue/page-1.html
2026-09-22 15:10:12 | DEBUG    | parser.utils.http_client | GET https://books.toscrape.com/catalogue/page-1.html (timeout=10.0)
2026-09-22 15:10:13 | INFO     | parser.utils.http_client | GET https://books.toscrape.com/catalogue/page-1.html -> 200: OK
2026-09-22 15:10:13 | INFO     | parser.scrapers.catalogue | Получено 50469 символов
2026-09-22 15:10:13 | INFO     | parser.parsers.book_list | Найдено 20 карточек
2026-09-22 15:10:13 | INFO     | parser.parsers.book_list | Разобрано 20 из 20 карточек
2026-09-22 15:10:13 | DEBUG    | parser.utils.http_client | GET https://books.toscrape.com/catalogue/a-light-in-the-attic_1000/index.html (timeout=10.0)
2026-09-22 15:10:13 | INFO     | parser.utils.http_client | GET https://books.toscrape.com/catalogue/a-light-in-the-attic_1000/index.html -> 200: OK
2026-09-22 15:10:14 | DEBUG    | parser.utils.http_client | GET https://books.toscrape.com/catalogue/tipping-the-velvet_999/index.html (timeout=10.0)
2026-09-22 15:10:15 | INFO     | parser.utils.http_client | GET https://books.toscrape.com/catalogue/tipping-the-velvet_999/index.html -> 200: OK
2026-09-22 15:10:15 | DEBUG    | parser.utils.http_client | GET https://books.toscrape.com/catalogue/soumission_998/index.html (timeout=10.0)
2026-09-22 15:10:16 | INFO     | parser.utils.http_client | GET https://books.toscrape.com/catalogue/soumission_998/index.html -> 200: OK
2026-09-22 15:10:16 | DEBUG    | parser.utils.http_client | GET https://books.toscrape.com/catalogue/sharp-objects_997/index.html (timeout=10.0)
2026-09-22 15:10:17 | INFO     | parser.utils.http_client | GET https://books.toscrape.com/catalogue/sharp-objects_997/index.html -> 200: OK
2026-09-22 15:10:18 | DEBUG    | parser.utils.http_client | GET https://books.toscrape.com/catalogue/sapiens-a-brief-history-of-humankind_996/index.html (timeout=10.0)
2026-09-22 15:10:18 | INFO     | parser.utils.http_client | GET https://books.toscrape.com/catalogue/sapiens-a-brief-history-of-humankind_996/index.html -> 200: OK
2026-09-22 15:10:19 | DEBUG    | parser.utils.http_client | GET https://books.toscrape.com/catalogue/the-requiem-red_995/index.html (timeout=10.0)
2026-09-22 15:10:19 | INFO     | parser.utils.http_client | GET https://books.toscrape.com/catalogue/the-requiem-red_995/index.html -> 200: OK
2026-09-22 15:10:20 | DEBUG    | parser.utils.http_client | GET https://books.toscrape.com/catalogue/the-dirty-little-secrets-of-getting-your-dream-job_994/index.html (timeout=10.0)
2026-09-22 15:10:21 | INFO     | parser.utils.http_client | GET https://books.toscrape.com/catalogue/the-dirty-little-secrets-of-getting-your-dream-job_994/index.html -> 200: OK
2026-09-22 15:10:22 | DEBUG    | parser.utils.http_client | GET https://books.toscrape.com/catalogue/the-coming-woman-a-novel-based-on-the-life-of-the-infamous-feminist-victoria-woodhull_993/index.html (timeout=10.0)
2026-09-22 15:10:22 | INFO     | parser.utils.http_client | GET https://books.toscrape.com/catalogue/the-coming-woman-a-novel-based-on-the-life-of-the-infamous-feminist-victoria-woodhull_993/index.html -> 200: OK
2026-09-22 15:10:23 | DEBUG    | parser.utils.http_client | GET https://books.toscrape.com/catalogue/the-boys-in-the-boat-nine-americans-and-their-epic-quest-for-gold-at-the-1936-berlin-olympics_992/index.html (timeout=10.0)
2026-09-22 15:10:24 | INFO     | parser.utils.http_client | GET https://books.toscrape.com/catalogue/the-boys-in-the-boat-nine-americans-and-their-epic-quest-for-gold-at-the-1936-berlin-olympics_992/index.html -> 200: OK
2026-09-22 15:10:24 | DEBUG    | parser.utils.http_client | GET https://books.toscrape.com/catalogue/the-black-maria_991/index.html (timeout=10.0)
2026-09-22 15:10:25 | INFO     | parser.utils.http_client | GET https://books.toscrape.com/catalogue/the-black-maria_991/index.html -> 200: OK
2026-09-22 15:10:26 | DEBUG    | parser.utils.http_client | GET https://books.toscrape.com/catalogue/starving-hearts-triangular-trade-trilogy-1_990/index.html (timeout=10.0)
2026-09-22 15:10:26 | INFO     | parser.utils.http_client | GET https://books.toscrape.com/catalogue/starving-hearts-triangular-trade-trilogy-1_990/index.html -> 200: OK
2026-09-22 15:10:27 | DEBUG    | parser.utils.http_client | GET https://books.toscrape.com/catalogue/shakespeares-sonnets_989/index.html (timeout=10.0)
2026-09-22 15:10:28 | INFO     | parser.utils.http_client | GET https://books.toscrape.com/catalogue/shakespeares-sonnets_989/index.html -> 200: OK
2026-09-22 15:10:28 | DEBUG    | parser.utils.http_client | GET https://books.toscrape.com/catalogue/set-me-free_988/index.html (timeout=10.0)
2026-09-22 15:10:29 | INFO     | parser.utils.http_client | GET https://books.toscrape.com/catalogue/set-me-free_988/index.html -> 200: OK
2026-09-22 15:10:30 | DEBUG    | parser.utils.http_client | GET https://books.toscrape.com/catalogue/scott-pilgrims-precious-little-life-scott-pilgrim-1_987/index.html (timeout=10.0)
2026-09-22 15:10:30 | INFO     | parser.utils.http_client | GET https://books.toscrape.com/catalogue/scott-pilgrims-precious-little-life-scott-pilgrim-1_987/index.html -> 200: OK
2026-09-22 15:10:31 | DEBUG    | parser.utils.http_client | GET https://books.toscrape.com/catalogue/rip-it-up-and-start-again_986/index.html (timeout=10.0)
2026-09-22 15:10:32 | INFO     | parser.utils.http_client | GET https://books.toscrape.com/catalogue/rip-it-up-and-start-again_986/index.html -> 200: OK
2026-09-22 15:10:32 | DEBUG    | parser.utils.http_client | GET https://books.toscrape.com/catalogue/our-band-could-be-your-life-scenes-from-the-american-indie-underground-1981-1991_985/index.html (timeout=10.0)
2026-09-22 15:10:33 | INFO     | parser.utils.http_client | GET https://books.toscrape.com/catalogue/our-band-could-be-your-life-scenes-from-the-american-indie-underground-1981-1991_985/index.html -> 200: OK
2026-09-22 15:10:34 | DEBUG    | parser.utils.http_client | GET https://books.toscrape.com/catalogue/olio_984/index.html (timeout=10.0)
2026-09-22 15:10:35 | INFO     | parser.utils.http_client | GET https://books.toscrape.com/catalogue/olio_984/index.html -> 200: OK
2026-09-22 15:10:35 | DEBUG    | parser.utils.http_client | GET https://books.toscrape.com/catalogue/mesaerion-the-best-science-fiction-stories-1800-1849_983/index.html (timeout=10.0)
2026-09-22 15:10:36 | INFO     | parser.utils.http_client | GET https://books.toscrape.com/catalogue/mesaerion-the-best-science-fiction-stories-1800-1849_983/index.html -> 200: OK
2026-09-22 15:10:37 | DEBUG    | parser.utils.http_client | GET https://books.toscrape.com/catalogue/libertarianism-for-beginners_982/index.html (timeout=10.0)
2026-09-22 15:10:37 | INFO     | parser.utils.http_client | GET https://books.toscrape.com/catalogue/libertarianism-for-beginners_982/index.html -> 200: OK
2026-09-22 15:10:38 | DEBUG    | parser.utils.http_client | GET https://books.toscrape.com/catalogue/its-only-the-himalayas_981/index.html (timeout=10.0)
2026-09-22 15:10:39 | INFO     | parser.utils.http_client | GET https://books.toscrape.com/catalogue/its-only-the-himalayas_981/index.html -> 200: OK
2026-09-22 15:10:39 | DEBUG    | __main__ | Номер книги - 0, название - A Light in the Attic, рейтинг - 3, цена - 51.77 GBP
2026-09-22 15:10:39 | DEBUG    | __main__ | Номер книги - 1, название - Tipping the Velvet, рейтинг - 1, цена - 53.74 GBP
2026-09-22 15:10:39 | DEBUG    | __main__ | Номер книги - 2, название - Soumission, рейтинг - 1, цена - 50.10 GBP
2026-09-22 15:10:39 | DEBUG    | __main__ | Номер книги - 3, название - Sharp Objects, рейтинг - 4, цена - 47.82 GBP
2026-09-22 15:10:39 | DEBUG    | __main__ | Номер книги - 4, название - Sapiens: A Brief History of Humankind, рейтинг - 5, цена - 54.23 GBP
2026-09-22 15:10:39 | DEBUG    | __main__ | Номер книги - 5, название - The Requiem Red, рейтинг - 1, цена - 22.65 GBP
2026-09-22 15:10:39 | DEBUG    | __main__ | Номер книги - 6, название - The Dirty Little Secrets of Getting Your Dream Job, рейтинг - 4, цена - 33.34 GBP
2026-09-22 15:10:39 | DEBUG    | __main__ | Номер книги - 7, название - The Coming Woman: A Novel Based on the Life of the Infamous Feminist, Victoria Woodhull, рейтинг - 3, цена - 17.93 GBP
2026-09-22 15:10:39 | DEBUG    | __main__ | Номер книги - 8, название - The Boys in the Boat: Nine Americans and Their Epic Quest for Gold at the 1936 Berlin Olympics, рейтинг - 4, цена - 22.60 GBP
2026-09-22 15:10:39 | DEBUG    | __main__ | Номер книги - 9, название - The Black Maria, рейтинг - 1, цена - 52.15 GBP
2026-09-22 15:10:39 | DEBUG    | __main__ | Номер книги - 10, название - Starving Hearts (Triangular Trade Trilogy, #1), рейтинг - 2, цена - 13.99 GBP
2026-09-22 15:10:39 | DEBUG    | __main__ | Номер книги - 11, название - Shakespeare's Sonnets, рейтинг - 4, цена - 20.66 GBP
2026-09-22 15:10:39 | DEBUG    | __main__ | Номер книги - 12, название - Set Me Free, рейтинг - 5, цена - 17.46 GBP
2026-09-22 15:10:39 | DEBUG    | __main__ | Номер книги - 13, название - Scott Pilgrim's Precious Little Life (Scott Pilgrim #1), рейтинг - 5, цена - 52.29 GBP
2026-09-22 15:10:39 | DEBUG    | __main__ | Номер книги - 14, название - Rip it Up and Start Again, рейтинг - 5, цена - 35.02 GBP
2026-09-22 15:10:39 | DEBUG    | __main__ | Номер книги - 15, название - Our Band Could Be Your Life: Scenes from the American Indie Underground, 1981-1991, рейтинг - 3, цена - 57.25 GBP
2026-09-22 15:10:39 | DEBUG    | __main__ | Номер книги - 16, название - Olio, рейтинг - 1, цена - 23.88 GBP
2026-09-22 15:10:39 | DEBUG    | __main__ | Номер книги - 17, название - Mesaerion: The Best Science Fiction Stories 1800-1849, рейтинг - 1, цена - 37.59 GBP
2026-09-22 15:10:39 | DEBUG    | __main__ | Номер книги - 18, название - Libertarianism for Beginners, рейтинг - 2, цена - 51.33 GBP
2026-09-22 15:10:39 | DEBUG    | __main__ | Номер книги - 19, название - It's Only the Himalayas, рейтинг - 2, цена - 45.17 GBP
2026-09-22 15:10:39 | INFO     | parser.storage.csv_storage | Сохранено: 20 записей в C:\Users\dalum\OneDrive\Рабочий стол\python_learn\parser\src\parser\storage\data\books.csv
2026-09-22 15:10:39 | INFO     | parser.storage.json_storage | Сохранено: 20 записей в C:\Users\dalum\OneDrive\Рабочий стол\python_learn\parser\src\parser\storage\data\books.json
2026-09-22 15:10:39 | INFO     | parser.analysis.analyze_json | Средняя стоимость книги по категориям: category
Business              33.340000
Default               18.173333
Fiction               50.100000
Historical Fiction    53.740000
History               54.230000
Music                 46.135000
Mystery               47.820000
Poetry                37.115000
Politics              51.330000
Science Fiction       37.590000
Sequential Art        52.290000
Travel                45.170000
Young Adult           20.055000
Name: price, dtype: float64
2026-09-22 15:10:39 | INFO     | __main__ | Готово
2026-09-22 15:17:25 | INFO     | __main__ | Старт парсера. base_url=https://books.toscrape.com
2026-09-22 15:17:25 | INFO     | parser.scrapers.catalogue | Страница 1: https://books.toscrape.com/catalogue/page-1.html
2026-09-22 15:17:25 | DEBUG    | parser.utils.http_client | GET https://books.toscrape.com/catalogue/page-1.html (timeout=10.0)
2026-09-22 15:17:26 | INFO     | parser.utils.http_client | GET https://books.toscrape.com/catalogue/page-1.html -> 200: OK
2026-09-22 15:17:26 | INFO     | parser.scrapers.catalogue | Получено 50469 символов
2026-09-22 15:17:26 | INFO     | parser.parsers.book_list | Найдено 20 карточек
2026-09-22 15:17:26 | INFO     | parser.parsers.book_list | Разобрано 20 из 20 карточек
2026-09-22 15:17:26 | DEBUG    | parser.utils.http_client | GET https://books.toscrape.com/catalogue/a-light-in-the-attic_1000/index.html (timeout=10.0)
2026-09-22 15:17:26 | INFO     | parser.utils.http_client | GET https://books.toscrape.com/catalogue/a-light-in-the-attic_1000/index.html -> 200: OK
2026-09-22 15:17:27 | DEBUG    | parser.utils.http_client | GET https://books.toscrape.com/catalogue/tipping-the-velvet_999/index.html (timeout=10.0)
2026-09-22 15:17:27 | INFO     | parser.utils.http_client | GET https://books.toscrape.com/catalogue/tipping-the-velvet_999/index.html -> 200: OK
2026-09-22 15:17:28 | DEBUG    | parser.utils.http_client | GET https://books.toscrape.com/catalogue/soumission_998/index.html (timeout=10.0)
2026-09-22 15:17:28 | INFO     | parser.utils.http_client | GET https://books.toscrape.com/catalogue/soumission_998/index.html -> 200: OK
2026-09-22 15:17:29 | DEBUG    | parser.utils.http_client | GET https://books.toscrape.com/catalogue/sharp-objects_997/index.html (timeout=10.0)
2026-09-22 15:17:29 | INFO     | parser.utils.http_client | GET https://books.toscrape.com/catalogue/sharp-objects_997/index.html -> 200: OK
2026-09-22 15:17:30 | DEBUG    | parser.utils.http_client | GET https://books.toscrape.com/catalogue/sapiens-a-brief-history-of-humankind_996/index.html (timeout=10.0)
2026-09-22 15:17:30 | INFO     | parser.utils.http_client | GET https://books.toscrape.com/catalogue/sapiens-a-brief-history-of-humankind_996/index.html -> 200: OK
2026-09-22 15:17:31 | DEBUG    | parser.utils.http_client | GET https://books.toscrape.com/catalogue/the-requiem-red_995/index.html (timeout=10.0)
2026-09-22 15:17:32 | INFO     | parser.utils.http_client | GET https://books.toscrape.com/catalogue/the-requiem-red_995/index.html -> 200: OK
2026-09-22 15:17:32 | DEBUG    | parser.utils.http_client | GET https://books.toscrape.com/catalogue/the-dirty-little-secrets-of-getting-your-dream-job_994/index.html (timeout=10.0)
2026-09-22 15:17:33 | INFO     | parser.utils.http_client | GET https://books.toscrape.com/catalogue/the-dirty-little-secrets-of-getting-your-dream-job_994/index.html -> 200: OK
2026-09-22 15:17:34 | DEBUG    | parser.utils.http_client | GET https://books.toscrape.com/catalogue/the-coming-woman-a-novel-based-on-the-life-of-the-infamous-feminist-victoria-woodhull_993/index.html (timeout=10.0)
2026-09-22 15:17:34 | INFO     | parser.utils.http_client | GET https://books.toscrape.com/catalogue/the-coming-woman-a-novel-based-on-the-life-of-the-infamous-feminist-victoria-woodhull_993/index.html -> 200: OK
2026-09-22 15:17:35 | DEBUG    | parser.utils.http_client | GET https://books.toscrape.com/catalogue/the-boys-in-the-boat-nine-americans-and-their-epic-quest-for-gold-at-the-1936-berlin-olympics_992/index.html (timeout=10.0)
2026-09-22 15:17:35 | INFO     | parser.utils.http_client | GET https://books.toscrape.com/catalogue/the-boys-in-the-boat-nine-americans-and-their-epic-quest-for-gold-at-the-1936-berlin-olympics_992/index.html -> 200: OK
2026-09-22 15:17:36 | DEBUG    | parser.utils.http_client | GET https://books.toscrape.com/catalogue/the-black-maria_991/index.html (timeout=10.0)
2026-09-22 15:17:37 | INFO     | parser.utils.http_client | GET https://books.toscrape.com/catalogue/the-black-maria_991/index.html -> 200: OK
2026-09-22 15:17:37 | DEBUG    | parser.utils.http_client | GET https://books.toscrape.com/catalogue/starving-hearts-triangular-trade-trilogy-1_990/index.html (timeout=10.0)
2026-09-22 15:17:38 | INFO     | parser.utils.http_client | GET https://books.toscrape.com/catalogue/starving-hearts-triangular-trade-trilogy-1_990/index.html -> 200: OK
2026-09-22 15:17:39 | DEBUG    | parser.utils.http_client | GET https://books.toscrape.com/catalogue/shakespeares-sonnets_989/index.html (timeout=10.0)
2026-09-22 15:17:39 | INFO     | parser.utils.http_client | GET https://books.toscrape.com/catalogue/shakespeares-sonnets_989/index.html -> 200: OK
2026-09-22 15:17:40 | DEBUG    | parser.utils.http_client | GET https://books.toscrape.com/catalogue/set-me-free_988/index.html (timeout=10.0)
2026-09-22 15:17:40 | INFO     | parser.utils.http_client | GET https://books.toscrape.com/catalogue/set-me-free_988/index.html -> 200: OK
2026-09-22 15:17:41 | DEBUG    | parser.utils.http_client | GET https://books.toscrape.com/catalogue/scott-pilgrims-precious-little-life-scott-pilgrim-1_987/index.html (timeout=10.0)
2026-09-22 15:17:42 | INFO     | parser.utils.http_client | GET https://books.toscrape.com/catalogue/scott-pilgrims-precious-little-life-scott-pilgrim-1_987/index.html -> 200: OK
2026-09-22 15:17:42 | DEBUG    | parser.utils.http_client | GET https://books.toscrape.com/catalogue/rip-it-up-and-start-again_986/index.html (timeout=10.0)
2026-09-22 15:17:43 | INFO     | parser.utils.http_client | GET https://books.toscrape.com/catalogue/rip-it-up-and-start-again_986/index.html -> 200: OK
2026-09-22 15:17:43 | DEBUG    | parser.utils.http_client | GET https://books.toscrape.com/catalogue/our-band-could-be-your-life-scenes-from-the-american-indie-underground-1981-1991_985/index.html (timeout=10.0)
2026-09-22 15:17:44 | INFO     | parser.utils.http_client | GET https://books.toscrape.com/catalogue/our-band-could-be-your-life-scenes-from-the-american-indie-underground-1981-1991_985/index.html -> 200: OK
2026-09-22 15:17:45 | DEBUG    | parser.utils.http_client | GET https://books.toscrape.com/catalogue/olio_984/index.html (timeout=10.0)
2026-09-22 15:17:45 | INFO     | parser.utils.http_client | GET https://books.toscrape.com/catalogue/olio_984/index.html -> 200: OK
2026-09-22 15:17:46 | DEBUG    | parser.utils.http_client | GET https://books.toscrape.com/catalogue/mesaerion-the-best-science-fiction-stories-1800-1849_983/index.html (timeout=10.0)
2026-09-22 15:17:47 | INFO     | parser.utils.http_client | GET https://books.toscrape.com/catalogue/mesaerion-the-best-science-fiction-stories-1800-1849_983/index.html -> 200: OK
2026-09-22 15:17:47 | DEBUG    | parser.utils.http_client | GET https://books.toscrape.com/catalogue/libertarianism-for-beginners_982/index.html (timeout=10.0)
2026-09-22 15:17:48 | INFO     | parser.utils.http_client | GET https://books.toscrape.com/catalogue/libertarianism-for-beginners_982/index.html -> 200: OK
2026-09-22 15:17:48 | DEBUG    | parser.utils.http_client | GET https://books.toscrape.com/catalogue/its-only-the-himalayas_981/index.html (timeout=10.0)
2026-09-22 15:17:49 | INFO     | parser.utils.http_client | GET https://books.toscrape.com/catalogue/its-only-the-himalayas_981/index.html -> 200: OK
2026-09-22 15:17:50 | DEBUG    | __main__ | Номер книги - 0, название - A Light in the Attic, рейтинг - 3, цена - 51.77 GBP
2026-09-22 15:17:50 | DEBUG    | __main__ | Номер книги - 1, название - Tipping the Velvet, рейтинг - 1, цена - 53.74 GBP
2026-09-22 15:17:50 | DEBUG    | __main__ | Номер книги - 2, название - Soumission, рейтинг - 1, цена - 50.10 GBP
2026-09-22 15:17:50 | DEBUG    | __main__ | Номер книги - 3, название - Sharp Objects, рейтинг - 4, цена - 47.82 GBP
2026-09-22 15:17:50 | DEBUG    | __main__ | Номер книги - 4, название - Sapiens: A Brief History of Humankind, рейтинг - 5, цена - 54.23 GBP
2026-09-22 15:17:50 | DEBUG    | __main__ | Номер книги - 5, название - The Requiem Red, рейтинг - 1, цена - 22.65 GBP
2026-09-22 15:17:50 | DEBUG    | __main__ | Номер книги - 6, название - The Dirty Little Secrets of Getting Your Dream Job, рейтинг - 4, цена - 33.34 GBP
2026-09-22 15:17:50 | DEBUG    | __main__ | Номер книги - 7, название - The Coming Woman: A Novel Based on the Life of the Infamous Feminist, Victoria Woodhull, рейтинг - 3, цена - 17.93 GBP
2026-09-22 15:17:50 | DEBUG    | __main__ | Номер книги - 8, название - The Boys in the Boat: Nine Americans and Their Epic Quest for Gold at the 1936 Berlin Olympics, рейтинг - 4, цена - 22.60 GBP
2026-09-22 15:17:50 | DEBUG    | __main__ | Номер книги - 9, название - The Black Maria, рейтинг - 1, цена - 52.15 GBP
2026-09-22 15:17:50 | DEBUG    | __main__ | Номер книги - 10, название - Starving Hearts (Triangular Trade Trilogy, #1), рейтинг - 2, цена - 13.99 GBP
2026-09-22 15:17:50 | DEBUG    | __main__ | Номер книги - 11, название - Shakespeare's Sonnets, рейтинг - 4, цена - 20.66 GBP
2026-09-22 15:17:50 | DEBUG    | __main__ | Номер книги - 12, название - Set Me Free, рейтинг - 5, цена - 17.46 GBP
2026-09-22 15:17:50 | DEBUG    | __main__ | Номер книги - 13, название - Scott Pilgrim's Precious Little Life (Scott Pilgrim #1), рейтинг - 5, цена - 52.29 GBP
2026-09-22 15:17:50 | DEBUG    | __main__ | Номер книги - 14, название - Rip it Up and Start Again, рейтинг - 5, цена - 35.02 GBP
2026-09-22 15:17:50 | DEBUG    | __main__ | Номер книги - 15, название - Our Band Could Be Your Life: Scenes from the American Indie Underground, 1981-1991, рейтинг - 3, цена - 57.25 GBP
2026-09-22 15:17:50 | DEBUG    | __main__ | Номер книги - 16, название - Olio, рейтинг - 1, цена - 23.88 GBP
2026-09-22 15:17:50 | DEBUG    | __main__ | Номер книги - 17, название - Mesaerion: The Best Science Fiction Stories 1800-1849, рейтинг - 1, цена - 37.59 GBP
2026-09-22 15:17:50 | DEBUG    | __main__ | Номер книги - 18, название - Libertarianism for Beginners, рейтинг - 2, цена - 51.33 GBP
2026-09-22 15:17:50 | DEBUG    | __main__ | Номер книги - 19, название - It's Only the Himalayas, рейтинг - 2, цена - 45.17 GBP
2026-09-22 15:17:50 | INFO     | parser.storage.csv_storage | Сохранено: 20 записей в C:\Users\dalum\OneDrive\Рабочий стол\python_learn\parser\src\parser\storage\data\books.csv
2026-09-22 15:17:50 | INFO     | parser.storage.json_storage | Сохранено: 20 записей в C:\Users\dalum\OneDrive\Рабочий стол\python_learn\parser\src\parser\storage\data\books.json
2026-09-22 15:17:50 | INFO     | parser.analysis.analyze_json | Средняя стоимость книги по категориям: category
Business              33.340000
Default               18.173333
Fiction               50.100000
Historical Fiction    53.740000
History               54.230000
Music                 46.135000
Mystery               47.820000
Poetry                37.115000
Politics              51.330000
Science Fiction       37.590000
Sequential Art        52.290000
Travel                45.170000
Young Adult           20.055000
Name: price, dtype: float64
2026-09-22 15:17:50 | INFO     | parser.analysis.analyze_json | Количество книг в каждой категории:                     title  url  price  currency  in_stock  rating  image_url  description  sku  source  scraped_at
category                                                                                                          
Business                1    1      1         1         1       1          1            1    1       1           1
Default                 3    3      3         3         3       3          3            3    3       3           3
Fiction                 1    1      1         1         1       1          1            1    1       1           1
Historical Fiction      1    1      1         1         1       1          1            1    1       1           1
History                 1    1      1         1         1       1          1            1    1       1           1
Music                   2    2      2         2         2       2          2            2    2       2           2
Mystery                 1    1      1         1         1       1          1            1    1       1           1
Poetry                  4    4      4         4         4       4          4            4    4       4           4
Politics                1    1      1         1         1       1          1            1    1       1           1
Science Fiction         1    1      1         1         1       1          1            1    1       1           1
Sequential Art          1    1      1         1         1       1          1            1    1       1           1
Travel                  1    1      1         1         1       1          1            1    1       1           1
Young Adult             2    2      2         2         2       2          2            2    2       2           2
2026-09-22 15:17:50 | INFO     | __main__ | Готово
2026-09-22 15:18:50 | INFO     | __main__ | Старт парсера. base_url=https://books.toscrape.com
2026-09-22 15:18:50 | INFO     | parser.scrapers.catalogue | Страница 1: https://books.toscrape.com/catalogue/page-1.html
2026-09-22 15:18:50 | DEBUG    | parser.utils.http_client | GET https://books.toscrape.com/catalogue/page-1.html (timeout=10.0)
2026-09-22 15:18:51 | INFO     | parser.utils.http_client | GET https://books.toscrape.com/catalogue/page-1.html -> 200: OK
2026-09-22 15:18:51 | INFO     | parser.scrapers.catalogue | Получено 50469 символов
2026-09-22 15:18:51 | INFO     | parser.parsers.book_list | Найдено 20 карточек
2026-09-22 15:18:51 | INFO     | parser.parsers.book_list | Разобрано 20 из 20 карточек
2026-09-22 15:18:51 | DEBUG    | parser.utils.http_client | GET https://books.toscrape.com/catalogue/a-light-in-the-attic_1000/index.html (timeout=10.0)
2026-09-22 15:18:52 | INFO     | parser.utils.http_client | GET https://books.toscrape.com/catalogue/a-light-in-the-attic_1000/index.html -> 200: OK
2026-09-22 15:18:52 | DEBUG    | parser.utils.http_client | GET https://books.toscrape.com/catalogue/tipping-the-velvet_999/index.html (timeout=10.0)
2026-09-22 15:18:53 | INFO     | parser.utils.http_client | GET https://books.toscrape.com/catalogue/tipping-the-velvet_999/index.html -> 200: OK
2026-09-22 15:18:53 | DEBUG    | parser.utils.http_client | GET https://books.toscrape.com/catalogue/soumission_998/index.html (timeout=10.0)
2026-09-22 15:18:54 | INFO     | parser.utils.http_client | GET https://books.toscrape.com/catalogue/soumission_998/index.html -> 200: OK
2026-09-22 15:18:55 | DEBUG    | parser.utils.http_client | GET https://books.toscrape.com/catalogue/sharp-objects_997/index.html (timeout=10.0)
2026-09-22 15:18:55 | INFO     | parser.utils.http_client | GET https://books.toscrape.com/catalogue/sharp-objects_997/index.html -> 200: OK
2026-09-22 15:18:56 | DEBUG    | parser.utils.http_client | GET https://books.toscrape.com/catalogue/sapiens-a-brief-history-of-humankind_996/index.html (timeout=10.0)
2026-09-22 15:18:57 | INFO     | parser.utils.http_client | GET https://books.toscrape.com/catalogue/sapiens-a-brief-history-of-humankind_996/index.html -> 200: OK
2026-09-22 15:18:57 | DEBUG    | parser.utils.http_client | GET https://books.toscrape.com/catalogue/the-requiem-red_995/index.html (timeout=10.0)
2026-09-22 15:18:58 | INFO     | parser.utils.http_client | GET https://books.toscrape.com/catalogue/the-requiem-red_995/index.html -> 200: OK
2026-09-22 15:18:58 | DEBUG    | parser.utils.http_client | GET https://books.toscrape.com/catalogue/the-dirty-little-secrets-of-getting-your-dream-job_994/index.html (timeout=10.0)
2026-09-22 15:18:59 | INFO     | parser.utils.http_client | GET https://books.toscrape.com/catalogue/the-dirty-little-secrets-of-getting-your-dream-job_994/index.html -> 200: OK
2026-09-22 15:19:00 | DEBUG    | parser.utils.http_client | GET https://books.toscrape.com/catalogue/the-coming-woman-a-novel-based-on-the-life-of-the-infamous-feminist-victoria-woodhull_993/index.html (timeout=10.0)
2026-09-22 15:19:00 | INFO     | parser.utils.http_client | GET https://books.toscrape.com/catalogue/the-coming-woman-a-novel-based-on-the-life-of-the-infamous-feminist-victoria-woodhull_993/index.html -> 200: OK
2026-09-22 15:19:01 | DEBUG    | parser.utils.http_client | GET https://books.toscrape.com/catalogue/the-boys-in-the-boat-nine-americans-and-their-epic-quest-for-gold-at-the-1936-berlin-olympics_992/index.html (timeout=10.0)
2026-09-22 15:19:01 | INFO     | parser.utils.http_client | GET https://books.toscrape.com/catalogue/the-boys-in-the-boat-nine-americans-and-their-epic-quest-for-gold-at-the-1936-berlin-olympics_992/index.html -> 200: OK
2026-09-22 15:19:02 | DEBUG    | parser.utils.http_client | GET https://books.toscrape.com/catalogue/the-black-maria_991/index.html (timeout=10.0)
2026-09-22 15:19:03 | INFO     | parser.utils.http_client | GET https://books.toscrape.com/catalogue/the-black-maria_991/index.html -> 200: OK
2026-09-22 15:19:04 | DEBUG    | parser.utils.http_client | GET https://books.toscrape.com/catalogue/starving-hearts-triangular-trade-trilogy-1_990/index.html (timeout=10.0)
2026-09-22 15:19:04 | INFO     | parser.utils.http_client | GET https://books.toscrape.com/catalogue/starving-hearts-triangular-trade-trilogy-1_990/index.html -> 200: OK
2026-09-22 15:19:05 | DEBUG    | parser.utils.http_client | GET https://books.toscrape.com/catalogue/shakespeares-sonnets_989/index.html (timeout=10.0)
2026-09-22 15:19:06 | INFO     | parser.utils.http_client | GET https://books.toscrape.com/catalogue/shakespeares-sonnets_989/index.html -> 200: OK
2026-09-22 15:19:06 | DEBUG    | parser.utils.http_client | GET https://books.toscrape.com/catalogue/set-me-free_988/index.html (timeout=10.0)
2026-09-22 15:19:07 | INFO     | parser.utils.http_client | GET https://books.toscrape.com/catalogue/set-me-free_988/index.html -> 200: OK
2026-09-22 15:19:08 | DEBUG    | parser.utils.http_client | GET https://books.toscrape.com/catalogue/scott-pilgrims-precious-little-life-scott-pilgrim-1_987/index.html (timeout=10.0)
2026-09-22 15:19:08 | INFO     | parser.utils.http_client | GET https://books.toscrape.com/catalogue/scott-pilgrims-precious-little-life-scott-pilgrim-1_987/index.html -> 200: OK
2026-09-22 15:19:09 | DEBUG    | parser.utils.http_client | GET https://books.toscrape.com/catalogue/rip-it-up-and-start-again_986/index.html (timeout=10.0)
2026-09-22 15:19:10 | INFO     | parser.utils.http_client | GET https://books.toscrape.com/catalogue/rip-it-up-and-start-again_986/index.html -> 200: OK
2026-09-22 15:19:10 | DEBUG    | parser.utils.http_client | GET https://books.toscrape.com/catalogue/our-band-could-be-your-life-scenes-from-the-american-indie-underground-1981-1991_985/index.html (timeout=10.0)
2026-09-22 15:19:11 | INFO     | parser.utils.http_client | GET https://books.toscrape.com/catalogue/our-band-could-be-your-life-scenes-from-the-american-indie-underground-1981-1991_985/index.html -> 200: OK
2026-09-22 15:19:12 | DEBUG    | parser.utils.http_client | GET https://books.toscrape.com/catalogue/olio_984/index.html (timeout=10.0)
2026-09-22 15:19:12 | INFO     | parser.utils.http_client | GET https://books.toscrape.com/catalogue/olio_984/index.html -> 200: OK
2026-09-22 15:19:13 | DEBUG    | parser.utils.http_client | GET https://books.toscrape.com/catalogue/mesaerion-the-best-science-fiction-stories-1800-1849_983/index.html (timeout=10.0)
2026-09-22 15:19:13 | INFO     | parser.utils.http_client | GET https://books.toscrape.com/catalogue/mesaerion-the-best-science-fiction-stories-1800-1849_983/index.html -> 200: OK
2026-09-22 15:19:14 | DEBUG    | parser.utils.http_client | GET https://books.toscrape.com/catalogue/libertarianism-for-beginners_982/index.html (timeout=10.0)
2026-09-22 15:19:14 | INFO     | parser.utils.http_client | GET https://books.toscrape.com/catalogue/libertarianism-for-beginners_982/index.html -> 200: OK
2026-09-22 15:19:15 | DEBUG    | parser.utils.http_client | GET https://books.toscrape.com/catalogue/its-only-the-himalayas_981/index.html (timeout=10.0)
2026-09-22 15:19:16 | INFO     | parser.utils.http_client | GET https://books.toscrape.com/catalogue/its-only-the-himalayas_981/index.html -> 200: OK
2026-09-22 15:19:16 | DEBUG    | __main__ | Номер книги - 0, название - A Light in the Attic, рейтинг - 3, цена - 51.77 GBP
2026-09-22 15:19:16 | DEBUG    | __main__ | Номер книги - 1, название - Tipping the Velvet, рейтинг - 1, цена - 53.74 GBP
2026-09-22 15:19:16 | DEBUG    | __main__ | Номер книги - 2, название - Soumission, рейтинг - 1, цена - 50.10 GBP
2026-09-22 15:19:16 | DEBUG    | __main__ | Номер книги - 3, название - Sharp Objects, рейтинг - 4, цена - 47.82 GBP
2026-09-22 15:19:16 | DEBUG    | __main__ | Номер книги - 4, название - Sapiens: A Brief History of Humankind, рейтинг - 5, цена - 54.23 GBP
2026-09-22 15:19:16 | DEBUG    | __main__ | Номер книги - 5, название - The Requiem Red, рейтинг - 1, цена - 22.65 GBP
2026-09-22 15:19:16 | DEBUG    | __main__ | Номер книги - 6, название - The Dirty Little Secrets of Getting Your Dream Job, рейтинг - 4, цена - 33.34 GBP
2026-09-22 15:19:16 | DEBUG    | __main__ | Номер книги - 7, название - The Coming Woman: A Novel Based on the Life of the Infamous Feminist, Victoria Woodhull, рейтинг - 3, цена - 17.93 GBP
2026-09-22 15:19:16 | DEBUG    | __main__ | Номер книги - 8, название - The Boys in the Boat: Nine Americans and Their Epic Quest for Gold at the 1936 Berlin Olympics, рейтинг - 4, цена - 22.60 GBP
2026-09-22 15:19:16 | DEBUG    | __main__ | Номер книги - 9, название - The Black Maria, рейтинг - 1, цена - 52.15 GBP
2026-09-22 15:19:16 | DEBUG    | __main__ | Номер книги - 10, название - Starving Hearts (Triangular Trade Trilogy, #1), рейтинг - 2, цена - 13.99 GBP
2026-09-22 15:19:16 | DEBUG    | __main__ | Номер книги - 11, название - Shakespeare's Sonnets, рейтинг - 4, цена - 20.66 GBP
2026-09-22 15:19:16 | DEBUG    | __main__ | Номер книги - 12, название - Set Me Free, рейтинг - 5, цена - 17.46 GBP
2026-09-22 15:19:16 | DEBUG    | __main__ | Номер книги - 13, название - Scott Pilgrim's Precious Little Life (Scott Pilgrim #1), рейтинг - 5, цена - 52.29 GBP
2026-09-22 15:19:16 | DEBUG    | __main__ | Номер книги - 14, название - Rip it Up and Start Again, рейтинг - 5, цена - 35.02 GBP
2026-09-22 15:19:16 | DEBUG    | __main__ | Номер книги - 15, название - Our Band Could Be Your Life: Scenes from the American Indie Underground, 1981-1991, рейтинг - 3, цена - 57.25 GBP
2026-09-22 15:19:16 | DEBUG    | __main__ | Номер книги - 16, название - Olio, рейтинг - 1, цена - 23.88 GBP
2026-09-22 15:19:16 | DEBUG    | __main__ | Номер книги - 17, название - Mesaerion: The Best Science Fiction Stories 1800-1849, рейтинг - 1, цена - 37.59 GBP
2026-09-22 15:19:16 | DEBUG    | __main__ | Номер книги - 18, название - Libertarianism for Beginners, рейтинг - 2, цена - 51.33 GBP
2026-09-22 15:19:16 | DEBUG    | __main__ | Номер книги - 19, название - It's Only the Himalayas, рейтинг - 2, цена - 45.17 GBP
2026-09-22 15:19:16 | INFO     | parser.storage.csv_storage | Сохранено: 20 записей в C:\Users\dalum\OneDrive\Рабочий стол\python_learn\parser\src\parser\storage\data\books.csv
2026-09-22 15:19:16 | INFO     | parser.storage.json_storage | Сохранено: 20 записей в C:\Users\dalum\OneDrive\Рабочий стол\python_learn\parser\src\parser\storage\data\books.json
2026-09-22 15:19:16 | INFO     | parser.analysis.analyze_json | Средняя стоимость книги по категориям: category
Business              33.340000
Default               18.173333
Fiction               50.100000
Historical Fiction    53.740000
History               54.230000
Music                 46.135000
Mystery               47.820000
Poetry                37.115000
Politics              51.330000
Science Fiction       37.590000
Sequential Art        52.290000
Travel                45.170000
Young Adult           20.055000
Name: price, dtype: float64
2026-09-22 15:19:16 | INFO     | parser.analysis.analyze_json | Количество книг в каждой категории: category
Business              1
Default               3
Fiction               1
Historical Fiction    1
History               1
Music                 2
Mystery               1
Poetry                4
Politics              1
Science Fiction       1
Sequential Art        1
Travel                1
Young Adult           2
Name: title, dtype: int64
2026-09-22 15:19:16 | INFO     | __main__ | Готово
2026-09-22 15:22:03 | INFO     | __main__ | Старт парсера. base_url=https://books.toscrape.com
2026-09-22 15:22:03 | INFO     | parser.scrapers.catalogue | Страница 1: https://books.toscrape.com/catalogue/page-1.html
2026-09-22 15:22:03 | DEBUG    | parser.utils.http_client | GET https://books.toscrape.com/catalogue/page-1.html (timeout=10.0)
2026-09-22 15:22:04 | INFO     | parser.utils.http_client | GET https://books.toscrape.com/catalogue/page-1.html -> 200: OK
2026-09-22 15:22:04 | INFO     | parser.scrapers.catalogue | Получено 50469 символов
2026-09-22 15:22:04 | INFO     | parser.parsers.book_list | Найдено 20 карточек
2026-09-22 15:22:04 | INFO     | parser.parsers.book_list | Разобрано 20 из 20 карточек
2026-09-22 15:22:04 | DEBUG    | parser.utils.http_client | GET https://books.toscrape.com/catalogue/a-light-in-the-attic_1000/index.html (timeout=10.0)
2026-09-22 15:22:04 | INFO     | parser.utils.http_client | GET https://books.toscrape.com/catalogue/a-light-in-the-attic_1000/index.html -> 200: OK
2026-09-22 15:22:05 | DEBUG    | parser.utils.http_client | GET https://books.toscrape.com/catalogue/tipping-the-velvet_999/index.html (timeout=10.0)
2026-09-22 15:22:06 | INFO     | parser.utils.http_client | GET https://books.toscrape.com/catalogue/tipping-the-velvet_999/index.html -> 200: OK
2026-09-22 15:22:06 | DEBUG    | parser.utils.http_client | GET https://books.toscrape.com/catalogue/soumission_998/index.html (timeout=10.0)
2026-09-22 15:22:07 | INFO     | parser.utils.http_client | GET https://books.toscrape.com/catalogue/soumission_998/index.html -> 200: OK
2026-09-22 15:22:08 | DEBUG    | parser.utils.http_client | GET https://books.toscrape.com/catalogue/sharp-objects_997/index.html (timeout=10.0)
2026-09-22 15:22:08 | INFO     | parser.utils.http_client | GET https://books.toscrape.com/catalogue/sharp-objects_997/index.html -> 200: OK
2026-09-22 15:22:09 | DEBUG    | parser.utils.http_client | GET https://books.toscrape.com/catalogue/sapiens-a-brief-history-of-humankind_996/index.html (timeout=10.0)
2026-09-22 15:22:10 | INFO     | parser.utils.http_client | GET https://books.toscrape.com/catalogue/sapiens-a-brief-history-of-humankind_996/index.html -> 200: OK
2026-09-22 15:22:11 | DEBUG    | parser.utils.http_client | GET https://books.toscrape.com/catalogue/the-requiem-red_995/index.html (timeout=10.0)
2026-09-22 15:22:11 | INFO     | parser.utils.http_client | GET https://books.toscrape.com/catalogue/the-requiem-red_995/index.html -> 200: OK
2026-09-22 15:22:12 | DEBUG    | parser.utils.http_client | GET https://books.toscrape.com/catalogue/the-dirty-little-secrets-of-getting-your-dream-job_994/index.html (timeout=10.0)
2026-09-22 15:22:13 | INFO     | parser.utils.http_client | GET https://books.toscrape.com/catalogue/the-dirty-little-secrets-of-getting-your-dream-job_994/index.html -> 200: OK
2026-09-22 15:22:13 | DEBUG    | parser.utils.http_client | GET https://books.toscrape.com/catalogue/the-coming-woman-a-novel-based-on-the-life-of-the-infamous-feminist-victoria-woodhull_993/index.html (timeout=10.0)
2026-09-22 15:22:14 | INFO     | parser.utils.http_client | GET https://books.toscrape.com/catalogue/the-coming-woman-a-novel-based-on-the-life-of-the-infamous-feminist-victoria-woodhull_993/index.html -> 200: OK
2026-09-22 15:22:15 | DEBUG    | parser.utils.http_client | GET https://books.toscrape.com/catalogue/the-boys-in-the-boat-nine-americans-and-their-epic-quest-for-gold-at-the-1936-berlin-olympics_992/index.html (timeout=10.0)
2026-09-22 15:22:15 | INFO     | parser.utils.http_client | GET https://books.toscrape.com/catalogue/the-boys-in-the-boat-nine-americans-and-their-epic-quest-for-gold-at-the-1936-berlin-olympics_992/index.html -> 200: OK
2026-09-22 15:22:16 | DEBUG    | parser.utils.http_client | GET https://books.toscrape.com/catalogue/the-black-maria_991/index.html (timeout=10.0)
2026-09-22 15:22:16 | INFO     | parser.utils.http_client | GET https://books.toscrape.com/catalogue/the-black-maria_991/index.html -> 200: OK
2026-09-22 15:22:17 | DEBUG    | parser.utils.http_client | GET https://books.toscrape.com/catalogue/starving-hearts-triangular-trade-trilogy-1_990/index.html (timeout=10.0)
2026-09-22 15:22:18 | INFO     | parser.utils.http_client | GET https://books.toscrape.com/catalogue/starving-hearts-triangular-trade-trilogy-1_990/index.html -> 200: OK
2026-09-22 15:22:18 | DEBUG    | parser.utils.http_client | GET https://books.toscrape.com/catalogue/shakespeares-sonnets_989/index.html (timeout=10.0)
2026-09-22 15:22:19 | INFO     | parser.utils.http_client | GET https://books.toscrape.com/catalogue/shakespeares-sonnets_989/index.html -> 200: OK
2026-09-22 15:22:20 | DEBUG    | parser.utils.http_client | GET https://books.toscrape.com/catalogue/set-me-free_988/index.html (timeout=10.0)
2026-09-22 15:22:20 | INFO     | parser.utils.http_client | GET https://books.toscrape.com/catalogue/set-me-free_988/index.html -> 200: OK
2026-09-22 15:22:21 | DEBUG    | parser.utils.http_client | GET https://books.toscrape.com/catalogue/scott-pilgrims-precious-little-life-scott-pilgrim-1_987/index.html (timeout=10.0)
2026-09-22 15:22:22 | INFO     | parser.utils.http_client | GET https://books.toscrape.com/catalogue/scott-pilgrims-precious-little-life-scott-pilgrim-1_987/index.html -> 200: OK
2026-09-22 15:22:23 | DEBUG    | parser.utils.http_client | GET https://books.toscrape.com/catalogue/rip-it-up-and-start-again_986/index.html (timeout=10.0)
2026-09-22 15:22:23 | INFO     | parser.utils.http_client | GET https://books.toscrape.com/catalogue/rip-it-up-and-start-again_986/index.html -> 200: OK
2026-09-22 15:22:24 | DEBUG    | parser.utils.http_client | GET https://books.toscrape.com/catalogue/our-band-could-be-your-life-scenes-from-the-american-indie-underground-1981-1991_985/index.html (timeout=10.0)
2026-09-22 15:22:25 | INFO     | parser.utils.http_client | GET https://books.toscrape.com/catalogue/our-band-could-be-your-life-scenes-from-the-american-indie-underground-1981-1991_985/index.html -> 200: OK
2026-09-22 15:22:25 | DEBUG    | parser.utils.http_client | GET https://books.toscrape.com/catalogue/olio_984/index.html (timeout=10.0)
2026-09-22 15:22:26 | INFO     | parser.utils.http_client | GET https://books.toscrape.com/catalogue/olio_984/index.html -> 200: OK
2026-09-22 15:22:27 | DEBUG    | parser.utils.http_client | GET https://books.toscrape.com/catalogue/mesaerion-the-best-science-fiction-stories-1800-1849_983/index.html (timeout=10.0)
2026-09-22 15:22:27 | INFO     | parser.utils.http_client | GET https://books.toscrape.com/catalogue/mesaerion-the-best-science-fiction-stories-1800-1849_983/index.html -> 200: OK
2026-09-22 15:22:28 | DEBUG    | parser.utils.http_client | GET https://books.toscrape.com/catalogue/libertarianism-for-beginners_982/index.html (timeout=10.0)
2026-09-22 15:22:29 | INFO     | parser.utils.http_client | GET https://books.toscrape.com/catalogue/libertarianism-for-beginners_982/index.html -> 200: OK
2026-09-22 15:22:30 | DEBUG    | parser.utils.http_client | GET https://books.toscrape.com/catalogue/its-only-the-himalayas_981/index.html (timeout=10.0)
2026-09-22 15:22:30 | INFO     | parser.utils.http_client | GET https://books.toscrape.com/catalogue/its-only-the-himalayas_981/index.html -> 200: OK
2026-09-22 15:22:31 | DEBUG    | __main__ | Номер книги - 0, название - A Light in the Attic, рейтинг - 3, цена - 51.77 GBP
2026-09-22 15:22:31 | DEBUG    | __main__ | Номер книги - 1, название - Tipping the Velvet, рейтинг - 1, цена - 53.74 GBP
2026-09-22 15:22:31 | DEBUG    | __main__ | Номер книги - 2, название - Soumission, рейтинг - 1, цена - 50.10 GBP
2026-09-22 15:22:31 | DEBUG    | __main__ | Номер книги - 3, название - Sharp Objects, рейтинг - 4, цена - 47.82 GBP
2026-09-22 15:22:31 | DEBUG    | __main__ | Номер книги - 4, название - Sapiens: A Brief History of Humankind, рейтинг - 5, цена - 54.23 GBP
2026-09-22 15:22:31 | DEBUG    | __main__ | Номер книги - 5, название - The Requiem Red, рейтинг - 1, цена - 22.65 GBP
2026-09-22 15:22:31 | DEBUG    | __main__ | Номер книги - 6, название - The Dirty Little Secrets of Getting Your Dream Job, рейтинг - 4, цена - 33.34 GBP
2026-09-22 15:22:31 | DEBUG    | __main__ | Номер книги - 7, название - The Coming Woman: A Novel Based on the Life of the Infamous Feminist, Victoria Woodhull, рейтинг - 3, цена - 17.93 GBP
2026-09-22 15:22:31 | DEBUG    | __main__ | Номер книги - 8, название - The Boys in the Boat: Nine Americans and Their Epic Quest for Gold at the 1936 Berlin Olympics, рейтинг - 4, цена - 22.60 GBP
2026-09-22 15:22:31 | DEBUG    | __main__ | Номер книги - 9, название - The Black Maria, рейтинг - 1, цена - 52.15 GBP
2026-09-22 15:22:31 | DEBUG    | __main__ | Номер книги - 10, название - Starving Hearts (Triangular Trade Trilogy, #1), рейтинг - 2, цена - 13.99 GBP
2026-09-22 15:22:31 | DEBUG    | __main__ | Номер книги - 11, название - Shakespeare's Sonnets, рейтинг - 4, цена - 20.66 GBP
2026-09-22 15:22:31 | DEBUG    | __main__ | Номер книги - 12, название - Set Me Free, рейтинг - 5, цена - 17.46 GBP
2026-09-22 15:22:31 | DEBUG    | __main__ | Номер книги - 13, название - Scott Pilgrim's Precious Little Life (Scott Pilgrim #1), рейтинг - 5, цена - 52.29 GBP
2026-09-22 15:22:31 | DEBUG    | __main__ | Номер книги - 14, название - Rip it Up and Start Again, рейтинг - 5, цена - 35.02 GBP
2026-09-22 15:22:31 | DEBUG    | __main__ | Номер книги - 15, название - Our Band Could Be Your Life: Scenes from the American Indie Underground, 1981-1991, рейтинг - 3, цена - 57.25 GBP
2026-09-22 15:22:31 | DEBUG    | __main__ | Номер книги - 16, название - Olio, рейтинг - 1, цена - 23.88 GBP
2026-09-22 15:22:31 | DEBUG    | __main__ | Номер книги - 17, название - Mesaerion: The Best Science Fiction Stories 1800-1849, рейтинг - 1, цена - 37.59 GBP
2026-09-22 15:22:31 | DEBUG    | __main__ | Номер книги - 18, название - Libertarianism for Beginners, рейтинг - 2, цена - 51.33 GBP
2026-09-22 15:22:31 | DEBUG    | __main__ | Номер книги - 19, название - It's Only the Himalayas, рейтинг - 2, цена - 45.17 GBP
2026-09-22 15:22:31 | INFO     | parser.storage.csv_storage | Сохранено: 20 записей в C:\Users\dalum\OneDrive\Рабочий стол\python_learn\parser\src\parser\storage\data\books.csv
2026-09-22 15:22:31 | INFO     | parser.storage.json_storage | Сохранено: 20 записей в C:\Users\dalum\OneDrive\Рабочий стол\python_learn\parser\src\parser\storage\data\books.json
2026-09-22 15:22:31 | INFO     | parser.analysis.analyze_json | Средняя стоимость книги по категориям: category
Business              33.340000
Default               18.173333
Fiction               50.100000
Historical Fiction    53.740000
History               54.230000
Music                 46.135000
Mystery               47.820000
Poetry                37.115000
Politics              51.330000
Science Fiction       37.590000
Sequential Art        52.290000
Travel                45.170000
Young Adult           20.055000
Name: price, dtype: float64
2026-09-22 15:22:31 | INFO     | parser.analysis.analyze_json | Количество книг в каждой категории: category
Poetry                4
Default               3
Young Adult           2
Music                 2
Historical Fiction    1
Fiction               1
Mystery               1
History               1
Business              1
Sequential Art        1
Science Fiction       1
Politics              1
Travel                1
Name: count, dtype: int64
2026-09-22 15:22:31 | INFO     | __main__ | Готово
2026-09-22 15:29:15 | INFO     | __main__ | Старт парсера. base_url=https://books.toscrape.com
2026-09-22 15:29:15 | INFO     | parser.scrapers.catalogue | Страница 1: https://books.toscrape.com/catalogue/page-1.html
2026-09-22 15:29:15 | DEBUG    | parser.utils.http_client | GET https://books.toscrape.com/catalogue/page-1.html (timeout=10.0)
2026-09-22 15:29:16 | INFO     | parser.utils.http_client | GET https://books.toscrape.com/catalogue/page-1.html -> 200: OK
2026-09-22 15:29:16 | INFO     | parser.scrapers.catalogue | Получено 50469 символов
2026-09-22 15:29:16 | INFO     | parser.parsers.book_list | Найдено 20 карточек
2026-09-22 15:29:16 | INFO     | parser.parsers.book_list | Разобрано 20 из 20 карточек
2026-09-22 15:29:16 | DEBUG    | parser.utils.http_client | GET https://books.toscrape.com/catalogue/a-light-in-the-attic_1000/index.html (timeout=10.0)
2026-09-22 15:29:16 | INFO     | parser.utils.http_client | GET https://books.toscrape.com/catalogue/a-light-in-the-attic_1000/index.html -> 200: OK
2026-09-22 15:29:17 | DEBUG    | parser.utils.http_client | GET https://books.toscrape.com/catalogue/tipping-the-velvet_999/index.html (timeout=10.0)
2026-09-22 15:29:18 | INFO     | parser.utils.http_client | GET https://books.toscrape.com/catalogue/tipping-the-velvet_999/index.html -> 200: OK
2026-09-22 15:29:18 | DEBUG    | parser.utils.http_client | GET https://books.toscrape.com/catalogue/soumission_998/index.html (timeout=10.0)
2026-09-22 15:29:19 | INFO     | parser.utils.http_client | GET https://books.toscrape.com/catalogue/soumission_998/index.html -> 200: OK
2026-09-22 15:29:19 | DEBUG    | parser.utils.http_client | GET https://books.toscrape.com/catalogue/sharp-objects_997/index.html (timeout=10.0)
2026-09-22 15:29:20 | INFO     | parser.utils.http_client | GET https://books.toscrape.com/catalogue/sharp-objects_997/index.html -> 200: OK
2026-09-22 15:29:21 | DEBUG    | parser.utils.http_client | GET https://books.toscrape.com/catalogue/sapiens-a-brief-history-of-humankind_996/index.html (timeout=10.0)
2026-09-22 15:29:21 | INFO     | parser.utils.http_client | GET https://books.toscrape.com/catalogue/sapiens-a-brief-history-of-humankind_996/index.html -> 200: OK
2026-09-22 15:29:22 | DEBUG    | parser.utils.http_client | GET https://books.toscrape.com/catalogue/the-requiem-red_995/index.html (timeout=10.0)
2026-09-22 15:29:23 | INFO     | parser.utils.http_client | GET https://books.toscrape.com/catalogue/the-requiem-red_995/index.html -> 200: OK
2026-09-22 15:29:23 | DEBUG    | parser.utils.http_client | GET https://books.toscrape.com/catalogue/the-dirty-little-secrets-of-getting-your-dream-job_994/index.html (timeout=10.0)
2026-09-22 15:29:24 | INFO     | parser.utils.http_client | GET https://books.toscrape.com/catalogue/the-dirty-little-secrets-of-getting-your-dream-job_994/index.html -> 200: OK
2026-09-22 15:29:25 | DEBUG    | parser.utils.http_client | GET https://books.toscrape.com/catalogue/the-coming-woman-a-novel-based-on-the-life-of-the-infamous-feminist-victoria-woodhull_993/index.html (timeout=10.0)
2026-09-22 15:29:25 | INFO     | parser.utils.http_client | GET https://books.toscrape.com/catalogue/the-coming-woman-a-novel-based-on-the-life-of-the-infamous-feminist-victoria-woodhull_993/index.html -> 200: OK
2026-09-22 15:29:26 | DEBUG    | parser.utils.http_client | GET https://books.toscrape.com/catalogue/the-boys-in-the-boat-nine-americans-and-their-epic-quest-for-gold-at-the-1936-berlin-olympics_992/index.html (timeout=10.0)
2026-09-22 15:29:27 | INFO     | parser.utils.http_client | GET https://books.toscrape.com/catalogue/the-boys-in-the-boat-nine-americans-and-their-epic-quest-for-gold-at-the-1936-berlin-olympics_992/index.html -> 200: OK
2026-09-22 15:29:27 | DEBUG    | parser.utils.http_client | GET https://books.toscrape.com/catalogue/the-black-maria_991/index.html (timeout=10.0)
2026-09-22 15:29:28 | INFO     | parser.utils.http_client | GET https://books.toscrape.com/catalogue/the-black-maria_991/index.html -> 200: OK
2026-09-22 15:29:28 | DEBUG    | parser.utils.http_client | GET https://books.toscrape.com/catalogue/starving-hearts-triangular-trade-trilogy-1_990/index.html (timeout=10.0)
2026-09-22 15:29:29 | INFO     | parser.utils.http_client | GET https://books.toscrape.com/catalogue/starving-hearts-triangular-trade-trilogy-1_990/index.html -> 200: OK
2026-09-22 15:29:30 | DEBUG    | parser.utils.http_client | GET https://books.toscrape.com/catalogue/shakespeares-sonnets_989/index.html (timeout=10.0)
2026-09-22 15:29:30 | INFO     | parser.utils.http_client | GET https://books.toscrape.com/catalogue/shakespeares-sonnets_989/index.html -> 200: OK
2026-09-22 15:29:31 | DEBUG    | parser.utils.http_client | GET https://books.toscrape.com/catalogue/set-me-free_988/index.html (timeout=10.0)
2026-09-22 15:29:32 | INFO     | parser.utils.http_client | GET https://books.toscrape.com/catalogue/set-me-free_988/index.html -> 200: OK
2026-09-22 15:29:32 | DEBUG    | parser.utils.http_client | GET https://books.toscrape.com/catalogue/scott-pilgrims-precious-little-life-scott-pilgrim-1_987/index.html (timeout=10.0)
2026-09-22 15:29:33 | INFO     | parser.utils.http_client | GET https://books.toscrape.com/catalogue/scott-pilgrims-precious-little-life-scott-pilgrim-1_987/index.html -> 200: OK
2026-09-22 15:29:34 | DEBUG    | parser.utils.http_client | GET https://books.toscrape.com/catalogue/rip-it-up-and-start-again_986/index.html (timeout=10.0)
2026-09-22 15:29:34 | INFO     | parser.utils.http_client | GET https://books.toscrape.com/catalogue/rip-it-up-and-start-again_986/index.html -> 200: OK
2026-09-22 15:29:35 | DEBUG    | parser.utils.http_client | GET https://books.toscrape.com/catalogue/our-band-could-be-your-life-scenes-from-the-american-indie-underground-1981-1991_985/index.html (timeout=10.0)
2026-09-22 15:29:35 | INFO     | parser.utils.http_client | GET https://books.toscrape.com/catalogue/our-band-could-be-your-life-scenes-from-the-american-indie-underground-1981-1991_985/index.html -> 200: OK
2026-09-22 15:29:36 | DEBUG    | parser.utils.http_client | GET https://books.toscrape.com/catalogue/olio_984/index.html (timeout=10.0)
2026-09-22 15:29:37 | INFO     | parser.utils.http_client | GET https://books.toscrape.com/catalogue/olio_984/index.html -> 200: OK
2026-09-22 15:29:37 | DEBUG    | parser.utils.http_client | GET https://books.toscrape.com/catalogue/mesaerion-the-best-science-fiction-stories-1800-1849_983/index.html (timeout=10.0)
2026-09-22 15:29:38 | INFO     | parser.utils.http_client | GET https://books.toscrape.com/catalogue/mesaerion-the-best-science-fiction-stories-1800-1849_983/index.html -> 200: OK
2026-09-22 15:29:39 | DEBUG    | parser.utils.http_client | GET https://books.toscrape.com/catalogue/libertarianism-for-beginners_982/index.html (timeout=10.0)
2026-09-22 15:29:39 | INFO     | parser.utils.http_client | GET https://books.toscrape.com/catalogue/libertarianism-for-beginners_982/index.html -> 200: OK
2026-09-22 15:29:40 | DEBUG    | parser.utils.http_client | GET https://books.toscrape.com/catalogue/its-only-the-himalayas_981/index.html (timeout=10.0)
2026-09-22 15:29:41 | INFO     | parser.utils.http_client | GET https://books.toscrape.com/catalogue/its-only-the-himalayas_981/index.html -> 200: OK
2026-09-22 15:29:41 | DEBUG    | __main__ | Номер книги - 0, название - A Light in the Attic, рейтинг - 3, цена - 51.77 GBP
2026-09-22 15:29:41 | DEBUG    | __main__ | Номер книги - 1, название - Tipping the Velvet, рейтинг - 1, цена - 53.74 GBP
2026-09-22 15:29:41 | DEBUG    | __main__ | Номер книги - 2, название - Soumission, рейтинг - 1, цена - 50.10 GBP
2026-09-22 15:29:41 | DEBUG    | __main__ | Номер книги - 3, название - Sharp Objects, рейтинг - 4, цена - 47.82 GBP
2026-09-22 15:29:41 | DEBUG    | __main__ | Номер книги - 4, название - Sapiens: A Brief History of Humankind, рейтинг - 5, цена - 54.23 GBP
2026-09-22 15:29:41 | DEBUG    | __main__ | Номер книги - 5, название - The Requiem Red, рейтинг - 1, цена - 22.65 GBP
2026-09-22 15:29:41 | DEBUG    | __main__ | Номер книги - 6, название - The Dirty Little Secrets of Getting Your Dream Job, рейтинг - 4, цена - 33.34 GBP
2026-09-22 15:29:41 | DEBUG    | __main__ | Номер книги - 7, название - The Coming Woman: A Novel Based on the Life of the Infamous Feminist, Victoria Woodhull, рейтинг - 3, цена - 17.93 GBP
2026-09-22 15:29:41 | DEBUG    | __main__ | Номер книги - 8, название - The Boys in the Boat: Nine Americans and Their Epic Quest for Gold at the 1936 Berlin Olympics, рейтинг - 4, цена - 22.60 GBP
2026-09-22 15:29:41 | DEBUG    | __main__ | Номер книги - 9, название - The Black Maria, рейтинг - 1, цена - 52.15 GBP
2026-09-22 15:29:41 | DEBUG    | __main__ | Номер книги - 10, название - Starving Hearts (Triangular Trade Trilogy, #1), рейтинг - 2, цена - 13.99 GBP
2026-09-22 15:29:41 | DEBUG    | __main__ | Номер книги - 11, название - Shakespeare's Sonnets, рейтинг - 4, цена - 20.66 GBP
2026-09-22 15:29:41 | DEBUG    | __main__ | Номер книги - 12, название - Set Me Free, рейтинг - 5, цена - 17.46 GBP
2026-09-22 15:29:41 | DEBUG    | __main__ | Номер книги - 13, название - Scott Pilgrim's Precious Little Life (Scott Pilgrim #1), рейтинг - 5, цена - 52.29 GBP
2026-09-22 15:29:41 | DEBUG    | __main__ | Номер книги - 14, название - Rip it Up and Start Again, рейтинг - 5, цена - 35.02 GBP
2026-09-22 15:29:41 | DEBUG    | __main__ | Номер книги - 15, название - Our Band Could Be Your Life: Scenes from the American Indie Underground, 1981-1991, рейтинг - 3, цена - 57.25 GBP
2026-09-22 15:29:41 | DEBUG    | __main__ | Номер книги - 16, название - Olio, рейтинг - 1, цена - 23.88 GBP
2026-09-22 15:29:41 | DEBUG    | __main__ | Номер книги - 17, название - Mesaerion: The Best Science Fiction Stories 1800-1849, рейтинг - 1, цена - 37.59 GBP
2026-09-22 15:29:41 | DEBUG    | __main__ | Номер книги - 18, название - Libertarianism for Beginners, рейтинг - 2, цена - 51.33 GBP
2026-09-22 15:29:41 | DEBUG    | __main__ | Номер книги - 19, название - It's Only the Himalayas, рейтинг - 2, цена - 45.17 GBP
2026-09-22 15:29:41 | INFO     | parser.storage.csv_storage | Сохранено: 20 записей в C:\Users\dalum\OneDrive\Рабочий стол\python_learn\parser\src\parser\storage\data\books.csv
2026-09-22 15:29:41 | INFO     | parser.storage.json_storage | Сохранено: 20 записей в C:\Users\dalum\OneDrive\Рабочий стол\python_learn\parser\src\parser\storage\data\books.json
2026-09-22 15:29:41 | INFO     | parser.analysis.analyze_json | Средняя стоимость книги по категориям: category
Business              33.340000
Default               18.173333
Fiction               50.100000
Historical Fiction    53.740000
History               54.230000
Music                 46.135000
Mystery               47.820000
Poetry                37.115000
Politics              51.330000
Science Fiction       37.590000
Sequential Art        52.290000
Travel                45.170000
Young Adult           20.055000
Name: price, dtype: float64
2026-09-22 15:29:41 | INFO     | parser.analysis.analyze_json | Количество книг в каждой категории: category
Poetry                4
Default               3
Young Adult           2
Music                 2
Historical Fiction    1
Fiction               1
Mystery               1
History               1
Business              1
Sequential Art        1
Science Fiction       1
Politics              1
Travel                1
Name: count, dtype: int64
2026-09-22 15:31:06 | INFO     | __main__ | Старт парсера. base_url=https://books.toscrape.com
2026-09-22 15:31:06 | INFO     | parser.scrapers.catalogue | Страница 1: https://books.toscrape.com/catalogue/page-1.html
2026-09-22 15:31:06 | DEBUG    | parser.utils.http_client | GET https://books.toscrape.com/catalogue/page-1.html (timeout=10.0)
2026-09-22 15:31:07 | INFO     | parser.utils.http_client | GET https://books.toscrape.com/catalogue/page-1.html -> 200: OK
2026-09-22 15:31:07 | INFO     | parser.scrapers.catalogue | Получено 50469 символов
2026-09-22 15:31:07 | INFO     | parser.parsers.book_list | Найдено 20 карточек
2026-09-22 15:31:07 | INFO     | parser.parsers.book_list | Разобрано 20 из 20 карточек
2026-09-22 15:31:07 | DEBUG    | parser.utils.http_client | GET https://books.toscrape.com/catalogue/a-light-in-the-attic_1000/index.html (timeout=10.0)
2026-09-22 15:31:07 | INFO     | parser.utils.http_client | GET https://books.toscrape.com/catalogue/a-light-in-the-attic_1000/index.html -> 200: OK
2026-09-22 15:31:08 | DEBUG    | parser.utils.http_client | GET https://books.toscrape.com/catalogue/tipping-the-velvet_999/index.html (timeout=10.0)
2026-09-22 15:31:08 | INFO     | parser.utils.http_client | GET https://books.toscrape.com/catalogue/tipping-the-velvet_999/index.html -> 200: OK
2026-09-22 15:31:09 | DEBUG    | parser.utils.http_client | GET https://books.toscrape.com/catalogue/soumission_998/index.html (timeout=10.0)
2026-09-22 15:31:10 | INFO     | parser.utils.http_client | GET https://books.toscrape.com/catalogue/soumission_998/index.html -> 200: OK
2026-09-22 15:31:10 | DEBUG    | parser.utils.http_client | GET https://books.toscrape.com/catalogue/sharp-objects_997/index.html (timeout=10.0)
2026-09-22 15:31:11 | INFO     | parser.utils.http_client | GET https://books.toscrape.com/catalogue/sharp-objects_997/index.html -> 200: OK
2026-09-22 15:31:12 | DEBUG    | parser.utils.http_client | GET https://books.toscrape.com/catalogue/sapiens-a-brief-history-of-humankind_996/index.html (timeout=10.0)
2026-09-22 15:31:12 | INFO     | parser.utils.http_client | GET https://books.toscrape.com/catalogue/sapiens-a-brief-history-of-humankind_996/index.html -> 200: OK
2026-09-22 15:31:13 | DEBUG    | parser.utils.http_client | GET https://books.toscrape.com/catalogue/the-requiem-red_995/index.html (timeout=10.0)
2026-09-22 15:31:13 | INFO     | parser.utils.http_client | GET https://books.toscrape.com/catalogue/the-requiem-red_995/index.html -> 200: OK
2026-09-22 15:31:14 | DEBUG    | parser.utils.http_client | GET https://books.toscrape.com/catalogue/the-dirty-little-secrets-of-getting-your-dream-job_994/index.html (timeout=10.0)
2026-09-22 15:31:15 | INFO     | parser.utils.http_client | GET https://books.toscrape.com/catalogue/the-dirty-little-secrets-of-getting-your-dream-job_994/index.html -> 200: OK
2026-09-22 15:31:15 | DEBUG    | parser.utils.http_client | GET https://books.toscrape.com/catalogue/the-coming-woman-a-novel-based-on-the-life-of-the-infamous-feminist-victoria-woodhull_993/index.html (timeout=10.0)
2026-09-22 15:31:16 | INFO     | parser.utils.http_client | GET https://books.toscrape.com/catalogue/the-coming-woman-a-novel-based-on-the-life-of-the-infamous-feminist-victoria-woodhull_993/index.html -> 200: OK
2026-09-22 15:31:16 | DEBUG    | parser.utils.http_client | GET https://books.toscrape.com/catalogue/the-boys-in-the-boat-nine-americans-and-their-epic-quest-for-gold-at-the-1936-berlin-olympics_992/index.html (timeout=10.0)
2026-09-22 15:31:17 | INFO     | parser.utils.http_client | GET https://books.toscrape.com/catalogue/the-boys-in-the-boat-nine-americans-and-their-epic-quest-for-gold-at-the-1936-berlin-olympics_992/index.html -> 200: OK
2026-09-22 15:31:18 | DEBUG    | parser.utils.http_client | GET https://books.toscrape.com/catalogue/the-black-maria_991/index.html (timeout=10.0)
2026-09-22 15:31:19 | INFO     | parser.utils.http_client | GET https://books.toscrape.com/catalogue/the-black-maria_991/index.html -> 200: OK
2026-09-22 15:31:19 | DEBUG    | parser.utils.http_client | GET https://books.toscrape.com/catalogue/starving-hearts-triangular-trade-trilogy-1_990/index.html (timeout=10.0)
2026-09-22 15:31:20 | INFO     | parser.utils.http_client | GET https://books.toscrape.com/catalogue/starving-hearts-triangular-trade-trilogy-1_990/index.html -> 200: OK
2026-09-22 15:31:20 | DEBUG    | parser.utils.http_client | GET https://books.toscrape.com/catalogue/shakespeares-sonnets_989/index.html (timeout=10.0)
2026-09-22 15:31:21 | INFO     | parser.utils.http_client | GET https://books.toscrape.com/catalogue/shakespeares-sonnets_989/index.html -> 200: OK
2026-09-22 15:31:22 | DEBUG    | parser.utils.http_client | GET https://books.toscrape.com/catalogue/set-me-free_988/index.html (timeout=10.0)
2026-09-22 15:31:22 | INFO     | parser.utils.http_client | GET https://books.toscrape.com/catalogue/set-me-free_988/index.html -> 200: OK
2026-09-22 15:31:23 | DEBUG    | parser.utils.http_client | GET https://books.toscrape.com/catalogue/scott-pilgrims-precious-little-life-scott-pilgrim-1_987/index.html (timeout=10.0)
2026-09-22 15:31:24 | INFO     | parser.utils.http_client | GET https://books.toscrape.com/catalogue/scott-pilgrims-precious-little-life-scott-pilgrim-1_987/index.html -> 200: OK
2026-09-22 15:31:24 | DEBUG    | parser.utils.http_client | GET https://books.toscrape.com/catalogue/rip-it-up-and-start-again_986/index.html (timeout=10.0)
2026-09-22 15:31:25 | INFO     | parser.utils.http_client | GET https://books.toscrape.com/catalogue/rip-it-up-and-start-again_986/index.html -> 200: OK
2026-09-22 15:31:26 | DEBUG    | parser.utils.http_client | GET https://books.toscrape.com/catalogue/our-band-could-be-your-life-scenes-from-the-american-indie-underground-1981-1991_985/index.html (timeout=10.0)
2026-09-22 15:31:26 | INFO     | parser.utils.http_client | GET https://books.toscrape.com/catalogue/our-band-could-be-your-life-scenes-from-the-american-indie-underground-1981-1991_985/index.html -> 200: OK
2026-09-22 15:31:27 | DEBUG    | parser.utils.http_client | GET https://books.toscrape.com/catalogue/olio_984/index.html (timeout=10.0)
2026-09-22 15:31:28 | INFO     | parser.utils.http_client | GET https://books.toscrape.com/catalogue/olio_984/index.html -> 200: OK
2026-09-22 15:31:28 | DEBUG    | parser.utils.http_client | GET https://books.toscrape.com/catalogue/mesaerion-the-best-science-fiction-stories-1800-1849_983/index.html (timeout=10.0)
2026-09-22 15:31:29 | INFO     | parser.utils.http_client | GET https://books.toscrape.com/catalogue/mesaerion-the-best-science-fiction-stories-1800-1849_983/index.html -> 200: OK
2026-09-22 15:31:29 | DEBUG    | parser.utils.http_client | GET https://books.toscrape.com/catalogue/libertarianism-for-beginners_982/index.html (timeout=10.0)
2026-09-22 15:31:30 | INFO     | parser.utils.http_client | GET https://books.toscrape.com/catalogue/libertarianism-for-beginners_982/index.html -> 200: OK
2026-09-22 15:31:30 | DEBUG    | parser.utils.http_client | GET https://books.toscrape.com/catalogue/its-only-the-himalayas_981/index.html (timeout=10.0)
2026-09-22 15:31:31 | INFO     | parser.utils.http_client | GET https://books.toscrape.com/catalogue/its-only-the-himalayas_981/index.html -> 200: OK
2026-09-22 15:31:31 | DEBUG    | __main__ | Номер книги - 0, название - A Light in the Attic, рейтинг - 3, цена - 51.77 GBP
2026-09-22 15:31:31 | DEBUG    | __main__ | Номер книги - 1, название - Tipping the Velvet, рейтинг - 1, цена - 53.74 GBP
2026-09-22 15:31:31 | DEBUG    | __main__ | Номер книги - 2, название - Soumission, рейтинг - 1, цена - 50.10 GBP
2026-09-22 15:31:31 | DEBUG    | __main__ | Номер книги - 3, название - Sharp Objects, рейтинг - 4, цена - 47.82 GBP
2026-09-22 15:31:31 | DEBUG    | __main__ | Номер книги - 4, название - Sapiens: A Brief History of Humankind, рейтинг - 5, цена - 54.23 GBP
2026-09-22 15:31:31 | DEBUG    | __main__ | Номер книги - 5, название - The Requiem Red, рейтинг - 1, цена - 22.65 GBP
2026-09-22 15:31:31 | DEBUG    | __main__ | Номер книги - 6, название - The Dirty Little Secrets of Getting Your Dream Job, рейтинг - 4, цена - 33.34 GBP
2026-09-22 15:31:31 | DEBUG    | __main__ | Номер книги - 7, название - The Coming Woman: A Novel Based on the Life of the Infamous Feminist, Victoria Woodhull, рейтинг - 3, цена - 17.93 GBP
2026-09-22 15:31:31 | DEBUG    | __main__ | Номер книги - 8, название - The Boys in the Boat: Nine Americans and Their Epic Quest for Gold at the 1936 Berlin Olympics, рейтинг - 4, цена - 22.60 GBP
2026-09-22 15:31:31 | DEBUG    | __main__ | Номер книги - 9, название - The Black Maria, рейтинг - 1, цена - 52.15 GBP
2026-09-22 15:31:31 | DEBUG    | __main__ | Номер книги - 10, название - Starving Hearts (Triangular Trade Trilogy, #1), рейтинг - 2, цена - 13.99 GBP
2026-09-22 15:31:31 | DEBUG    | __main__ | Номер книги - 11, название - Shakespeare's Sonnets, рейтинг - 4, цена - 20.66 GBP
2026-09-22 15:31:31 | DEBUG    | __main__ | Номер книги - 12, название - Set Me Free, рейтинг - 5, цена - 17.46 GBP
2026-09-22 15:31:31 | DEBUG    | __main__ | Номер книги - 13, название - Scott Pilgrim's Precious Little Life (Scott Pilgrim #1), рейтинг - 5, цена - 52.29 GBP
2026-09-22 15:31:31 | DEBUG    | __main__ | Номер книги - 14, название - Rip it Up and Start Again, рейтинг - 5, цена - 35.02 GBP
2026-09-22 15:31:31 | DEBUG    | __main__ | Номер книги - 15, название - Our Band Could Be Your Life: Scenes from the American Indie Underground, 1981-1991, рейтинг - 3, цена - 57.25 GBP
2026-09-22 15:31:31 | DEBUG    | __main__ | Номер книги - 16, название - Olio, рейтинг - 1, цена - 23.88 GBP
2026-09-22 15:31:31 | DEBUG    | __main__ | Номер книги - 17, название - Mesaerion: The Best Science Fiction Stories 1800-1849, рейтинг - 1, цена - 37.59 GBP
2026-09-22 15:31:31 | DEBUG    | __main__ | Номер книги - 18, название - Libertarianism for Beginners, рейтинг - 2, цена - 51.33 GBP
2026-09-22 15:31:31 | DEBUG    | __main__ | Номер книги - 19, название - It's Only the Himalayas, рейтинг - 2, цена - 45.17 GBP
2026-09-22 15:31:31 | INFO     | parser.storage.csv_storage | Сохранено: 20 записей в C:\Users\dalum\OneDrive\Рабочий стол\python_learn\parser\src\parser\storage\data\books.csv
2026-09-22 15:31:31 | INFO     | parser.storage.json_storage | Сохранено: 20 записей в C:\Users\dalum\OneDrive\Рабочий стол\python_learn\parser\src\parser\storage\data\books.json
2026-09-22 15:31:31 | INFO     | parser.analysis.analyze_json | Средняя стоимость книги по категориям: category
Business              33.340000
Default               18.173333
Fiction               50.100000
Historical Fiction    53.740000
History               54.230000
Music                 46.135000
Mystery               47.820000
Poetry                37.115000
Politics              51.330000
Science Fiction       37.590000
Sequential Art        52.290000
Travel                45.170000
Young Adult           20.055000
Name: price, dtype: float64
2026-09-22 15:31:31 | INFO     | parser.analysis.analyze_json | Количество книг в каждой категории: category
Poetry                4
Default               3
Young Adult           2
Music                 2
Historical Fiction    1
Fiction               1
Mystery               1
History               1
Business              1
Sequential Art        1
Science Fiction       1
Politics              1
Travel                1
Name: count, dtype: int64
2026-09-22 15:31:32 | INFO     | parser.analysis.analyze_json | Процент книг в наличии по категориям: category
Business              100.0
Default               100.0
Fiction               100.0
Historical Fiction    100.0
History               100.0
Music                 100.0
Mystery               100.0
Poetry                100.0
Politics              100.0
Science Fiction       100.0
Sequential Art        100.0
Travel                100.0
Young Adult           100.0
Name: in_stock, dtype: float64
2026-09-22 15:31:32 | INFO     | __main__ | Готово
2026-09-22 17:36:48 | INFO     | __main__ | Старт парсера. base_url=https://books.toscrape.com
2026-09-22 17:36:48 | INFO     | parser.scrapers.catalogue | Страница 1: https://books.toscrape.com/catalogue/page-1.html
2026-09-22 17:36:48 | DEBUG    | parser.utils.http_client | GET https://books.toscrape.com/catalogue/page-1.html (timeout=10.0)
2026-09-22 17:36:49 | INFO     | parser.utils.http_client | GET https://books.toscrape.com/catalogue/page-1.html -> 200: OK
2026-09-22 17:36:49 | INFO     | parser.scrapers.catalogue | Получено 50469 символов
2026-09-22 17:36:49 | INFO     | parser.parsers.book_list | Найдено 20 карточек
2026-09-22 17:36:49 | INFO     | parser.parsers.book_list | Разобрано 20 из 20 карточек
2026-09-22 17:36:49 | DEBUG    | parser.utils.http_client | GET https://books.toscrape.com/catalogue/a-light-in-the-attic_1000/index.html (timeout=10.0)
2026-09-22 17:36:50 | INFO     | parser.utils.http_client | GET https://books.toscrape.com/catalogue/a-light-in-the-attic_1000/index.html -> 200: OK
2026-09-22 17:36:51 | DEBUG    | parser.utils.http_client | GET https://books.toscrape.com/catalogue/tipping-the-velvet_999/index.html (timeout=10.0)
2026-09-22 17:36:51 | INFO     | parser.utils.http_client | GET https://books.toscrape.com/catalogue/tipping-the-velvet_999/index.html -> 200: OK
2026-09-22 17:36:52 | DEBUG    | parser.utils.http_client | GET https://books.toscrape.com/catalogue/soumission_998/index.html (timeout=10.0)
2026-09-22 17:36:53 | INFO     | parser.utils.http_client | GET https://books.toscrape.com/catalogue/soumission_998/index.html -> 200: OK
2026-09-22 17:36:53 | DEBUG    | parser.utils.http_client | GET https://books.toscrape.com/catalogue/sharp-objects_997/index.html (timeout=10.0)
2026-09-22 17:36:54 | INFO     | parser.utils.http_client | GET https://books.toscrape.com/catalogue/sharp-objects_997/index.html -> 200: OK
2026-09-22 17:36:55 | DEBUG    | parser.utils.http_client | GET https://books.toscrape.com/catalogue/sapiens-a-brief-history-of-humankind_996/index.html (timeout=10.0)
2026-09-22 17:36:56 | INFO     | parser.utils.http_client | GET https://books.toscrape.com/catalogue/sapiens-a-brief-history-of-humankind_996/index.html -> 200: OK
2026-09-22 17:36:56 | DEBUG    | parser.utils.http_client | GET https://books.toscrape.com/catalogue/the-requiem-red_995/index.html (timeout=10.0)
2026-09-22 17:36:57 | INFO     | parser.utils.http_client | GET https://books.toscrape.com/catalogue/the-requiem-red_995/index.html -> 200: OK
2026-09-22 17:36:58 | DEBUG    | parser.utils.http_client | GET https://books.toscrape.com/catalogue/the-dirty-little-secrets-of-getting-your-dream-job_994/index.html (timeout=10.0)
2026-09-22 17:36:58 | INFO     | parser.utils.http_client | GET https://books.toscrape.com/catalogue/the-dirty-little-secrets-of-getting-your-dream-job_994/index.html -> 200: OK
2026-09-22 17:36:59 | DEBUG    | parser.utils.http_client | GET https://books.toscrape.com/catalogue/the-coming-woman-a-novel-based-on-the-life-of-the-infamous-feminist-victoria-woodhull_993/index.html (timeout=10.0)
2026-09-22 17:37:00 | INFO     | parser.utils.http_client | GET https://books.toscrape.com/catalogue/the-coming-woman-a-novel-based-on-the-life-of-the-infamous-feminist-victoria-woodhull_993/index.html -> 200: OK
2026-09-22 17:37:01 | DEBUG    | parser.utils.http_client | GET https://books.toscrape.com/catalogue/the-boys-in-the-boat-nine-americans-and-their-epic-quest-for-gold-at-the-1936-berlin-olympics_992/index.html (timeout=10.0)
2026-09-22 17:37:02 | INFO     | parser.utils.http_client | GET https://books.toscrape.com/catalogue/the-boys-in-the-boat-nine-americans-and-their-epic-quest-for-gold-at-the-1936-berlin-olympics_992/index.html -> 200: OK
2026-09-22 17:37:02 | DEBUG    | parser.utils.http_client | GET https://books.toscrape.com/catalogue/the-black-maria_991/index.html (timeout=10.0)
2026-09-22 17:37:03 | INFO     | parser.utils.http_client | GET https://books.toscrape.com/catalogue/the-black-maria_991/index.html -> 200: OK
2026-09-22 17:37:04 | DEBUG    | parser.utils.http_client | GET https://books.toscrape.com/catalogue/starving-hearts-triangular-trade-trilogy-1_990/index.html (timeout=10.0)
2026-09-22 17:37:05 | INFO     | parser.utils.http_client | GET https://books.toscrape.com/catalogue/starving-hearts-triangular-trade-trilogy-1_990/index.html -> 200: OK
2026-09-22 17:37:06 | DEBUG    | parser.utils.http_client | GET https://books.toscrape.com/catalogue/shakespeares-sonnets_989/index.html (timeout=10.0)
2026-09-22 17:37:07 | INFO     | parser.utils.http_client | GET https://books.toscrape.com/catalogue/shakespeares-sonnets_989/index.html -> 200: OK
2026-09-22 17:37:07 | DEBUG    | parser.utils.http_client | GET https://books.toscrape.com/catalogue/set-me-free_988/index.html (timeout=10.0)
2026-09-22 17:37:08 | INFO     | parser.utils.http_client | GET https://books.toscrape.com/catalogue/set-me-free_988/index.html -> 200: OK
2026-09-22 17:37:09 | DEBUG    | parser.utils.http_client | GET https://books.toscrape.com/catalogue/scott-pilgrims-precious-little-life-scott-pilgrim-1_987/index.html (timeout=10.0)
2026-09-22 17:37:10 | INFO     | parser.utils.http_client | GET https://books.toscrape.com/catalogue/scott-pilgrims-precious-little-life-scott-pilgrim-1_987/index.html -> 200: OK
2026-09-22 17:37:11 | DEBUG    | parser.utils.http_client | GET https://books.toscrape.com/catalogue/rip-it-up-and-start-again_986/index.html (timeout=10.0)
2026-09-22 17:37:11 | INFO     | parser.utils.http_client | GET https://books.toscrape.com/catalogue/rip-it-up-and-start-again_986/index.html -> 200: OK
2026-09-22 17:37:12 | DEBUG    | parser.utils.http_client | GET https://books.toscrape.com/catalogue/our-band-could-be-your-life-scenes-from-the-american-indie-underground-1981-1991_985/index.html (timeout=10.0)
2026-09-22 17:37:13 | INFO     | parser.utils.http_client | GET https://books.toscrape.com/catalogue/our-band-could-be-your-life-scenes-from-the-american-indie-underground-1981-1991_985/index.html -> 200: OK
2026-09-22 17:37:14 | DEBUG    | parser.utils.http_client | GET https://books.toscrape.com/catalogue/olio_984/index.html (timeout=10.0)
2026-09-22 17:37:14 | INFO     | parser.utils.http_client | GET https://books.toscrape.com/catalogue/olio_984/index.html -> 200: OK
2026-09-22 17:37:15 | DEBUG    | parser.utils.http_client | GET https://books.toscrape.com/catalogue/mesaerion-the-best-science-fiction-stories-1800-1849_983/index.html (timeout=10.0)
2026-09-22 17:37:16 | INFO     | parser.utils.http_client | GET https://books.toscrape.com/catalogue/mesaerion-the-best-science-fiction-stories-1800-1849_983/index.html -> 200: OK
2026-09-22 17:37:17 | DEBUG    | parser.utils.http_client | GET https://books.toscrape.com/catalogue/libertarianism-for-beginners_982/index.html (timeout=10.0)
2026-09-22 17:37:18 | INFO     | parser.utils.http_client | GET https://books.toscrape.com/catalogue/libertarianism-for-beginners_982/index.html -> 200: OK
2026-09-22 17:37:18 | DEBUG    | parser.utils.http_client | GET https://books.toscrape.com/catalogue/its-only-the-himalayas_981/index.html (timeout=10.0)
2026-09-22 17:37:19 | INFO     | parser.utils.http_client | GET https://books.toscrape.com/catalogue/its-only-the-himalayas_981/index.html -> 200: OK
2026-09-22 17:37:20 | DEBUG    | __main__ | Номер книги - 0, название - A Light in the Attic, рейтинг - 3, цена - 51.77 GBP
2026-09-22 17:37:20 | DEBUG    | __main__ | Номер книги - 1, название - Tipping the Velvet, рейтинг - 1, цена - 53.74 GBP
2026-09-22 17:37:20 | DEBUG    | __main__ | Номер книги - 2, название - Soumission, рейтинг - 1, цена - 50.10 GBP
2026-09-22 17:37:20 | DEBUG    | __main__ | Номер книги - 3, название - Sharp Objects, рейтинг - 4, цена - 47.82 GBP
2026-09-22 17:37:20 | DEBUG    | __main__ | Номер книги - 4, название - Sapiens: A Brief History of Humankind, рейтинг - 5, цена - 54.23 GBP
2026-09-22 17:37:20 | DEBUG    | __main__ | Номер книги - 5, название - The Requiem Red, рейтинг - 1, цена - 22.65 GBP
2026-09-22 17:37:20 | DEBUG    | __main__ | Номер книги - 6, название - The Dirty Little Secrets of Getting Your Dream Job, рейтинг - 4, цена - 33.34 GBP
2026-09-22 17:37:20 | DEBUG    | __main__ | Номер книги - 7, название - The Coming Woman: A Novel Based on the Life of the Infamous Feminist, Victoria Woodhull, рейтинг - 3, цена - 17.93 GBP
2026-09-22 17:37:20 | DEBUG    | __main__ | Номер книги - 8, название - The Boys in the Boat: Nine Americans and Their Epic Quest for Gold at the 1936 Berlin Olympics, рейтинг - 4, цена - 22.60 GBP
2026-09-22 17:37:20 | DEBUG    | __main__ | Номер книги - 9, название - The Black Maria, рейтинг - 1, цена - 52.15 GBP
2026-09-22 17:37:20 | DEBUG    | __main__ | Номер книги - 10, название - Starving Hearts (Triangular Trade Trilogy, #1), рейтинг - 2, цена - 13.99 GBP
2026-09-22 17:37:20 | DEBUG    | __main__ | Номер книги - 11, название - Shakespeare's Sonnets, рейтинг - 4, цена - 20.66 GBP
2026-09-22 17:37:20 | DEBUG    | __main__ | Номер книги - 12, название - Set Me Free, рейтинг - 5, цена - 17.46 GBP
2026-09-22 17:37:20 | DEBUG    | __main__ | Номер книги - 13, название - Scott Pilgrim's Precious Little Life (Scott Pilgrim #1), рейтинг - 5, цена - 52.29 GBP
2026-09-22 17:37:20 | DEBUG    | __main__ | Номер книги - 14, название - Rip it Up and Start Again, рейтинг - 5, цена - 35.02 GBP
2026-09-22 17:37:20 | DEBUG    | __main__ | Номер книги - 15, название - Our Band Could Be Your Life: Scenes from the American Indie Underground, 1981-1991, рейтинг - 3, цена - 57.25 GBP
2026-09-22 17:37:20 | DEBUG    | __main__ | Номер книги - 16, название - Olio, рейтинг - 1, цена - 23.88 GBP
2026-09-22 17:37:20 | DEBUG    | __main__ | Номер книги - 17, название - Mesaerion: The Best Science Fiction Stories 1800-1849, рейтинг - 1, цена - 37.59 GBP
2026-09-22 17:37:20 | DEBUG    | __main__ | Номер книги - 18, название - Libertarianism for Beginners, рейтинг - 2, цена - 51.33 GBP
2026-09-22 17:37:20 | DEBUG    | __main__ | Номер книги - 19, название - It's Only the Himalayas, рейтинг - 2, цена - 45.17 GBP
2026-09-22 17:37:20 | INFO     | parser.storage.csv_storage | Сохранено: 20 записей в C:\Users\dalum\OneDrive\Рабочий стол\python_learn\parser\src\parser\storage\data\books.csv
2026-09-22 17:37:20 | INFO     | parser.storage.json_storage | Сохранено: 20 записей в C:\Users\dalum\OneDrive\Рабочий стол\python_learn\parser\src\parser\storage\data\books.json
2026-09-22 17:37:20 | INFO     | parser.analysis.analyze_json | Средняя стоимость книги по категориям: category
Business              33.340000
Default               18.173333
Fiction               50.100000
Historical Fiction    53.740000
History               54.230000
Music                 46.135000
Mystery               47.820000
Poetry                37.115000
Politics              51.330000
Science Fiction       37.590000
Sequential Art        52.290000
Travel                45.170000
Young Adult           20.055000
Name: price, dtype: float64
2026-09-22 17:37:20 | INFO     | parser.analysis.analyze_json | Количество книг в каждой категории: category
Poetry                4
Default               3
Young Adult           2
Music                 2
Historical Fiction    1
Fiction               1
Mystery               1
History               1
Business              1
Sequential Art        1
Science Fiction       1
Politics              1
Travel                1
Name: count, dtype: int64
2026-09-22 17:37:20 | INFO     | parser.analysis.analyze_json | Процент книг в наличии по категориям: category
Business              100.0
Default               100.0
Fiction               100.0
Historical Fiction    100.0
History               100.0
Music                 100.0
Mystery               100.0
Poetry                100.0
Politics              100.0
Science Fiction       100.0
Sequential Art        100.0
Travel                100.0
Young Adult           100.0
Name: in_stock, dtype: float64
2026-09-22 17:37:20 | INFO     | parser.analysis.analyze_json | 6 самых популярных книг -                                                 title  ...                 scraped_at
12                                        Set Me Free  ... 2026-09-22 15:31:05.405652
13  Scott Pilgrim's Precious Little Life (Scott Pi...  ... 2026-09-22 15:31:05.405652
14                          Rip it Up and Start Again  ... 2026-09-22 15:31:05.405652
4               Sapiens: A Brief History of Humankind  ... 2026-09-22 15:31:05.405652
11                              Shakespeare's Sonnets  ... 2026-09-22 15:31:05.405652
6   The Dirty Little Secrets of Getting Your Dream...  ... 2026-09-22 15:31:05.405652

[6 rows x 12 columns]
2026-09-22 17:37:20 | INFO     | __main__ | Готово
2026-09-23 13:08:13 | INFO     | __main__ | Старт парсера. base_url=https://books.toscrape.com
2026-09-23 13:08:13 | INFO     | parser.scrapers.catalogue | Страница 1: https://books.toscrape.com/catalogue/page-1.html
2026-09-23 13:08:13 | DEBUG    | parser.utils.http_client | GET https://books.toscrape.com/catalogue/page-1.html (timeout=10.0)
2026-09-23 13:08:15 | INFO     | parser.utils.http_client | GET https://books.toscrape.com/catalogue/page-1.html -> 200: OK
2026-09-23 13:08:15 | INFO     | parser.scrapers.catalogue | Получено 50469 символов
2026-09-23 13:08:15 | INFO     | parser.parsers.book_list | Найдено 20 карточек
2026-09-23 13:08:15 | INFO     | parser.parsers.book_list | Разобрано 20 из 20 карточек
2026-09-23 13:08:15 | DEBUG    | parser.utils.http_client | GET https://books.toscrape.com/catalogue/a-light-in-the-attic_1000/index.html (timeout=10.0)
2026-09-23 13:08:15 | INFO     | parser.utils.http_client | GET https://books.toscrape.com/catalogue/a-light-in-the-attic_1000/index.html -> 200: OK
2026-09-23 13:08:16 | DEBUG    | parser.utils.http_client | GET https://books.toscrape.com/catalogue/tipping-the-velvet_999/index.html (timeout=10.0)
2026-09-23 13:08:17 | INFO     | parser.utils.http_client | GET https://books.toscrape.com/catalogue/tipping-the-velvet_999/index.html -> 200: OK
2026-09-23 13:08:17 | DEBUG    | parser.utils.http_client | GET https://books.toscrape.com/catalogue/soumission_998/index.html (timeout=10.0)
2026-09-23 13:08:18 | INFO     | parser.utils.http_client | GET https://books.toscrape.com/catalogue/soumission_998/index.html -> 200: OK
2026-09-23 13:08:18 | DEBUG    | parser.utils.http_client | GET https://books.toscrape.com/catalogue/sharp-objects_997/index.html (timeout=10.0)
2026-09-23 13:08:19 | INFO     | parser.utils.http_client | GET https://books.toscrape.com/catalogue/sharp-objects_997/index.html -> 200: OK
2026-09-23 13:08:20 | DEBUG    | parser.utils.http_client | GET https://books.toscrape.com/catalogue/sapiens-a-brief-history-of-humankind_996/index.html (timeout=10.0)
2026-09-23 13:08:21 | INFO     | parser.utils.http_client | GET https://books.toscrape.com/catalogue/sapiens-a-brief-history-of-humankind_996/index.html -> 200: OK
2026-09-23 13:08:21 | DEBUG    | parser.utils.http_client | GET https://books.toscrape.com/catalogue/the-requiem-red_995/index.html (timeout=10.0)
2026-09-23 13:08:22 | INFO     | parser.utils.http_client | GET https://books.toscrape.com/catalogue/the-requiem-red_995/index.html -> 200: OK
2026-09-23 13:08:23 | DEBUG    | parser.utils.http_client | GET https://books.toscrape.com/catalogue/the-dirty-little-secrets-of-getting-your-dream-job_994/index.html (timeout=10.0)
2026-09-23 13:08:24 | INFO     | parser.utils.http_client | GET https://books.toscrape.com/catalogue/the-dirty-little-secrets-of-getting-your-dream-job_994/index.html -> 200: OK
2026-09-23 13:08:25 | DEBUG    | parser.utils.http_client | GET https://books.toscrape.com/catalogue/the-coming-woman-a-novel-based-on-the-life-of-the-infamous-feminist-victoria-woodhull_993/index.html (timeout=10.0)
2026-09-23 13:08:25 | INFO     | parser.utils.http_client | GET https://books.toscrape.com/catalogue/the-coming-woman-a-novel-based-on-the-life-of-the-infamous-feminist-victoria-woodhull_993/index.html -> 200: OK
2026-09-23 13:08:26 | DEBUG    | parser.utils.http_client | GET https://books.toscrape.com/catalogue/the-boys-in-the-boat-nine-americans-and-their-epic-quest-for-gold-at-the-1936-berlin-olympics_992/index.html (timeout=10.0)
2026-09-23 13:08:27 | INFO     | parser.utils.http_client | GET https://books.toscrape.com/catalogue/the-boys-in-the-boat-nine-americans-and-their-epic-quest-for-gold-at-the-1936-berlin-olympics_992/index.html -> 200: OK
2026-09-23 13:08:28 | DEBUG    | parser.utils.http_client | GET https://books.toscrape.com/catalogue/the-black-maria_991/index.html (timeout=10.0)
2026-09-23 13:08:29 | INFO     | parser.utils.http_client | GET https://books.toscrape.com/catalogue/the-black-maria_991/index.html -> 200: OK
2026-09-23 13:08:30 | DEBUG    | parser.utils.http_client | GET https://books.toscrape.com/catalogue/starving-hearts-triangular-trade-trilogy-1_990/index.html (timeout=10.0)
2026-09-23 13:08:31 | INFO     | parser.utils.http_client | GET https://books.toscrape.com/catalogue/starving-hearts-triangular-trade-trilogy-1_990/index.html -> 200: OK
2026-09-23 13:08:32 | DEBUG    | parser.utils.http_client | GET https://books.toscrape.com/catalogue/shakespeares-sonnets_989/index.html (timeout=10.0)
2026-09-23 13:08:32 | INFO     | parser.utils.http_client | GET https://books.toscrape.com/catalogue/shakespeares-sonnets_989/index.html -> 200: OK
2026-09-23 13:08:33 | DEBUG    | parser.utils.http_client | GET https://books.toscrape.com/catalogue/set-me-free_988/index.html (timeout=10.0)
2026-09-23 13:08:34 | INFO     | parser.utils.http_client | GET https://books.toscrape.com/catalogue/set-me-free_988/index.html -> 200: OK
2026-09-23 13:08:34 | DEBUG    | parser.utils.http_client | GET https://books.toscrape.com/catalogue/scott-pilgrims-precious-little-life-scott-pilgrim-1_987/index.html (timeout=10.0)
2026-09-23 13:08:36 | INFO     | parser.utils.http_client | GET https://books.toscrape.com/catalogue/scott-pilgrims-precious-little-life-scott-pilgrim-1_987/index.html -> 200: OK
2026-09-23 13:08:36 | DEBUG    | parser.utils.http_client | GET https://books.toscrape.com/catalogue/rip-it-up-and-start-again_986/index.html (timeout=10.0)
2026-09-23 13:08:37 | INFO     | parser.utils.http_client | GET https://books.toscrape.com/catalogue/rip-it-up-and-start-again_986/index.html -> 200: OK
2026-09-23 13:08:38 | DEBUG    | parser.utils.http_client | GET https://books.toscrape.com/catalogue/our-band-could-be-your-life-scenes-from-the-american-indie-underground-1981-1991_985/index.html (timeout=10.0)
2026-09-23 13:08:39 | INFO     | parser.utils.http_client | GET https://books.toscrape.com/catalogue/our-band-could-be-your-life-scenes-from-the-american-indie-underground-1981-1991_985/index.html -> 200: OK
2026-09-23 13:08:39 | DEBUG    | parser.utils.http_client | GET https://books.toscrape.com/catalogue/olio_984/index.html (timeout=10.0)
2026-09-23 13:08:40 | INFO     | parser.utils.http_client | GET https://books.toscrape.com/catalogue/olio_984/index.html -> 200: OK
2026-09-23 13:08:41 | DEBUG    | parser.utils.http_client | GET https://books.toscrape.com/catalogue/mesaerion-the-best-science-fiction-stories-1800-1849_983/index.html (timeout=10.0)
2026-09-23 13:08:42 | INFO     | parser.utils.http_client | GET https://books.toscrape.com/catalogue/mesaerion-the-best-science-fiction-stories-1800-1849_983/index.html -> 200: OK
2026-09-23 13:08:42 | DEBUG    | parser.utils.http_client | GET https://books.toscrape.com/catalogue/libertarianism-for-beginners_982/index.html (timeout=10.0)
2026-09-23 13:08:44 | INFO     | parser.utils.http_client | GET https://books.toscrape.com/catalogue/libertarianism-for-beginners_982/index.html -> 200: OK
2026-09-23 13:08:45 | DEBUG    | parser.utils.http_client | GET https://books.toscrape.com/catalogue/its-only-the-himalayas_981/index.html (timeout=10.0)
2026-09-23 13:08:46 | INFO     | parser.utils.http_client | GET https://books.toscrape.com/catalogue/its-only-the-himalayas_981/index.html -> 200: OK
2026-09-23 13:08:46 | DEBUG    | __main__ | Номер книги - 0, название - A Light in the Attic, рейтинг - 3, цена - 51.77 GBP
2026-09-23 13:08:46 | DEBUG    | __main__ | Номер книги - 1, название - Tipping the Velvet, рейтинг - 1, цена - 53.74 GBP
2026-09-23 13:08:46 | DEBUG    | __main__ | Номер книги - 2, название - Soumission, рейтинг - 1, цена - 50.10 GBP
2026-09-23 13:08:46 | DEBUG    | __main__ | Номер книги - 3, название - Sharp Objects, рейтинг - 4, цена - 47.82 GBP
2026-09-23 13:08:46 | DEBUG    | __main__ | Номер книги - 4, название - Sapiens: A Brief History of Humankind, рейтинг - 5, цена - 54.23 GBP
2026-09-23 13:08:46 | DEBUG    | __main__ | Номер книги - 5, название - The Requiem Red, рейтинг - 1, цена - 22.65 GBP
2026-09-23 13:08:46 | DEBUG    | __main__ | Номер книги - 6, название - The Dirty Little Secrets of Getting Your Dream Job, рейтинг - 4, цена - 33.34 GBP
2026-09-23 13:08:46 | DEBUG    | __main__ | Номер книги - 7, название - The Coming Woman: A Novel Based on the Life of the Infamous Feminist, Victoria Woodhull, рейтинг - 3, цена - 17.93 GBP
2026-09-23 13:08:46 | DEBUG    | __main__ | Номер книги - 8, название - The Boys in the Boat: Nine Americans and Their Epic Quest for Gold at the 1936 Berlin Olympics, рейтинг - 4, цена - 22.60 GBP
2026-09-23 13:08:46 | DEBUG    | __main__ | Номер книги - 9, название - The Black Maria, рейтинг - 1, цена - 52.15 GBP
2026-09-23 13:08:46 | DEBUG    | __main__ | Номер книги - 10, название - Starving Hearts (Triangular Trade Trilogy, #1), рейтинг - 2, цена - 13.99 GBP
2026-09-23 13:08:46 | DEBUG    | __main__ | Номер книги - 11, название - Shakespeare's Sonnets, рейтинг - 4, цена - 20.66 GBP
2026-09-23 13:08:46 | DEBUG    | __main__ | Номер книги - 12, название - Set Me Free, рейтинг - 5, цена - 17.46 GBP
2026-09-23 13:08:46 | DEBUG    | __main__ | Номер книги - 13, название - Scott Pilgrim's Precious Little Life (Scott Pilgrim #1), рейтинг - 5, цена - 52.29 GBP
2026-09-23 13:08:46 | DEBUG    | __main__ | Номер книги - 14, название - Rip it Up and Start Again, рейтинг - 5, цена - 35.02 GBP
2026-09-23 13:08:46 | DEBUG    | __main__ | Номер книги - 15, название - Our Band Could Be Your Life: Scenes from the American Indie Underground, 1981-1991, рейтинг - 3, цена - 57.25 GBP
2026-09-23 13:08:46 | DEBUG    | __main__ | Номер книги - 16, название - Olio, рейтинг - 1, цена - 23.88 GBP
2026-09-23 13:08:46 | DEBUG    | __main__ | Номер книги - 17, название - Mesaerion: The Best Science Fiction Stories 1800-1849, рейтинг - 1, цена - 37.59 GBP
2026-09-23 13:08:46 | DEBUG    | __main__ | Номер книги - 18, название - Libertarianism for Beginners, рейтинг - 2, цена - 51.33 GBP
2026-09-23 13:08:46 | DEBUG    | __main__ | Номер книги - 19, название - It's Only the Himalayas, рейтинг - 2, цена - 45.17 GBP
2026-09-23 13:08:46 | INFO     | parser.storage.csv_storage | Сохранено: 20 записей в C:\Users\dalum\OneDrive\Рабочий стол\python_learn\parser\src\parser\storage\data\books.csv
2026-09-23 13:08:46 | INFO     | parser.storage.json_storage | Сохранено: 20 записей в C:\Users\dalum\OneDrive\Рабочий стол\python_learn\parser\src\parser\storage\data\books.json
2026-09-23 13:10:41 | INFO     | __main__ | Старт парсера. base_url=https://books.toscrape.com
2026-09-23 13:10:41 | INFO     | parser.scrapers.catalogue | Страница 1: https://books.toscrape.com/catalogue/page-1.html
2026-09-23 13:10:41 | DEBUG    | parser.utils.http_client | GET https://books.toscrape.com/catalogue/page-1.html (timeout=10.0)
2026-09-23 13:10:42 | INFO     | parser.utils.http_client | GET https://books.toscrape.com/catalogue/page-1.html -> 200: OK
2026-09-23 13:10:42 | INFO     | parser.scrapers.catalogue | Получено 50469 символов
2026-09-23 13:10:42 | INFO     | parser.parsers.book_list | Найдено 20 карточек
2026-09-23 13:10:42 | INFO     | parser.parsers.book_list | Разобрано 20 из 20 карточек
2026-09-23 13:10:42 | DEBUG    | parser.utils.http_client | GET https://books.toscrape.com/catalogue/a-light-in-the-attic_1000/index.html (timeout=10.0)
2026-09-23 13:10:43 | INFO     | parser.utils.http_client | GET https://books.toscrape.com/catalogue/a-light-in-the-attic_1000/index.html -> 200: OK
2026-09-23 13:10:43 | DEBUG    | parser.utils.http_client | GET https://books.toscrape.com/catalogue/tipping-the-velvet_999/index.html (timeout=10.0)
2026-09-23 13:10:44 | INFO     | parser.utils.http_client | GET https://books.toscrape.com/catalogue/tipping-the-velvet_999/index.html -> 200: OK
2026-09-23 13:10:45 | DEBUG    | parser.utils.http_client | GET https://books.toscrape.com/catalogue/soumission_998/index.html (timeout=10.0)
2026-09-23 13:10:46 | INFO     | parser.utils.http_client | GET https://books.toscrape.com/catalogue/soumission_998/index.html -> 200: OK
2026-09-23 13:10:47 | DEBUG    | parser.utils.http_client | GET https://books.toscrape.com/catalogue/sharp-objects_997/index.html (timeout=10.0)
2026-09-23 13:10:48 | INFO     | parser.utils.http_client | GET https://books.toscrape.com/catalogue/sharp-objects_997/index.html -> 200: OK
2026-09-23 13:10:48 | DEBUG    | parser.utils.http_client | GET https://books.toscrape.com/catalogue/sapiens-a-brief-history-of-humankind_996/index.html (timeout=10.0)
2026-09-23 13:10:49 | INFO     | parser.utils.http_client | GET https://books.toscrape.com/catalogue/sapiens-a-brief-history-of-humankind_996/index.html -> 200: OK
2026-09-23 13:10:49 | DEBUG    | parser.utils.http_client | GET https://books.toscrape.com/catalogue/the-requiem-red_995/index.html (timeout=10.0)
2026-09-23 13:10:50 | INFO     | parser.utils.http_client | GET https://books.toscrape.com/catalogue/the-requiem-red_995/index.html -> 200: OK
2026-09-23 13:10:51 | DEBUG    | parser.utils.http_client | GET https://books.toscrape.com/catalogue/the-dirty-little-secrets-of-getting-your-dream-job_994/index.html (timeout=10.0)
2026-09-23 13:10:52 | INFO     | parser.utils.http_client | GET https://books.toscrape.com/catalogue/the-dirty-little-secrets-of-getting-your-dream-job_994/index.html -> 200: OK
2026-09-23 13:10:52 | DEBUG    | parser.utils.http_client | GET https://books.toscrape.com/catalogue/the-coming-woman-a-novel-based-on-the-life-of-the-infamous-feminist-victoria-woodhull_993/index.html (timeout=10.0)
2026-09-23 13:10:53 | INFO     | parser.utils.http_client | GET https://books.toscrape.com/catalogue/the-coming-woman-a-novel-based-on-the-life-of-the-infamous-feminist-victoria-woodhull_993/index.html -> 200: OK
2026-09-23 13:10:54 | DEBUG    | parser.utils.http_client | GET https://books.toscrape.com/catalogue/the-boys-in-the-boat-nine-americans-and-their-epic-quest-for-gold-at-the-1936-berlin-olympics_992/index.html (timeout=10.0)
2026-09-23 13:10:55 | INFO     | parser.utils.http_client | GET https://books.toscrape.com/catalogue/the-boys-in-the-boat-nine-americans-and-their-epic-quest-for-gold-at-the-1936-berlin-olympics_992/index.html -> 200: OK
2026-09-23 13:10:55 | DEBUG    | parser.utils.http_client | GET https://books.toscrape.com/catalogue/the-black-maria_991/index.html (timeout=10.0)
2026-09-23 13:10:56 | INFO     | parser.utils.http_client | GET https://books.toscrape.com/catalogue/the-black-maria_991/index.html -> 200: OK
2026-09-23 13:10:57 | DEBUG    | parser.utils.http_client | GET https://books.toscrape.com/catalogue/starving-hearts-triangular-trade-trilogy-1_990/index.html (timeout=10.0)
2026-09-23 13:10:58 | INFO     | parser.utils.http_client | GET https://books.toscrape.com/catalogue/starving-hearts-triangular-trade-trilogy-1_990/index.html -> 200: OK
2026-09-23 13:10:58 | DEBUG    | parser.utils.http_client | GET https://books.toscrape.com/catalogue/shakespeares-sonnets_989/index.html (timeout=10.0)
2026-09-23 13:10:59 | INFO     | parser.utils.http_client | GET https://books.toscrape.com/catalogue/shakespeares-sonnets_989/index.html -> 200: OK
2026-09-23 13:11:00 | DEBUG    | parser.utils.http_client | GET https://books.toscrape.com/catalogue/set-me-free_988/index.html (timeout=10.0)
2026-09-23 13:11:00 | INFO     | parser.utils.http_client | GET https://books.toscrape.com/catalogue/set-me-free_988/index.html -> 200: OK
2026-09-23 13:11:01 | DEBUG    | parser.utils.http_client | GET https://books.toscrape.com/catalogue/scott-pilgrims-precious-little-life-scott-pilgrim-1_987/index.html (timeout=10.0)
2026-09-23 13:11:02 | INFO     | parser.utils.http_client | GET https://books.toscrape.com/catalogue/scott-pilgrims-precious-little-life-scott-pilgrim-1_987/index.html -> 200: OK
2026-09-23 13:11:03 | DEBUG    | parser.utils.http_client | GET https://books.toscrape.com/catalogue/rip-it-up-and-start-again_986/index.html (timeout=10.0)
2026-09-23 13:11:04 | INFO     | parser.utils.http_client | GET https://books.toscrape.com/catalogue/rip-it-up-and-start-again_986/index.html -> 200: OK
2026-09-23 13:11:04 | DEBUG    | parser.utils.http_client | GET https://books.toscrape.com/catalogue/our-band-could-be-your-life-scenes-from-the-american-indie-underground-1981-1991_985/index.html (timeout=10.0)
2026-09-23 13:11:05 | INFO     | parser.utils.http_client | GET https://books.toscrape.com/catalogue/our-band-could-be-your-life-scenes-from-the-american-indie-underground-1981-1991_985/index.html -> 200: OK
2026-09-23 13:11:06 | DEBUG    | parser.utils.http_client | GET https://books.toscrape.com/catalogue/olio_984/index.html (timeout=10.0)
2026-09-23 13:11:07 | INFO     | parser.utils.http_client | GET https://books.toscrape.com/catalogue/olio_984/index.html -> 200: OK
2026-09-23 13:11:07 | DEBUG    | parser.utils.http_client | GET https://books.toscrape.com/catalogue/mesaerion-the-best-science-fiction-stories-1800-1849_983/index.html (timeout=10.0)
2026-09-23 13:11:08 | INFO     | parser.utils.http_client | GET https://books.toscrape.com/catalogue/mesaerion-the-best-science-fiction-stories-1800-1849_983/index.html -> 200: OK
2026-09-23 13:11:09 | DEBUG    | parser.utils.http_client | GET https://books.toscrape.com/catalogue/libertarianism-for-beginners_982/index.html (timeout=10.0)
2026-09-23 13:11:10 | INFO     | parser.utils.http_client | GET https://books.toscrape.com/catalogue/libertarianism-for-beginners_982/index.html -> 200: OK
2026-09-23 13:11:10 | DEBUG    | parser.utils.http_client | GET https://books.toscrape.com/catalogue/its-only-the-himalayas_981/index.html (timeout=10.0)
2026-09-23 13:11:11 | INFO     | parser.utils.http_client | GET https://books.toscrape.com/catalogue/its-only-the-himalayas_981/index.html -> 200: OK
2026-09-23 13:11:12 | DEBUG    | __main__ | Номер книги - 0, название - A Light in the Attic, рейтинг - 3, цена - 51.77 GBP
2026-09-23 13:11:12 | DEBUG    | __main__ | Номер книги - 1, название - Tipping the Velvet, рейтинг - 1, цена - 53.74 GBP
2026-09-23 13:11:12 | DEBUG    | __main__ | Номер книги - 2, название - Soumission, рейтинг - 1, цена - 50.10 GBP
2026-09-23 13:11:12 | DEBUG    | __main__ | Номер книги - 3, название - Sharp Objects, рейтинг - 4, цена - 47.82 GBP
2026-09-23 13:11:12 | DEBUG    | __main__ | Номер книги - 4, название - Sapiens: A Brief History of Humankind, рейтинг - 5, цена - 54.23 GBP
2026-09-23 13:11:12 | DEBUG    | __main__ | Номер книги - 5, название - The Requiem Red, рейтинг - 1, цена - 22.65 GBP
2026-09-23 13:11:12 | DEBUG    | __main__ | Номер книги - 6, название - The Dirty Little Secrets of Getting Your Dream Job, рейтинг - 4, цена - 33.34 GBP
2026-09-23 13:11:12 | DEBUG    | __main__ | Номер книги - 7, название - The Coming Woman: A Novel Based on the Life of the Infamous Feminist, Victoria Woodhull, рейтинг - 3, цена - 17.93 GBP
2026-09-23 13:11:12 | DEBUG    | __main__ | Номер книги - 8, название - The Boys in the Boat: Nine Americans and Their Epic Quest for Gold at the 1936 Berlin Olympics, рейтинг - 4, цена - 22.60 GBP
2026-09-23 13:11:12 | DEBUG    | __main__ | Номер книги - 9, название - The Black Maria, рейтинг - 1, цена - 52.15 GBP
2026-09-23 13:11:12 | DEBUG    | __main__ | Номер книги - 10, название - Starving Hearts (Triangular Trade Trilogy, #1), рейтинг - 2, цена - 13.99 GBP
2026-09-23 13:11:12 | DEBUG    | __main__ | Номер книги - 11, название - Shakespeare's Sonnets, рейтинг - 4, цена - 20.66 GBP
2026-09-23 13:11:12 | DEBUG    | __main__ | Номер книги - 12, название - Set Me Free, рейтинг - 5, цена - 17.46 GBP
2026-09-23 13:11:12 | DEBUG    | __main__ | Номер книги - 13, название - Scott Pilgrim's Precious Little Life (Scott Pilgrim #1), рейтинг - 5, цена - 52.29 GBP
2026-09-23 13:11:12 | DEBUG    | __main__ | Номер книги - 14, название - Rip it Up and Start Again, рейтинг - 5, цена - 35.02 GBP
2026-09-23 13:11:12 | DEBUG    | __main__ | Номер книги - 15, название - Our Band Could Be Your Life: Scenes from the American Indie Underground, 1981-1991, рейтинг - 3, цена - 57.25 GBP
2026-09-23 13:11:12 | DEBUG    | __main__ | Номер книги - 16, название - Olio, рейтинг - 1, цена - 23.88 GBP
2026-09-23 13:11:12 | DEBUG    | __main__ | Номер книги - 17, название - Mesaerion: The Best Science Fiction Stories 1800-1849, рейтинг - 1, цена - 37.59 GBP
2026-09-23 13:11:12 | DEBUG    | __main__ | Номер книги - 18, название - Libertarianism for Beginners, рейтинг - 2, цена - 51.33 GBP
2026-09-23 13:11:12 | DEBUG    | __main__ | Номер книги - 19, название - It's Only the Himalayas, рейтинг - 2, цена - 45.17 GBP
2026-09-23 13:11:12 | INFO     | parser.storage.csv_storage | Сохранено: 20 записей в C:\Users\dalum\OneDrive\Рабочий стол\python_learn\parser\src\parser\storage\data\books.csv
2026-09-23 13:11:12 | INFO     | parser.storage.json_storage | Сохранено: 20 записей в C:\Users\dalum\OneDrive\Рабочий стол\python_learn\parser\src\parser\storage\data\books.json
2026-09-23 13:13:00 | INFO     | __main__ | Старт парсера. base_url=https://books.toscrape.com
2026-09-23 13:13:00 | INFO     | parser.scrapers.catalogue | Страница 1: https://books.toscrape.com/catalogue/page-1.html
2026-09-23 13:13:00 | DEBUG    | parser.utils.http_client | GET https://books.toscrape.com/catalogue/page-1.html (timeout=10.0)
2026-09-23 13:13:01 | INFO     | parser.utils.http_client | GET https://books.toscrape.com/catalogue/page-1.html -> 200: OK
2026-09-23 13:13:01 | INFO     | parser.scrapers.catalogue | Получено 50469 символов
2026-09-23 13:13:01 | INFO     | parser.parsers.book_list | Найдено 20 карточек
2026-09-23 13:13:01 | INFO     | parser.parsers.book_list | Разобрано 20 из 20 карточек
2026-09-23 13:13:01 | DEBUG    | parser.utils.http_client | GET https://books.toscrape.com/catalogue/a-light-in-the-attic_1000/index.html (timeout=10.0)
2026-09-23 13:13:01 | INFO     | parser.utils.http_client | GET https://books.toscrape.com/catalogue/a-light-in-the-attic_1000/index.html -> 200: OK
2026-09-23 13:13:02 | DEBUG    | parser.utils.http_client | GET https://books.toscrape.com/catalogue/tipping-the-velvet_999/index.html (timeout=10.0)
2026-09-23 13:13:03 | INFO     | parser.utils.http_client | GET https://books.toscrape.com/catalogue/tipping-the-velvet_999/index.html -> 200: OK
2026-09-23 13:13:03 | DEBUG    | parser.utils.http_client | GET https://books.toscrape.com/catalogue/soumission_998/index.html (timeout=10.0)
2026-09-23 13:13:04 | INFO     | parser.utils.http_client | GET https://books.toscrape.com/catalogue/soumission_998/index.html -> 200: OK
2026-09-23 13:13:05 | DEBUG    | parser.utils.http_client | GET https://books.toscrape.com/catalogue/sharp-objects_997/index.html (timeout=10.0)
2026-09-23 13:13:06 | INFO     | parser.utils.http_client | GET https://books.toscrape.com/catalogue/sharp-objects_997/index.html -> 200: OK
2026-09-23 13:13:06 | DEBUG    | parser.utils.http_client | GET https://books.toscrape.com/catalogue/sapiens-a-brief-history-of-humankind_996/index.html (timeout=10.0)
2026-09-23 13:13:07 | INFO     | parser.utils.http_client | GET https://books.toscrape.com/catalogue/sapiens-a-brief-history-of-humankind_996/index.html -> 200: OK
2026-09-23 13:13:08 | DEBUG    | parser.utils.http_client | GET https://books.toscrape.com/catalogue/the-requiem-red_995/index.html (timeout=10.0)
2026-09-23 13:13:08 | INFO     | parser.utils.http_client | GET https://books.toscrape.com/catalogue/the-requiem-red_995/index.html -> 200: OK
2026-09-23 13:13:09 | DEBUG    | parser.utils.http_client | GET https://books.toscrape.com/catalogue/the-dirty-little-secrets-of-getting-your-dream-job_994/index.html (timeout=10.0)
2026-09-23 13:13:10 | INFO     | parser.utils.http_client | GET https://books.toscrape.com/catalogue/the-dirty-little-secrets-of-getting-your-dream-job_994/index.html -> 200: OK
2026-09-23 13:13:11 | DEBUG    | parser.utils.http_client | GET https://books.toscrape.com/catalogue/the-coming-woman-a-novel-based-on-the-life-of-the-infamous-feminist-victoria-woodhull_993/index.html (timeout=10.0)
2026-09-23 13:13:12 | INFO     | parser.utils.http_client | GET https://books.toscrape.com/catalogue/the-coming-woman-a-novel-based-on-the-life-of-the-infamous-feminist-victoria-woodhull_993/index.html -> 200: OK
2026-09-23 13:13:12 | DEBUG    | parser.utils.http_client | GET https://books.toscrape.com/catalogue/the-boys-in-the-boat-nine-americans-and-their-epic-quest-for-gold-at-the-1936-berlin-olympics_992/index.html (timeout=10.0)
2026-09-23 13:13:13 | INFO     | parser.utils.http_client | GET https://books.toscrape.com/catalogue/the-boys-in-the-boat-nine-americans-and-their-epic-quest-for-gold-at-the-1936-berlin-olympics_992/index.html -> 200: OK
2026-09-23 13:13:14 | DEBUG    | parser.utils.http_client | GET https://books.toscrape.com/catalogue/the-black-maria_991/index.html (timeout=10.0)
2026-09-23 13:13:14 | INFO     | parser.utils.http_client | GET https://books.toscrape.com/catalogue/the-black-maria_991/index.html -> 200: OK
2026-09-23 13:13:15 | DEBUG    | parser.utils.http_client | GET https://books.toscrape.com/catalogue/starving-hearts-triangular-trade-trilogy-1_990/index.html (timeout=10.0)
2026-09-23 13:13:16 | INFO     | parser.utils.http_client | GET https://books.toscrape.com/catalogue/starving-hearts-triangular-trade-trilogy-1_990/index.html -> 200: OK
2026-09-23 13:13:17 | DEBUG    | parser.utils.http_client | GET https://books.toscrape.com/catalogue/shakespeares-sonnets_989/index.html (timeout=10.0)
2026-09-23 13:13:18 | INFO     | parser.utils.http_client | GET https://books.toscrape.com/catalogue/shakespeares-sonnets_989/index.html -> 200: OK
2026-09-23 13:13:19 | DEBUG    | parser.utils.http_client | GET https://books.toscrape.com/catalogue/set-me-free_988/index.html (timeout=10.0)
2026-09-23 13:13:20 | INFO     | parser.utils.http_client | GET https://books.toscrape.com/catalogue/set-me-free_988/index.html -> 200: OK
2026-09-23 13:13:20 | DEBUG    | parser.utils.http_client | GET https://books.toscrape.com/catalogue/scott-pilgrims-precious-little-life-scott-pilgrim-1_987/index.html (timeout=10.0)
2026-09-23 13:13:21 | INFO     | parser.utils.http_client | GET https://books.toscrape.com/catalogue/scott-pilgrims-precious-little-life-scott-pilgrim-1_987/index.html -> 200: OK
2026-09-23 13:13:22 | DEBUG    | parser.utils.http_client | GET https://books.toscrape.com/catalogue/rip-it-up-and-start-again_986/index.html (timeout=10.0)
2026-09-23 13:13:23 | INFO     | parser.utils.http_client | GET https://books.toscrape.com/catalogue/rip-it-up-and-start-again_986/index.html -> 200: OK
2026-09-23 13:13:24 | DEBUG    | parser.utils.http_client | GET https://books.toscrape.com/catalogue/our-band-could-be-your-life-scenes-from-the-american-indie-underground-1981-1991_985/index.html (timeout=10.0)
2026-09-23 13:13:25 | INFO     | parser.utils.http_client | GET https://books.toscrape.com/catalogue/our-band-could-be-your-life-scenes-from-the-american-indie-underground-1981-1991_985/index.html -> 200: OK
2026-09-23 13:13:25 | DEBUG    | parser.utils.http_client | GET https://books.toscrape.com/catalogue/olio_984/index.html (timeout=10.0)
2026-09-23 13:13:26 | INFO     | parser.utils.http_client | GET https://books.toscrape.com/catalogue/olio_984/index.html -> 200: OK
2026-09-23 13:13:27 | DEBUG    | parser.utils.http_client | GET https://books.toscrape.com/catalogue/mesaerion-the-best-science-fiction-stories-1800-1849_983/index.html (timeout=10.0)
2026-09-23 13:13:28 | INFO     | parser.utils.http_client | GET https://books.toscrape.com/catalogue/mesaerion-the-best-science-fiction-stories-1800-1849_983/index.html -> 200: OK
2026-09-23 13:13:29 | DEBUG    | parser.utils.http_client | GET https://books.toscrape.com/catalogue/libertarianism-for-beginners_982/index.html (timeout=10.0)
2026-09-23 13:13:30 | INFO     | parser.utils.http_client | GET https://books.toscrape.com/catalogue/libertarianism-for-beginners_982/index.html -> 200: OK
2026-09-23 13:13:30 | DEBUG    | parser.utils.http_client | GET https://books.toscrape.com/catalogue/its-only-the-himalayas_981/index.html (timeout=10.0)
2026-09-23 13:13:31 | INFO     | parser.utils.http_client | GET https://books.toscrape.com/catalogue/its-only-the-himalayas_981/index.html -> 200: OK
2026-09-23 13:13:31 | DEBUG    | __main__ | Номер книги - 0, название - A Light in the Attic, рейтинг - 3, цена - 51.77 GBP
2026-09-23 13:13:31 | DEBUG    | __main__ | Номер книги - 1, название - Tipping the Velvet, рейтинг - 1, цена - 53.74 GBP
2026-09-23 13:13:31 | DEBUG    | __main__ | Номер книги - 2, название - Soumission, рейтинг - 1, цена - 50.10 GBP
2026-09-23 13:13:31 | DEBUG    | __main__ | Номер книги - 3, название - Sharp Objects, рейтинг - 4, цена - 47.82 GBP
2026-09-23 13:13:31 | DEBUG    | __main__ | Номер книги - 4, название - Sapiens: A Brief History of Humankind, рейтинг - 5, цена - 54.23 GBP
2026-09-23 13:13:31 | DEBUG    | __main__ | Номер книги - 5, название - The Requiem Red, рейтинг - 1, цена - 22.65 GBP
2026-09-23 13:13:31 | DEBUG    | __main__ | Номер книги - 6, название - The Dirty Little Secrets of Getting Your Dream Job, рейтинг - 4, цена - 33.34 GBP
2026-09-23 13:13:31 | DEBUG    | __main__ | Номер книги - 7, название - The Coming Woman: A Novel Based on the Life of the Infamous Feminist, Victoria Woodhull, рейтинг - 3, цена - 17.93 GBP
2026-09-23 13:13:31 | DEBUG    | __main__ | Номер книги - 8, название - The Boys in the Boat: Nine Americans and Their Epic Quest for Gold at the 1936 Berlin Olympics, рейтинг - 4, цена - 22.60 GBP
2026-09-23 13:13:31 | DEBUG    | __main__ | Номер книги - 9, название - The Black Maria, рейтинг - 1, цена - 52.15 GBP
2026-09-23 13:13:31 | DEBUG    | __main__ | Номер книги - 10, название - Starving Hearts (Triangular Trade Trilogy, #1), рейтинг - 2, цена - 13.99 GBP
2026-09-23 13:13:31 | DEBUG    | __main__ | Номер книги - 11, название - Shakespeare's Sonnets, рейтинг - 4, цена - 20.66 GBP
2026-09-23 13:13:31 | DEBUG    | __main__ | Номер книги - 12, название - Set Me Free, рейтинг - 5, цена - 17.46 GBP
2026-09-23 13:13:31 | DEBUG    | __main__ | Номер книги - 13, название - Scott Pilgrim's Precious Little Life (Scott Pilgrim #1), рейтинг - 5, цена - 52.29 GBP
2026-09-23 13:13:31 | DEBUG    | __main__ | Номер книги - 14, название - Rip it Up and Start Again, рейтинг - 5, цена - 35.02 GBP
2026-09-23 13:13:31 | DEBUG    | __main__ | Номер книги - 15, название - Our Band Could Be Your Life: Scenes from the American Indie Underground, 1981-1991, рейтинг - 3, цена - 57.25 GBP
2026-09-23 13:13:31 | DEBUG    | __main__ | Номер книги - 16, название - Olio, рейтинг - 1, цена - 23.88 GBP
2026-09-23 13:13:31 | DEBUG    | __main__ | Номер книги - 17, название - Mesaerion: The Best Science Fiction Stories 1800-1849, рейтинг - 1, цена - 37.59 GBP
2026-09-23 13:13:31 | DEBUG    | __main__ | Номер книги - 18, название - Libertarianism for Beginners, рейтинг - 2, цена - 51.33 GBP
2026-09-23 13:13:31 | DEBUG    | __main__ | Номер книги - 19, название - It's Only the Himalayas, рейтинг - 2, цена - 45.17 GBP
2026-09-23 13:13:31 | INFO     | parser.storage.csv_storage | Сохранено: 20 записей в C:\Users\dalum\OneDrive\Рабочий стол\python_learn\parser\src\parser\storage\data\books.csv
2026-09-23 13:13:31 | INFO     | parser.storage.json_storage | Сохранено: 20 записей в C:\Users\dalum\OneDrive\Рабочий стол\python_learn\parser\src\parser\storage\data\books.json
2026-09-23 13:17:22 | INFO     | __main__ | Старт парсера. base_url=https://books.toscrape.com
2026-09-23 13:17:22 | INFO     | parser.scrapers.catalogue | Страница 1: https://books.toscrape.com/catalogue/page-1.html
2026-09-23 13:17:22 | DEBUG    | parser.utils.http_client | GET https://books.toscrape.com/catalogue/page-1.html (timeout=10.0)
2026-09-23 13:17:23 | INFO     | parser.utils.http_client | GET https://books.toscrape.com/catalogue/page-1.html -> 200: OK
2026-09-23 13:17:23 | INFO     | parser.scrapers.catalogue | Получено 50469 символов
2026-09-23 13:17:23 | INFO     | parser.parsers.book_list | Найдено 20 карточек
2026-09-23 13:17:23 | INFO     | parser.parsers.book_list | Разобрано 20 из 20 карточек
2026-09-23 13:17:23 | DEBUG    | parser.utils.http_client | GET https://books.toscrape.com/catalogue/a-light-in-the-attic_1000/index.html (timeout=10.0)
2026-09-23 13:17:23 | INFO     | parser.utils.http_client | GET https://books.toscrape.com/catalogue/a-light-in-the-attic_1000/index.html -> 200: OK
2026-09-23 13:17:24 | DEBUG    | parser.utils.http_client | GET https://books.toscrape.com/catalogue/tipping-the-velvet_999/index.html (timeout=10.0)
2026-09-23 13:17:24 | INFO     | parser.utils.http_client | GET https://books.toscrape.com/catalogue/tipping-the-velvet_999/index.html -> 200: OK
2026-09-23 13:17:25 | DEBUG    | parser.utils.http_client | GET https://books.toscrape.com/catalogue/soumission_998/index.html (timeout=10.0)
2026-09-23 13:17:26 | INFO     | parser.utils.http_client | GET https://books.toscrape.com/catalogue/soumission_998/index.html -> 200: OK
2026-09-23 13:17:26 | DEBUG    | parser.utils.http_client | GET https://books.toscrape.com/catalogue/sharp-objects_997/index.html (timeout=10.0)
2026-09-23 13:17:27 | INFO     | parser.utils.http_client | GET https://books.toscrape.com/catalogue/sharp-objects_997/index.html -> 200: OK
2026-09-23 13:17:28 | DEBUG    | parser.utils.http_client | GET https://books.toscrape.com/catalogue/sapiens-a-brief-history-of-humankind_996/index.html (timeout=10.0)
2026-09-23 13:17:28 | INFO     | parser.utils.http_client | GET https://books.toscrape.com/catalogue/sapiens-a-brief-history-of-humankind_996/index.html -> 200: OK
2026-09-23 13:17:29 | DEBUG    | parser.utils.http_client | GET https://books.toscrape.com/catalogue/the-requiem-red_995/index.html (timeout=10.0)
2026-09-23 13:17:30 | INFO     | parser.utils.http_client | GET https://books.toscrape.com/catalogue/the-requiem-red_995/index.html -> 200: OK
2026-09-23 13:17:31 | DEBUG    | parser.utils.http_client | GET https://books.toscrape.com/catalogue/the-dirty-little-secrets-of-getting-your-dream-job_994/index.html (timeout=10.0)
2026-09-23 13:17:33 | INFO     | parser.utils.http_client | GET https://books.toscrape.com/catalogue/the-dirty-little-secrets-of-getting-your-dream-job_994/index.html -> 200: OK
2026-09-23 13:17:33 | DEBUG    | parser.utils.http_client | GET https://books.toscrape.com/catalogue/the-coming-woman-a-novel-based-on-the-life-of-the-infamous-feminist-victoria-woodhull_993/index.html (timeout=10.0)
2026-09-23 13:17:34 | INFO     | parser.utils.http_client | GET https://books.toscrape.com/catalogue/the-coming-woman-a-novel-based-on-the-life-of-the-infamous-feminist-victoria-woodhull_993/index.html -> 200: OK
2026-09-23 13:17:34 | DEBUG    | parser.utils.http_client | GET https://books.toscrape.com/catalogue/the-boys-in-the-boat-nine-americans-and-their-epic-quest-for-gold-at-the-1936-berlin-olympics_992/index.html (timeout=10.0)
2026-09-23 13:17:35 | INFO     | parser.utils.http_client | GET https://books.toscrape.com/catalogue/the-boys-in-the-boat-nine-americans-and-their-epic-quest-for-gold-at-the-1936-berlin-olympics_992/index.html -> 200: OK
2026-09-23 13:17:36 | DEBUG    | parser.utils.http_client | GET https://books.toscrape.com/catalogue/the-black-maria_991/index.html (timeout=10.0)
2026-09-23 13:17:36 | INFO     | parser.utils.http_client | GET https://books.toscrape.com/catalogue/the-black-maria_991/index.html -> 200: OK
2026-09-23 13:17:37 | DEBUG    | parser.utils.http_client | GET https://books.toscrape.com/catalogue/starving-hearts-triangular-trade-trilogy-1_990/index.html (timeout=10.0)
2026-09-23 13:17:38 | INFO     | parser.utils.http_client | GET https://books.toscrape.com/catalogue/starving-hearts-triangular-trade-trilogy-1_990/index.html -> 200: OK
2026-09-23 13:17:38 | DEBUG    | parser.utils.http_client | GET https://books.toscrape.com/catalogue/shakespeares-sonnets_989/index.html (timeout=10.0)
2026-09-23 13:17:39 | INFO     | parser.utils.http_client | GET https://books.toscrape.com/catalogue/shakespeares-sonnets_989/index.html -> 200: OK
2026-09-23 13:17:40 | DEBUG    | parser.utils.http_client | GET https://books.toscrape.com/catalogue/set-me-free_988/index.html (timeout=10.0)
2026-09-23 13:17:40 | INFO     | parser.utils.http_client | GET https://books.toscrape.com/catalogue/set-me-free_988/index.html -> 200: OK
2026-09-23 13:17:41 | DEBUG    | parser.utils.http_client | GET https://books.toscrape.com/catalogue/scott-pilgrims-precious-little-life-scott-pilgrim-1_987/index.html (timeout=10.0)
2026-09-23 13:17:42 | INFO     | parser.utils.http_client | GET https://books.toscrape.com/catalogue/scott-pilgrims-precious-little-life-scott-pilgrim-1_987/index.html -> 200: OK
2026-09-23 13:17:43 | DEBUG    | parser.utils.http_client | GET https://books.toscrape.com/catalogue/rip-it-up-and-start-again_986/index.html (timeout=10.0)
2026-09-23 13:17:43 | INFO     | parser.utils.http_client | GET https://books.toscrape.com/catalogue/rip-it-up-and-start-again_986/index.html -> 200: OK
2026-09-23 13:17:44 | DEBUG    | parser.utils.http_client | GET https://books.toscrape.com/catalogue/our-band-could-be-your-life-scenes-from-the-american-indie-underground-1981-1991_985/index.html (timeout=10.0)
2026-09-23 13:17:45 | INFO     | parser.utils.http_client | GET https://books.toscrape.com/catalogue/our-band-could-be-your-life-scenes-from-the-american-indie-underground-1981-1991_985/index.html -> 200: OK
2026-09-23 13:17:45 | DEBUG    | parser.utils.http_client | GET https://books.toscrape.com/catalogue/olio_984/index.html (timeout=10.0)
2026-09-23 13:17:46 | INFO     | parser.utils.http_client | GET https://books.toscrape.com/catalogue/olio_984/index.html -> 200: OK
2026-09-23 13:17:47 | DEBUG    | parser.utils.http_client | GET https://books.toscrape.com/catalogue/mesaerion-the-best-science-fiction-stories-1800-1849_983/index.html (timeout=10.0)
2026-09-23 13:17:47 | INFO     | parser.utils.http_client | GET https://books.toscrape.com/catalogue/mesaerion-the-best-science-fiction-stories-1800-1849_983/index.html -> 200: OK
2026-09-23 13:17:48 | DEBUG    | parser.utils.http_client | GET https://books.toscrape.com/catalogue/libertarianism-for-beginners_982/index.html (timeout=10.0)
2026-09-23 13:17:48 | INFO     | parser.utils.http_client | GET https://books.toscrape.com/catalogue/libertarianism-for-beginners_982/index.html -> 200: OK
2026-09-23 13:17:49 | DEBUG    | parser.utils.http_client | GET https://books.toscrape.com/catalogue/its-only-the-himalayas_981/index.html (timeout=10.0)
2026-09-23 13:17:50 | INFO     | parser.utils.http_client | GET https://books.toscrape.com/catalogue/its-only-the-himalayas_981/index.html -> 200: OK
2026-09-23 13:17:50 | DEBUG    | __main__ | Номер книги - 0, название - A Light in the Attic, рейтинг - 3, цена - 51.77 GBP
2026-09-23 13:17:50 | DEBUG    | __main__ | Номер книги - 1, название - Tipping the Velvet, рейтинг - 1, цена - 53.74 GBP
2026-09-23 13:17:50 | DEBUG    | __main__ | Номер книги - 2, название - Soumission, рейтинг - 1, цена - 50.10 GBP
2026-09-23 13:17:50 | DEBUG    | __main__ | Номер книги - 3, название - Sharp Objects, рейтинг - 4, цена - 47.82 GBP
2026-09-23 13:17:50 | DEBUG    | __main__ | Номер книги - 4, название - Sapiens: A Brief History of Humankind, рейтинг - 5, цена - 54.23 GBP
2026-09-23 13:17:50 | DEBUG    | __main__ | Номер книги - 5, название - The Requiem Red, рейтинг - 1, цена - 22.65 GBP
2026-09-23 13:17:50 | DEBUG    | __main__ | Номер книги - 6, название - The Dirty Little Secrets of Getting Your Dream Job, рейтинг - 4, цена - 33.34 GBP
2026-09-23 13:17:50 | DEBUG    | __main__ | Номер книги - 7, название - The Coming Woman: A Novel Based on the Life of the Infamous Feminist, Victoria Woodhull, рейтинг - 3, цена - 17.93 GBP
2026-09-23 13:17:50 | DEBUG    | __main__ | Номер книги - 8, название - The Boys in the Boat: Nine Americans and Their Epic Quest for Gold at the 1936 Berlin Olympics, рейтинг - 4, цена - 22.60 GBP
2026-09-23 13:17:50 | DEBUG    | __main__ | Номер книги - 9, название - The Black Maria, рейтинг - 1, цена - 52.15 GBP
2026-09-23 13:17:50 | DEBUG    | __main__ | Номер книги - 10, название - Starving Hearts (Triangular Trade Trilogy, #1), рейтинг - 2, цена - 13.99 GBP
2026-09-23 13:17:50 | DEBUG    | __main__ | Номер книги - 11, название - Shakespeare's Sonnets, рейтинг - 4, цена - 20.66 GBP
2026-09-23 13:17:50 | DEBUG    | __main__ | Номер книги - 12, название - Set Me Free, рейтинг - 5, цена - 17.46 GBP
2026-09-23 13:17:50 | DEBUG    | __main__ | Номер книги - 13, название - Scott Pilgrim's Precious Little Life (Scott Pilgrim #1), рейтинг - 5, цена - 52.29 GBP
2026-09-23 13:17:50 | DEBUG    | __main__ | Номер книги - 14, название - Rip it Up and Start Again, рейтинг - 5, цена - 35.02 GBP
2026-09-23 13:17:50 | DEBUG    | __main__ | Номер книги - 15, название - Our Band Could Be Your Life: Scenes from the American Indie Underground, 1981-1991, рейтинг - 3, цена - 57.25 GBP
2026-09-23 13:17:50 | DEBUG    | __main__ | Номер книги - 16, название - Olio, рейтинг - 1, цена - 23.88 GBP
2026-09-23 13:17:50 | DEBUG    | __main__ | Номер книги - 17, название - Mesaerion: The Best Science Fiction Stories 1800-1849, рейтинг - 1, цена - 37.59 GBP
2026-09-23 13:17:50 | DEBUG    | __main__ | Номер книги - 18, название - Libertarianism for Beginners, рейтинг - 2, цена - 51.33 GBP
2026-09-23 13:17:50 | DEBUG    | __main__ | Номер книги - 19, название - It's Only the Himalayas, рейтинг - 2, цена - 45.17 GBP
2026-09-23 13:17:50 | INFO     | parser.storage.csv_storage | Сохранено: 20 записей в C:\Users\dalum\OneDrive\Рабочий стол\python_learn\parser\src\parser\storage\data\books.csv
2026-09-23 13:17:50 | INFO     | parser.storage.json_storage | Сохранено: 20 записей в C:\Users\dalum\OneDrive\Рабочий стол\python_learn\parser\src\parser\storage\data\books.json
2026-09-23 13:17:52 | INFO     | parser.analysis.analyze_json | Аналитика сохранена: C:\Users\dalum\OneDrive\Рабочий стол\python_learn\parser\src\parser\storage\data\output_data\analysis.xlsx
2026-09-23 13:17:52 | INFO     | __main__ | Готово
2026-09-23 13:23:03 | INFO     | __main__ | Старт парсера. base_url=https://books.toscrape.com
2026-09-23 13:23:03 | INFO     | parser.scrapers.catalogue | Страница 1: https://books.toscrape.com/catalogue/page-1.html
2026-09-23 13:23:03 | DEBUG    | parser.utils.http_client | GET https://books.toscrape.com/catalogue/page-1.html (timeout=10.0)
2026-09-23 13:23:05 | INFO     | parser.utils.http_client | GET https://books.toscrape.com/catalogue/page-1.html -> 200: OK
2026-09-23 13:23:05 | INFO     | parser.scrapers.catalogue | Получено 50469 символов
2026-09-23 13:23:05 | INFO     | parser.parsers.book_list | Найдено 20 карточек
2026-09-23 13:23:05 | INFO     | parser.parsers.book_list | Разобрано 20 из 20 карточек
2026-09-23 13:23:05 | DEBUG    | parser.utils.http_client | GET https://books.toscrape.com/catalogue/a-light-in-the-attic_1000/index.html (timeout=10.0)
2026-09-23 13:23:05 | INFO     | parser.utils.http_client | GET https://books.toscrape.com/catalogue/a-light-in-the-attic_1000/index.html -> 200: OK
2026-09-23 13:23:06 | DEBUG    | parser.utils.http_client | GET https://books.toscrape.com/catalogue/tipping-the-velvet_999/index.html (timeout=10.0)
2026-09-23 13:23:07 | INFO     | parser.utils.http_client | GET https://books.toscrape.com/catalogue/tipping-the-velvet_999/index.html -> 200: OK
2026-09-23 13:23:08 | DEBUG    | parser.utils.http_client | GET https://books.toscrape.com/catalogue/soumission_998/index.html (timeout=10.0)
2026-09-23 13:23:08 | INFO     | parser.utils.http_client | GET https://books.toscrape.com/catalogue/soumission_998/index.html -> 200: OK
2026-09-23 13:23:09 | DEBUG    | parser.utils.http_client | GET https://books.toscrape.com/catalogue/sharp-objects_997/index.html (timeout=10.0)
2026-09-23 13:23:10 | INFO     | parser.utils.http_client | GET https://books.toscrape.com/catalogue/sharp-objects_997/index.html -> 200: OK
2026-09-23 13:23:10 | DEBUG    | parser.utils.http_client | GET https://books.toscrape.com/catalogue/sapiens-a-brief-history-of-humankind_996/index.html (timeout=10.0)
2026-09-23 13:23:11 | INFO     | parser.utils.http_client | GET https://books.toscrape.com/catalogue/sapiens-a-brief-history-of-humankind_996/index.html -> 200: OK
2026-09-23 13:23:12 | DEBUG    | parser.utils.http_client | GET https://books.toscrape.com/catalogue/the-requiem-red_995/index.html (timeout=10.0)
2026-09-23 13:23:13 | INFO     | parser.utils.http_client | GET https://books.toscrape.com/catalogue/the-requiem-red_995/index.html -> 200: OK
2026-09-23 13:23:13 | DEBUG    | parser.utils.http_client | GET https://books.toscrape.com/catalogue/the-dirty-little-secrets-of-getting-your-dream-job_994/index.html (timeout=10.0)
2026-09-23 13:23:14 | INFO     | parser.utils.http_client | GET https://books.toscrape.com/catalogue/the-dirty-little-secrets-of-getting-your-dream-job_994/index.html -> 200: OK
2026-09-23 13:23:15 | DEBUG    | parser.utils.http_client | GET https://books.toscrape.com/catalogue/the-coming-woman-a-novel-based-on-the-life-of-the-infamous-feminist-victoria-woodhull_993/index.html (timeout=10.0)
2026-09-23 13:23:15 | INFO     | parser.utils.http_client | GET https://books.toscrape.com/catalogue/the-coming-woman-a-novel-based-on-the-life-of-the-infamous-feminist-victoria-woodhull_993/index.html -> 200: OK
2026-09-23 13:23:16 | DEBUG    | parser.utils.http_client | GET https://books.toscrape.com/catalogue/the-boys-in-the-boat-nine-americans-and-their-epic-quest-for-gold-at-the-1936-berlin-olympics_992/index.html (timeout=10.0)
2026-09-23 13:23:17 | INFO     | parser.utils.http_client | GET https://books.toscrape.com/catalogue/the-boys-in-the-boat-nine-americans-and-their-epic-quest-for-gold-at-the-1936-berlin-olympics_992/index.html -> 200: OK
2026-09-23 13:23:18 | DEBUG    | parser.utils.http_client | GET https://books.toscrape.com/catalogue/the-black-maria_991/index.html (timeout=10.0)
2026-09-23 13:23:19 | INFO     | parser.utils.http_client | GET https://books.toscrape.com/catalogue/the-black-maria_991/index.html -> 200: OK
2026-09-23 13:23:19 | DEBUG    | parser.utils.http_client | GET https://books.toscrape.com/catalogue/starving-hearts-triangular-trade-trilogy-1_990/index.html (timeout=10.0)
2026-09-23 13:23:20 | INFO     | parser.utils.http_client | GET https://books.toscrape.com/catalogue/starving-hearts-triangular-trade-trilogy-1_990/index.html -> 200: OK
2026-09-23 13:23:21 | DEBUG    | parser.utils.http_client | GET https://books.toscrape.com/catalogue/shakespeares-sonnets_989/index.html (timeout=10.0)
2026-09-23 13:23:21 | INFO     | parser.utils.http_client | GET https://books.toscrape.com/catalogue/shakespeares-sonnets_989/index.html -> 200: OK
2026-09-23 13:23:22 | DEBUG    | parser.utils.http_client | GET https://books.toscrape.com/catalogue/set-me-free_988/index.html (timeout=10.0)
2026-09-23 13:23:23 | INFO     | parser.utils.http_client | GET https://books.toscrape.com/catalogue/set-me-free_988/index.html -> 200: OK
2026-09-23 13:23:24 | DEBUG    | parser.utils.http_client | GET https://books.toscrape.com/catalogue/scott-pilgrims-precious-little-life-scott-pilgrim-1_987/index.html (timeout=10.0)
2026-09-23 13:23:25 | INFO     | parser.utils.http_client | GET https://books.toscrape.com/catalogue/scott-pilgrims-precious-little-life-scott-pilgrim-1_987/index.html -> 200: OK
2026-09-23 13:23:26 | DEBUG    | parser.utils.http_client | GET https://books.toscrape.com/catalogue/rip-it-up-and-start-again_986/index.html (timeout=10.0)
2026-09-23 13:23:27 | INFO     | parser.utils.http_client | GET https://books.toscrape.com/catalogue/rip-it-up-and-start-again_986/index.html -> 200: OK
2026-09-23 13:23:27 | DEBUG    | parser.utils.http_client | GET https://books.toscrape.com/catalogue/our-band-could-be-your-life-scenes-from-the-american-indie-underground-1981-1991_985/index.html (timeout=10.0)
2026-09-23 13:23:28 | INFO     | parser.utils.http_client | GET https://books.toscrape.com/catalogue/our-band-could-be-your-life-scenes-from-the-american-indie-underground-1981-1991_985/index.html -> 200: OK
2026-09-23 13:23:29 | DEBUG    | parser.utils.http_client | GET https://books.toscrape.com/catalogue/olio_984/index.html (timeout=10.0)
2026-09-23 13:23:29 | INFO     | parser.utils.http_client | GET https://books.toscrape.com/catalogue/olio_984/index.html -> 200: OK
2026-09-23 13:23:30 | DEBUG    | parser.utils.http_client | GET https://books.toscrape.com/catalogue/mesaerion-the-best-science-fiction-stories-1800-1849_983/index.html (timeout=10.0)
2026-09-23 13:23:31 | INFO     | parser.utils.http_client | GET https://books.toscrape.com/catalogue/mesaerion-the-best-science-fiction-stories-1800-1849_983/index.html -> 200: OK
2026-09-23 13:23:32 | DEBUG    | parser.utils.http_client | GET https://books.toscrape.com/catalogue/libertarianism-for-beginners_982/index.html (timeout=10.0)
2026-09-23 13:23:33 | INFO     | parser.utils.http_client | GET https://books.toscrape.com/catalogue/libertarianism-for-beginners_982/index.html -> 200: OK
2026-09-23 13:23:34 | DEBUG    | parser.utils.http_client | GET https://books.toscrape.com/catalogue/its-only-the-himalayas_981/index.html (timeout=10.0)
2026-09-23 13:23:35 | INFO     | parser.utils.http_client | GET https://books.toscrape.com/catalogue/its-only-the-himalayas_981/index.html -> 200: OK
2026-09-23 13:23:35 | DEBUG    | __main__ | Номер книги - 0, название - A Light in the Attic, рейтинг - 3, цена - 51.77 GBP
2026-09-23 13:23:35 | DEBUG    | __main__ | Номер книги - 1, название - Tipping the Velvet, рейтинг - 1, цена - 53.74 GBP
2026-09-23 13:23:35 | DEBUG    | __main__ | Номер книги - 2, название - Soumission, рейтинг - 1, цена - 50.10 GBP
2026-09-23 13:23:35 | DEBUG    | __main__ | Номер книги - 3, название - Sharp Objects, рейтинг - 4, цена - 47.82 GBP
2026-09-23 13:23:35 | DEBUG    | __main__ | Номер книги - 4, название - Sapiens: A Brief History of Humankind, рейтинг - 5, цена - 54.23 GBP
2026-09-23 13:23:35 | DEBUG    | __main__ | Номер книги - 5, название - The Requiem Red, рейтинг - 1, цена - 22.65 GBP
2026-09-23 13:23:35 | DEBUG    | __main__ | Номер книги - 6, название - The Dirty Little Secrets of Getting Your Dream Job, рейтинг - 4, цена - 33.34 GBP
2026-09-23 13:23:35 | DEBUG    | __main__ | Номер книги - 7, название - The Coming Woman: A Novel Based on the Life of the Infamous Feminist, Victoria Woodhull, рейтинг - 3, цена - 17.93 GBP
2026-09-23 13:23:35 | DEBUG    | __main__ | Номер книги - 8, название - The Boys in the Boat: Nine Americans and Their Epic Quest for Gold at the 1936 Berlin Olympics, рейтинг - 4, цена - 22.60 GBP
2026-09-23 13:23:35 | DEBUG    | __main__ | Номер книги - 9, название - The Black Maria, рейтинг - 1, цена - 52.15 GBP
2026-09-23 13:23:35 | DEBUG    | __main__ | Номер книги - 10, название - Starving Hearts (Triangular Trade Trilogy, #1), рейтинг - 2, цена - 13.99 GBP
2026-09-23 13:23:35 | DEBUG    | __main__ | Номер книги - 11, название - Shakespeare's Sonnets, рейтинг - 4, цена - 20.66 GBP
2026-09-23 13:23:35 | DEBUG    | __main__ | Номер книги - 12, название - Set Me Free, рейтинг - 5, цена - 17.46 GBP
2026-09-23 13:23:35 | DEBUG    | __main__ | Номер книги - 13, название - Scott Pilgrim's Precious Little Life (Scott Pilgrim #1), рейтинг - 5, цена - 52.29 GBP
2026-09-23 13:23:35 | DEBUG    | __main__ | Номер книги - 14, название - Rip it Up and Start Again, рейтинг - 5, цена - 35.02 GBP
2026-09-23 13:23:35 | DEBUG    | __main__ | Номер книги - 15, название - Our Band Could Be Your Life: Scenes from the American Indie Underground, 1981-1991, рейтинг - 3, цена - 57.25 GBP
2026-09-23 13:23:35 | DEBUG    | __main__ | Номер книги - 16, название - Olio, рейтинг - 1, цена - 23.88 GBP
2026-09-23 13:23:35 | DEBUG    | __main__ | Номер книги - 17, название - Mesaerion: The Best Science Fiction Stories 1800-1849, рейтинг - 1, цена - 37.59 GBP
2026-09-23 13:23:35 | DEBUG    | __main__ | Номер книги - 18, название - Libertarianism for Beginners, рейтинг - 2, цена - 51.33 GBP
2026-09-23 13:23:35 | DEBUG    | __main__ | Номер книги - 19, название - It's Only the Himalayas, рейтинг - 2, цена - 45.17 GBP
2026-09-23 13:23:35 | INFO     | parser.storage.json_storage | Сохранено: 20 записей в C:\Users\dalum\OneDrive\Рабочий стол\python_learn\parser\src\parser\storage\data\input_data\books.json
2026-09-23 13:23:37 | INFO     | parser.analysis.analyze_json | Аналитика сохранена: C:\Users\dalum\OneDrive\Рабочий стол\python_learn\parser\src\parser\storage\data\output_data\analysis.xlsx
2026-09-23 13:23:37 | INFO     | __main__ | Готово
2026-09-23 13:32:03 | INFO     | __main__ | Старт парсера. base_url=https://books.toscrape.com
2026-09-23 13:32:03 | INFO     | parser.scrapers.catalogue | Страница 1: https://books.toscrape.com/catalogue/page-1.html
2026-09-23 13:32:03 | DEBUG    | parser.utils.http_client | GET https://books.toscrape.com/catalogue/page-1.html (timeout=10.0)
2026-09-23 13:32:04 | INFO     | parser.utils.http_client | GET https://books.toscrape.com/catalogue/page-1.html -> 200: OK
2026-09-23 13:32:04 | INFO     | parser.scrapers.catalogue | Получено 50469 символов
2026-09-23 13:32:04 | INFO     | parser.parsers.book_list | Найдено 20 карточек
2026-09-23 13:32:04 | INFO     | parser.parsers.book_list | Разобрано 20 из 20 карточек
2026-09-23 13:32:04 | DEBUG    | parser.utils.http_client | GET https://books.toscrape.com/catalogue/a-light-in-the-attic_1000/index.html (timeout=10.0)
2026-09-23 13:32:05 | INFO     | parser.utils.http_client | GET https://books.toscrape.com/catalogue/a-light-in-the-attic_1000/index.html -> 200: OK
2026-09-23 13:32:06 | DEBUG    | parser.utils.http_client | GET https://books.toscrape.com/catalogue/tipping-the-velvet_999/index.html (timeout=10.0)
2026-09-23 13:32:06 | INFO     | parser.utils.http_client | GET https://books.toscrape.com/catalogue/tipping-the-velvet_999/index.html -> 200: OK
2026-09-23 13:32:07 | DEBUG    | parser.utils.http_client | GET https://books.toscrape.com/catalogue/soumission_998/index.html (timeout=10.0)
2026-09-23 13:32:08 | INFO     | parser.utils.http_client | GET https://books.toscrape.com/catalogue/soumission_998/index.html -> 200: OK
2026-09-23 13:32:09 | DEBUG    | parser.utils.http_client | GET https://books.toscrape.com/catalogue/sharp-objects_997/index.html (timeout=10.0)
2026-09-23 13:32:09 | INFO     | parser.utils.http_client | GET https://books.toscrape.com/catalogue/sharp-objects_997/index.html -> 200: OK
2026-09-23 13:32:10 | DEBUG    | parser.utils.http_client | GET https://books.toscrape.com/catalogue/sapiens-a-brief-history-of-humankind_996/index.html (timeout=10.0)
2026-09-23 13:32:11 | INFO     | parser.utils.http_client | GET https://books.toscrape.com/catalogue/sapiens-a-brief-history-of-humankind_996/index.html -> 200: OK
2026-09-23 13:32:11 | DEBUG    | parser.utils.http_client | GET https://books.toscrape.com/catalogue/the-requiem-red_995/index.html (timeout=10.0)
2026-09-23 13:32:12 | INFO     | parser.utils.http_client | GET https://books.toscrape.com/catalogue/the-requiem-red_995/index.html -> 200: OK
2026-09-23 13:32:13 | DEBUG    | parser.utils.http_client | GET https://books.toscrape.com/catalogue/the-dirty-little-secrets-of-getting-your-dream-job_994/index.html (timeout=10.0)
2026-09-23 13:32:14 | INFO     | parser.utils.http_client | GET https://books.toscrape.com/catalogue/the-dirty-little-secrets-of-getting-your-dream-job_994/index.html -> 200: OK
2026-09-23 13:32:15 | DEBUG    | parser.utils.http_client | GET https://books.toscrape.com/catalogue/the-coming-woman-a-novel-based-on-the-life-of-the-infamous-feminist-victoria-woodhull_993/index.html (timeout=10.0)
2026-09-23 13:32:16 | INFO     | parser.utils.http_client | GET https://books.toscrape.com/catalogue/the-coming-woman-a-novel-based-on-the-life-of-the-infamous-feminist-victoria-woodhull_993/index.html -> 200: OK
2026-09-23 13:32:16 | DEBUG    | parser.utils.http_client | GET https://books.toscrape.com/catalogue/the-boys-in-the-boat-nine-americans-and-their-epic-quest-for-gold-at-the-1936-berlin-olympics_992/index.html (timeout=10.0)
2026-09-23 13:32:17 | INFO     | parser.utils.http_client | GET https://books.toscrape.com/catalogue/the-boys-in-the-boat-nine-americans-and-their-epic-quest-for-gold-at-the-1936-berlin-olympics_992/index.html -> 200: OK
2026-09-23 13:32:18 | DEBUG    | parser.utils.http_client | GET https://books.toscrape.com/catalogue/the-black-maria_991/index.html (timeout=10.0)
2026-09-23 13:32:18 | INFO     | parser.utils.http_client | GET https://books.toscrape.com/catalogue/the-black-maria_991/index.html -> 200: OK
2026-09-23 13:32:19 | DEBUG    | parser.utils.http_client | GET https://books.toscrape.com/catalogue/starving-hearts-triangular-trade-trilogy-1_990/index.html (timeout=10.0)
2026-09-23 13:32:20 | INFO     | parser.utils.http_client | GET https://books.toscrape.com/catalogue/starving-hearts-triangular-trade-trilogy-1_990/index.html -> 200: OK
2026-09-23 13:32:21 | DEBUG    | parser.utils.http_client | GET https://books.toscrape.com/catalogue/shakespeares-sonnets_989/index.html (timeout=10.0)
2026-09-23 13:32:21 | INFO     | parser.utils.http_client | GET https://books.toscrape.com/catalogue/shakespeares-sonnets_989/index.html -> 200: OK
2026-09-23 13:32:22 | DEBUG    | parser.utils.http_client | GET https://books.toscrape.com/catalogue/set-me-free_988/index.html (timeout=10.0)
2026-09-23 13:32:23 | INFO     | parser.utils.http_client | GET https://books.toscrape.com/catalogue/set-me-free_988/index.html -> 200: OK
2026-09-23 13:32:23 | DEBUG    | parser.utils.http_client | GET https://books.toscrape.com/catalogue/scott-pilgrims-precious-little-life-scott-pilgrim-1_987/index.html (timeout=10.0)
2026-09-23 13:32:24 | INFO     | parser.utils.http_client | GET https://books.toscrape.com/catalogue/scott-pilgrims-precious-little-life-scott-pilgrim-1_987/index.html -> 200: OK
2026-09-23 13:32:25 | DEBUG    | parser.utils.http_client | GET https://books.toscrape.com/catalogue/rip-it-up-and-start-again_986/index.html (timeout=10.0)
2026-09-23 13:32:26 | INFO     | parser.utils.http_client | GET https://books.toscrape.com/catalogue/rip-it-up-and-start-again_986/index.html -> 200: OK
2026-09-23 13:32:27 | DEBUG    | parser.utils.http_client | GET https://books.toscrape.com/catalogue/our-band-could-be-your-life-scenes-from-the-american-indie-underground-1981-1991_985/index.html (timeout=10.0)
2026-09-23 13:32:28 | INFO     | parser.utils.http_client | GET https://books.toscrape.com/catalogue/our-band-could-be-your-life-scenes-from-the-american-indie-underground-1981-1991_985/index.html -> 200: OK
2026-09-23 13:32:28 | DEBUG    | parser.utils.http_client | GET https://books.toscrape.com/catalogue/olio_984/index.html (timeout=10.0)
2026-09-23 13:32:29 | INFO     | parser.utils.http_client | GET https://books.toscrape.com/catalogue/olio_984/index.html -> 200: OK
2026-09-23 13:32:30 | DEBUG    | parser.utils.http_client | GET https://books.toscrape.com/catalogue/mesaerion-the-best-science-fiction-stories-1800-1849_983/index.html (timeout=10.0)
2026-09-23 13:32:31 | INFO     | parser.utils.http_client | GET https://books.toscrape.com/catalogue/mesaerion-the-best-science-fiction-stories-1800-1849_983/index.html -> 200: OK
2026-09-23 13:32:31 | DEBUG    | parser.utils.http_client | GET https://books.toscrape.com/catalogue/libertarianism-for-beginners_982/index.html (timeout=10.0)
2026-09-23 13:32:32 | INFO     | parser.utils.http_client | GET https://books.toscrape.com/catalogue/libertarianism-for-beginners_982/index.html -> 200: OK
2026-09-23 13:32:33 | DEBUG    | parser.utils.http_client | GET https://books.toscrape.com/catalogue/its-only-the-himalayas_981/index.html (timeout=10.0)
2026-09-23 13:32:34 | INFO     | parser.utils.http_client | GET https://books.toscrape.com/catalogue/its-only-the-himalayas_981/index.html -> 200: OK
2026-09-23 13:32:35 | DEBUG    | __main__ | Номер книги - 0, название - A Light in the Attic, рейтинг - 3, цена - 51.77 GBP
2026-09-23 13:32:35 | DEBUG    | __main__ | Номер книги - 1, название - Tipping the Velvet, рейтинг - 1, цена - 53.74 GBP
2026-09-23 13:32:35 | DEBUG    | __main__ | Номер книги - 2, название - Soumission, рейтинг - 1, цена - 50.10 GBP
2026-09-23 13:32:35 | DEBUG    | __main__ | Номер книги - 3, название - Sharp Objects, рейтинг - 4, цена - 47.82 GBP
2026-09-23 13:32:35 | DEBUG    | __main__ | Номер книги - 4, название - Sapiens: A Brief History of Humankind, рейтинг - 5, цена - 54.23 GBP
2026-09-23 13:32:35 | DEBUG    | __main__ | Номер книги - 5, название - The Requiem Red, рейтинг - 1, цена - 22.65 GBP
2026-09-23 13:32:35 | DEBUG    | __main__ | Номер книги - 6, название - The Dirty Little Secrets of Getting Your Dream Job, рейтинг - 4, цена - 33.34 GBP
2026-09-23 13:32:35 | DEBUG    | __main__ | Номер книги - 7, название - The Coming Woman: A Novel Based on the Life of the Infamous Feminist, Victoria Woodhull, рейтинг - 3, цена - 17.93 GBP
2026-09-23 13:32:35 | DEBUG    | __main__ | Номер книги - 8, название - The Boys in the Boat: Nine Americans and Their Epic Quest for Gold at the 1936 Berlin Olympics, рейтинг - 4, цена - 22.60 GBP
2026-09-23 13:32:35 | DEBUG    | __main__ | Номер книги - 9, название - The Black Maria, рейтинг - 1, цена - 52.15 GBP
2026-09-23 13:32:35 | DEBUG    | __main__ | Номер книги - 10, название - Starving Hearts (Triangular Trade Trilogy, #1), рейтинг - 2, цена - 13.99 GBP
2026-09-23 13:32:35 | DEBUG    | __main__ | Номер книги - 11, название - Shakespeare's Sonnets, рейтинг - 4, цена - 20.66 GBP
2026-09-23 13:32:35 | DEBUG    | __main__ | Номер книги - 12, название - Set Me Free, рейтинг - 5, цена - 17.46 GBP
2026-09-23 13:32:35 | DEBUG    | __main__ | Номер книги - 13, название - Scott Pilgrim's Precious Little Life (Scott Pilgrim #1), рейтинг - 5, цена - 52.29 GBP
2026-09-23 13:32:35 | DEBUG    | __main__ | Номер книги - 14, название - Rip it Up and Start Again, рейтинг - 5, цена - 35.02 GBP
2026-09-23 13:32:35 | DEBUG    | __main__ | Номер книги - 15, название - Our Band Could Be Your Life: Scenes from the American Indie Underground, 1981-1991, рейтинг - 3, цена - 57.25 GBP
2026-09-23 13:32:35 | DEBUG    | __main__ | Номер книги - 16, название - Olio, рейтинг - 1, цена - 23.88 GBP
2026-09-23 13:32:35 | DEBUG    | __main__ | Номер книги - 17, название - Mesaerion: The Best Science Fiction Stories 1800-1849, рейтинг - 1, цена - 37.59 GBP
2026-09-23 13:32:35 | DEBUG    | __main__ | Номер книги - 18, название - Libertarianism for Beginners, рейтинг - 2, цена - 51.33 GBP
2026-09-23 13:32:35 | DEBUG    | __main__ | Номер книги - 19, название - It's Only the Himalayas, рейтинг - 2, цена - 45.17 GBP
2026-09-23 13:32:35 | INFO     | parser.storage.json_storage | Сохранено: 20 записей в C:\Users\dalum\OneDrive\Рабочий стол\python_learn\parser\src\parser\storage\data\input_data\books.json
2026-09-23 13:32:35 | INFO     | parser.analysis.analyze_json | Аналитика сохранена: C:\Users\dalum\OneDrive\Рабочий стол\python_learn\parser\src\parser\storage\data\output_data\analysis.xlsx
2026-09-23 13:32:35 | INFO     | __main__ | Готово
2026-09-23 19:41:30 | INFO     | __main__ | Старт парсера. base_url=https://books.toscrape.com
2026-09-23 19:41:30 | INFO     | parser.scrapers.catalogue | Страница 1: https://books.toscrape.com/catalogue/page-1.html
2026-09-23 19:41:30 | DEBUG    | parser.utils.http_client | GET https://books.toscrape.com/catalogue/page-1.html (timeout=10.0)
2026-09-23 19:41:31 | INFO     | parser.utils.http_client | GET https://books.toscrape.com/catalogue/page-1.html -> 200: OK
2026-09-23 19:41:31 | INFO     | parser.scrapers.catalogue | Получено 50469 символов
2026-09-23 19:41:31 | INFO     | parser.parsers.book_list | Найдено 20 карточек
2026-09-23 19:41:31 | INFO     | parser.parsers.book_list | Разобрано 20 из 20 карточек
2026-09-23 19:41:31 | DEBUG    | parser.utils.http_client | GET https://books.toscrape.com/catalogue/a-light-in-the-attic_1000/index.html (timeout=10.0)
2026-09-23 19:41:32 | INFO     | parser.utils.http_client | GET https://books.toscrape.com/catalogue/a-light-in-the-attic_1000/index.html -> 200: OK
2026-09-23 19:41:33 | DEBUG    | parser.utils.http_client | GET https://books.toscrape.com/catalogue/tipping-the-velvet_999/index.html (timeout=10.0)
2026-09-23 19:41:34 | INFO     | parser.utils.http_client | GET https://books.toscrape.com/catalogue/tipping-the-velvet_999/index.html -> 200: OK
2026-09-23 19:41:35 | DEBUG    | parser.utils.http_client | GET https://books.toscrape.com/catalogue/soumission_998/index.html (timeout=10.0)
2026-09-23 19:41:36 | INFO     | parser.utils.http_client | GET https://books.toscrape.com/catalogue/soumission_998/index.html -> 200: OK
2026-09-23 19:41:36 | DEBUG    | parser.utils.http_client | GET https://books.toscrape.com/catalogue/sharp-objects_997/index.html (timeout=10.0)
2026-09-23 19:41:37 | INFO     | parser.utils.http_client | GET https://books.toscrape.com/catalogue/sharp-objects_997/index.html -> 200: OK
2026-09-23 19:41:38 | DEBUG    | parser.utils.http_client | GET https://books.toscrape.com/catalogue/sapiens-a-brief-history-of-humankind_996/index.html (timeout=10.0)
2026-09-23 19:41:38 | INFO     | parser.utils.http_client | GET https://books.toscrape.com/catalogue/sapiens-a-brief-history-of-humankind_996/index.html -> 200: OK
2026-09-23 19:41:39 | DEBUG    | parser.utils.http_client | GET https://books.toscrape.com/catalogue/the-requiem-red_995/index.html (timeout=10.0)
2026-09-23 19:41:40 | INFO     | parser.utils.http_client | GET https://books.toscrape.com/catalogue/the-requiem-red_995/index.html -> 200: OK
2026-09-23 19:41:41 | DEBUG    | parser.utils.http_client | GET https://books.toscrape.com/catalogue/the-dirty-little-secrets-of-getting-your-dream-job_994/index.html (timeout=10.0)
2026-09-23 19:41:42 | INFO     | parser.utils.http_client | GET https://books.toscrape.com/catalogue/the-dirty-little-secrets-of-getting-your-dream-job_994/index.html -> 200: OK
2026-09-23 19:41:43 | DEBUG    | parser.utils.http_client | GET https://books.toscrape.com/catalogue/the-coming-woman-a-novel-based-on-the-life-of-the-infamous-feminist-victoria-woodhull_993/index.html (timeout=10.0)
2026-09-23 19:41:44 | INFO     | parser.utils.http_client | GET https://books.toscrape.com/catalogue/the-coming-woman-a-novel-based-on-the-life-of-the-infamous-feminist-victoria-woodhull_993/index.html -> 200: OK
2026-09-23 19:41:44 | DEBUG    | parser.utils.http_client | GET https://books.toscrape.com/catalogue/the-boys-in-the-boat-nine-americans-and-their-epic-quest-for-gold-at-the-1936-berlin-olympics_992/index.html (timeout=10.0)
2026-09-23 19:41:45 | INFO     | parser.utils.http_client | GET https://books.toscrape.com/catalogue/the-boys-in-the-boat-nine-americans-and-their-epic-quest-for-gold-at-the-1936-berlin-olympics_992/index.html -> 200: OK
2026-09-23 19:41:46 | DEBUG    | parser.utils.http_client | GET https://books.toscrape.com/catalogue/the-black-maria_991/index.html (timeout=10.0)
2026-09-23 19:41:47 | INFO     | parser.utils.http_client | GET https://books.toscrape.com/catalogue/the-black-maria_991/index.html -> 200: OK
2026-09-23 19:41:48 | DEBUG    | parser.utils.http_client | GET https://books.toscrape.com/catalogue/starving-hearts-triangular-trade-trilogy-1_990/index.html (timeout=10.0)
2026-09-23 19:41:49 | INFO     | parser.utils.http_client | GET https://books.toscrape.com/catalogue/starving-hearts-triangular-trade-trilogy-1_990/index.html -> 200: OK
2026-09-23 19:41:49 | DEBUG    | parser.utils.http_client | GET https://books.toscrape.com/catalogue/shakespeares-sonnets_989/index.html (timeout=10.0)
2026-09-23 19:41:50 | INFO     | parser.utils.http_client | GET https://books.toscrape.com/catalogue/shakespeares-sonnets_989/index.html -> 200: OK
2026-09-23 19:41:51 | DEBUG    | parser.utils.http_client | GET https://books.toscrape.com/catalogue/set-me-free_988/index.html (timeout=10.0)
2026-09-23 19:41:52 | INFO     | parser.utils.http_client | GET https://books.toscrape.com/catalogue/set-me-free_988/index.html -> 200: OK
2026-09-23 19:41:53 | DEBUG    | parser.utils.http_client | GET https://books.toscrape.com/catalogue/scott-pilgrims-precious-little-life-scott-pilgrim-1_987/index.html (timeout=10.0)
2026-09-23 19:41:53 | INFO     | parser.utils.http_client | GET https://books.toscrape.com/catalogue/scott-pilgrims-precious-little-life-scott-pilgrim-1_987/index.html -> 200: OK
2026-09-23 19:41:54 | DEBUG    | parser.utils.http_client | GET https://books.toscrape.com/catalogue/rip-it-up-and-start-again_986/index.html (timeout=10.0)
2026-09-23 19:41:55 | INFO     | parser.utils.http_client | GET https://books.toscrape.com/catalogue/rip-it-up-and-start-again_986/index.html -> 200: OK
2026-09-23 19:41:56 | DEBUG    | parser.utils.http_client | GET https://books.toscrape.com/catalogue/our-band-could-be-your-life-scenes-from-the-american-indie-underground-1981-1991_985/index.html (timeout=10.0)
2026-09-23 19:41:57 | INFO     | parser.utils.http_client | GET https://books.toscrape.com/catalogue/our-band-could-be-your-life-scenes-from-the-american-indie-underground-1981-1991_985/index.html -> 200: OK
2026-09-23 19:41:57 | DEBUG    | parser.utils.http_client | GET https://books.toscrape.com/catalogue/olio_984/index.html (timeout=10.0)
2026-09-23 19:41:58 | INFO     | parser.utils.http_client | GET https://books.toscrape.com/catalogue/olio_984/index.html -> 200: OK
2026-09-23 19:41:59 | DEBUG    | parser.utils.http_client | GET https://books.toscrape.com/catalogue/mesaerion-the-best-science-fiction-stories-1800-1849_983/index.html (timeout=10.0)
2026-09-23 19:42:00 | INFO     | parser.utils.http_client | GET https://books.toscrape.com/catalogue/mesaerion-the-best-science-fiction-stories-1800-1849_983/index.html -> 200: OK
2026-09-23 19:42:00 | DEBUG    | parser.utils.http_client | GET https://books.toscrape.com/catalogue/libertarianism-for-beginners_982/index.html (timeout=10.0)
2026-09-23 19:42:01 | INFO     | parser.utils.http_client | GET https://books.toscrape.com/catalogue/libertarianism-for-beginners_982/index.html -> 200: OK
2026-09-23 19:42:02 | DEBUG    | parser.utils.http_client | GET https://books.toscrape.com/catalogue/its-only-the-himalayas_981/index.html (timeout=10.0)
2026-09-23 19:42:03 | INFO     | parser.utils.http_client | GET https://books.toscrape.com/catalogue/its-only-the-himalayas_981/index.html -> 200: OK
2026-09-23 19:42:04 | DEBUG    | __main__ | Номер книги - 0, название - A Light in the Attic, рейтинг - 3, цена - 51.77 GBP
2026-09-23 19:42:04 | DEBUG    | __main__ | Номер книги - 1, название - Tipping the Velvet, рейтинг - 1, цена - 53.74 GBP
2026-09-23 19:42:04 | DEBUG    | __main__ | Номер книги - 2, название - Soumission, рейтинг - 1, цена - 50.10 GBP
2026-09-23 19:42:04 | DEBUG    | __main__ | Номер книги - 3, название - Sharp Objects, рейтинг - 4, цена - 47.82 GBP
2026-09-23 19:42:04 | DEBUG    | __main__ | Номер книги - 4, название - Sapiens: A Brief History of Humankind, рейтинг - 5, цена - 54.23 GBP
2026-09-23 19:42:04 | DEBUG    | __main__ | Номер книги - 5, название - The Requiem Red, рейтинг - 1, цена - 22.65 GBP
2026-09-23 19:42:04 | DEBUG    | __main__ | Номер книги - 6, название - The Dirty Little Secrets of Getting Your Dream Job, рейтинг - 4, цена - 33.34 GBP
2026-09-23 19:42:04 | DEBUG    | __main__ | Номер книги - 7, название - The Coming Woman: A Novel Based on the Life of the Infamous Feminist, Victoria Woodhull, рейтинг - 3, цена - 17.93 GBP
2026-09-23 19:42:04 | DEBUG    | __main__ | Номер книги - 8, название - The Boys in the Boat: Nine Americans and Their Epic Quest for Gold at the 1936 Berlin Olympics, рейтинг - 4, цена - 22.60 GBP
2026-09-23 19:42:04 | DEBUG    | __main__ | Номер книги - 9, название - The Black Maria, рейтинг - 1, цена - 52.15 GBP
2026-09-23 19:42:04 | DEBUG    | __main__ | Номер книги - 10, название - Starving Hearts (Triangular Trade Trilogy, #1), рейтинг - 2, цена - 13.99 GBP
2026-09-23 19:42:04 | DEBUG    | __main__ | Номер книги - 11, название - Shakespeare's Sonnets, рейтинг - 4, цена - 20.66 GBP
2026-09-23 19:42:04 | DEBUG    | __main__ | Номер книги - 12, название - Set Me Free, рейтинг - 5, цена - 17.46 GBP
2026-09-23 19:42:04 | DEBUG    | __main__ | Номер книги - 13, название - Scott Pilgrim's Precious Little Life (Scott Pilgrim #1), рейтинг - 5, цена - 52.29 GBP
2026-09-23 19:42:04 | DEBUG    | __main__ | Номер книги - 14, название - Rip it Up and Start Again, рейтинг - 5, цена - 35.02 GBP
2026-09-23 19:42:04 | DEBUG    | __main__ | Номер книги - 15, название - Our Band Could Be Your Life: Scenes from the American Indie Underground, 1981-1991, рейтинг - 3, цена - 57.25 GBP
2026-09-23 19:42:04 | DEBUG    | __main__ | Номер книги - 16, название - Olio, рейтинг - 1, цена - 23.88 GBP
2026-09-23 19:42:04 | DEBUG    | __main__ | Номер книги - 17, название - Mesaerion: The Best Science Fiction Stories 1800-1849, рейтинг - 1, цена - 37.59 GBP
2026-09-23 19:42:04 | DEBUG    | __main__ | Номер книги - 18, название - Libertarianism for Beginners, рейтинг - 2, цена - 51.33 GBP
2026-09-23 19:42:04 | DEBUG    | __main__ | Номер книги - 19, название - It's Only the Himalayas, рейтинг - 2, цена - 45.17 GBP
2026-09-23 19:42:04 | INFO     | parser.storage.json_storage | Сохранено: 20 записей в C:\Users\dalum\OneDrive\Рабочий стол\python_learn\parser\data\output_data\books.json
2026-09-23 19:42:05 | INFO     | parser.analysis.analyze_json | Аналитика сохранена: C:\Users\dalum\OneDrive\Рабочий стол\python_learn\parser\data\output_data\analysis.xlsx
2026-09-23 19:42:05 | INFO     | __main__ | Готово
2026-09-23 19:57:43 | INFO     | __main__ | Старт парсера. base_url=https://books.toscrape.com
2026-09-23 19:57:43 | INFO     | parser.scrapers.catalogue | Страница 1: https://books.toscrape.com/catalogue/page-1.html
2026-09-23 19:57:43 | DEBUG    | parser.utils.http_client | GET https://books.toscrape.com/catalogue/page-1.html (timeout=10.0)
2026-09-23 19:57:44 | INFO     | parser.utils.http_client | GET https://books.toscrape.com/catalogue/page-1.html -> 200: OK
2026-09-23 19:57:44 | INFO     | parser.scrapers.catalogue | Получено 50469 символов
2026-09-23 19:57:44 | INFO     | parser.parsers.book_list | Найдено 20 карточек
2026-09-23 19:57:44 | INFO     | parser.parsers.book_list | Разобрано 20 из 20 карточек
2026-09-23 19:57:44 | DEBUG    | parser.utils.http_client | GET https://books.toscrape.com/catalogue/a-light-in-the-attic_1000/index.html (timeout=10.0)
2026-09-23 19:57:45 | INFO     | parser.utils.http_client | GET https://books.toscrape.com/catalogue/a-light-in-the-attic_1000/index.html -> 200: OK
2026-09-23 19:57:46 | DEBUG    | parser.utils.http_client | GET https://books.toscrape.com/catalogue/tipping-the-velvet_999/index.html (timeout=10.0)
2026-09-23 19:57:47 | INFO     | parser.utils.http_client | GET https://books.toscrape.com/catalogue/tipping-the-velvet_999/index.html -> 200: OK
2026-09-23 19:57:48 | DEBUG    | parser.utils.http_client | GET https://books.toscrape.com/catalogue/soumission_998/index.html (timeout=10.0)
2026-09-23 19:57:48 | INFO     | parser.utils.http_client | GET https://books.toscrape.com/catalogue/soumission_998/index.html -> 200: OK
2026-09-23 19:57:49 | DEBUG    | parser.utils.http_client | GET https://books.toscrape.com/catalogue/sharp-objects_997/index.html (timeout=10.0)
2026-09-23 19:57:50 | INFO     | parser.utils.http_client | GET https://books.toscrape.com/catalogue/sharp-objects_997/index.html -> 200: OK
2026-09-23 19:57:50 | DEBUG    | parser.utils.http_client | GET https://books.toscrape.com/catalogue/sapiens-a-brief-history-of-humankind_996/index.html (timeout=10.0)
2026-09-23 19:57:51 | INFO     | parser.utils.http_client | GET https://books.toscrape.com/catalogue/sapiens-a-brief-history-of-humankind_996/index.html -> 200: OK
2026-09-23 19:57:51 | DEBUG    | parser.utils.http_client | GET https://books.toscrape.com/catalogue/the-requiem-red_995/index.html (timeout=10.0)
2026-09-23 19:57:52 | INFO     | parser.utils.http_client | GET https://books.toscrape.com/catalogue/the-requiem-red_995/index.html -> 200: OK
2026-09-23 19:57:53 | DEBUG    | parser.utils.http_client | GET https://books.toscrape.com/catalogue/the-dirty-little-secrets-of-getting-your-dream-job_994/index.html (timeout=10.0)
2026-09-23 19:57:54 | INFO     | parser.utils.http_client | GET https://books.toscrape.com/catalogue/the-dirty-little-secrets-of-getting-your-dream-job_994/index.html -> 200: OK
2026-09-23 19:57:54 | DEBUG    | parser.utils.http_client | GET https://books.toscrape.com/catalogue/the-coming-woman-a-novel-based-on-the-life-of-the-infamous-feminist-victoria-woodhull_993/index.html (timeout=10.0)
2026-09-23 19:57:55 | INFO     | parser.utils.http_client | GET https://books.toscrape.com/catalogue/the-coming-woman-a-novel-based-on-the-life-of-the-infamous-feminist-victoria-woodhull_993/index.html -> 200: OK
2026-09-23 19:57:56 | DEBUG    | parser.utils.http_client | GET https://books.toscrape.com/catalogue/the-boys-in-the-boat-nine-americans-and-their-epic-quest-for-gold-at-the-1936-berlin-olympics_992/index.html (timeout=10.0)
2026-09-23 19:57:57 | INFO     | parser.utils.http_client | GET https://books.toscrape.com/catalogue/the-boys-in-the-boat-nine-americans-and-their-epic-quest-for-gold-at-the-1936-berlin-olympics_992/index.html -> 200: OK
2026-09-23 19:57:58 | DEBUG    | parser.utils.http_client | GET https://books.toscrape.com/catalogue/the-black-maria_991/index.html (timeout=10.0)
2026-09-23 19:57:59 | INFO     | parser.utils.http_client | GET https://books.toscrape.com/catalogue/the-black-maria_991/index.html -> 200: OK
2026-09-23 19:57:59 | DEBUG    | parser.utils.http_client | GET https://books.toscrape.com/catalogue/starving-hearts-triangular-trade-trilogy-1_990/index.html (timeout=10.0)
2026-09-23 19:58:00 | INFO     | parser.utils.http_client | GET https://books.toscrape.com/catalogue/starving-hearts-triangular-trade-trilogy-1_990/index.html -> 200: OK
2026-09-23 19:58:01 | DEBUG    | parser.utils.http_client | GET https://books.toscrape.com/catalogue/shakespeares-sonnets_989/index.html (timeout=10.0)
2026-09-23 19:58:02 | INFO     | parser.utils.http_client | GET https://books.toscrape.com/catalogue/shakespeares-sonnets_989/index.html -> 200: OK
2026-09-23 19:58:02 | DEBUG    | parser.utils.http_client | GET https://books.toscrape.com/catalogue/set-me-free_988/index.html (timeout=10.0)
2026-09-23 19:58:03 | INFO     | parser.utils.http_client | GET https://books.toscrape.com/catalogue/set-me-free_988/index.html -> 200: OK
2026-09-23 19:58:04 | DEBUG    | parser.utils.http_client | GET https://books.toscrape.com/catalogue/scott-pilgrims-precious-little-life-scott-pilgrim-1_987/index.html (timeout=10.0)
2026-09-23 19:58:05 | INFO     | parser.utils.http_client | GET https://books.toscrape.com/catalogue/scott-pilgrims-precious-little-life-scott-pilgrim-1_987/index.html -> 200: OK
2026-09-23 19:58:05 | DEBUG    | parser.utils.http_client | GET https://books.toscrape.com/catalogue/rip-it-up-and-start-again_986/index.html (timeout=10.0)
2026-09-23 19:58:06 | INFO     | parser.utils.http_client | GET https://books.toscrape.com/catalogue/rip-it-up-and-start-again_986/index.html -> 200: OK
2026-09-23 19:58:07 | DEBUG    | parser.utils.http_client | GET https://books.toscrape.com/catalogue/our-band-could-be-your-life-scenes-from-the-american-indie-underground-1981-1991_985/index.html (timeout=10.0)
2026-09-23 19:58:07 | INFO     | parser.utils.http_client | GET https://books.toscrape.com/catalogue/our-band-could-be-your-life-scenes-from-the-american-indie-underground-1981-1991_985/index.html -> 200: OK
2026-09-23 19:58:08 | DEBUG    | parser.utils.http_client | GET https://books.toscrape.com/catalogue/olio_984/index.html (timeout=10.0)
2026-09-23 19:58:09 | INFO     | parser.utils.http_client | GET https://books.toscrape.com/catalogue/olio_984/index.html -> 200: OK
2026-09-23 19:58:09 | DEBUG    | parser.utils.http_client | GET https://books.toscrape.com/catalogue/mesaerion-the-best-science-fiction-stories-1800-1849_983/index.html (timeout=10.0)
2026-09-23 19:58:10 | INFO     | parser.utils.http_client | GET https://books.toscrape.com/catalogue/mesaerion-the-best-science-fiction-stories-1800-1849_983/index.html -> 200: OK
2026-09-23 19:58:11 | DEBUG    | parser.utils.http_client | GET https://books.toscrape.com/catalogue/libertarianism-for-beginners_982/index.html (timeout=10.0)
2026-09-23 19:58:12 | INFO     | parser.utils.http_client | GET https://books.toscrape.com/catalogue/libertarianism-for-beginners_982/index.html -> 200: OK
2026-09-23 19:58:13 | DEBUG    | parser.utils.http_client | GET https://books.toscrape.com/catalogue/its-only-the-himalayas_981/index.html (timeout=10.0)
2026-09-23 19:58:13 | INFO     | parser.utils.http_client | GET https://books.toscrape.com/catalogue/its-only-the-himalayas_981/index.html -> 200: OK
2026-09-23 19:58:14 | DEBUG    | __main__ | Номер книги - 0, название - A Light in the Attic, рейтинг - 3, цена - 51.77 GBP
2026-09-23 19:58:14 | DEBUG    | __main__ | Номер книги - 1, название - Tipping the Velvet, рейтинг - 1, цена - 53.74 GBP
2026-09-23 19:58:14 | DEBUG    | __main__ | Номер книги - 2, название - Soumission, рейтинг - 1, цена - 50.10 GBP
2026-09-23 19:58:14 | DEBUG    | __main__ | Номер книги - 3, название - Sharp Objects, рейтинг - 4, цена - 47.82 GBP
2026-09-23 19:58:14 | DEBUG    | __main__ | Номер книги - 4, название - Sapiens: A Brief History of Humankind, рейтинг - 5, цена - 54.23 GBP
2026-09-23 19:58:14 | DEBUG    | __main__ | Номер книги - 5, название - The Requiem Red, рейтинг - 1, цена - 22.65 GBP
2026-09-23 19:58:14 | DEBUG    | __main__ | Номер книги - 6, название - The Dirty Little Secrets of Getting Your Dream Job, рейтинг - 4, цена - 33.34 GBP
2026-09-23 19:58:14 | DEBUG    | __main__ | Номер книги - 7, название - The Coming Woman: A Novel Based on the Life of the Infamous Feminist, Victoria Woodhull, рейтинг - 3, цена - 17.93 GBP
2026-09-23 19:58:14 | DEBUG    | __main__ | Номер книги - 8, название - The Boys in the Boat: Nine Americans and Their Epic Quest for Gold at the 1936 Berlin Olympics, рейтинг - 4, цена - 22.60 GBP
2026-09-23 19:58:14 | DEBUG    | __main__ | Номер книги - 9, название - The Black Maria, рейтинг - 1, цена - 52.15 GBP
2026-09-23 19:58:14 | DEBUG    | __main__ | Номер книги - 10, название - Starving Hearts (Triangular Trade Trilogy, #1), рейтинг - 2, цена - 13.99 GBP
2026-09-23 19:58:14 | DEBUG    | __main__ | Номер книги - 11, название - Shakespeare's Sonnets, рейтинг - 4, цена - 20.66 GBP
2026-09-23 19:58:14 | DEBUG    | __main__ | Номер книги - 12, название - Set Me Free, рейтинг - 5, цена - 17.46 GBP
2026-09-23 19:58:14 | DEBUG    | __main__ | Номер книги - 13, название - Scott Pilgrim's Precious Little Life (Scott Pilgrim #1), рейтинг - 5, цена - 52.29 GBP
2026-09-23 19:58:14 | DEBUG    | __main__ | Номер книги - 14, название - Rip it Up and Start Again, рейтинг - 5, цена - 35.02 GBP
2026-09-23 19:58:14 | DEBUG    | __main__ | Номер книги - 15, название - Our Band Could Be Your Life: Scenes from the American Indie Underground, 1981-1991, рейтинг - 3, цена - 57.25 GBP
2026-09-23 19:58:14 | DEBUG    | __main__ | Номер книги - 16, название - Olio, рейтинг - 1, цена - 23.88 GBP
2026-09-23 19:58:14 | DEBUG    | __main__ | Номер книги - 17, название - Mesaerion: The Best Science Fiction Stories 1800-1849, рейтинг - 1, цена - 37.59 GBP
2026-09-23 19:58:14 | DEBUG    | __main__ | Номер книги - 18, название - Libertarianism for Beginners, рейтинг - 2, цена - 51.33 GBP
2026-09-23 19:58:14 | DEBUG    | __main__ | Номер книги - 19, название - It's Only the Himalayas, рейтинг - 2, цена - 45.17 GBP
2026-09-23 19:58:14 | INFO     | parser.storage.json_storage | Сохранено: 20 записей в C:\Users\dalum\OneDrive\Рабочий стол\python_learn\parser\src\parser\data\output_data\books.json
2026-09-23 19:58:15 | INFO     | parser.analysis.analyze_json | Аналитика сохранена: C:\Users\dalum\OneDrive\Рабочий стол\python_learn\parser\src\parser\data\output_data\analysis.xlsx
2026-09-23 19:58:15 | INFO     | __main__ | Готово
2026-09-23 20:00:53 | INFO     | __main__ | Старт парсера. base_url=https://books.toscrape.com
2026-09-23 20:00:53 | INFO     | parser.scrapers.catalogue | Страница 1: https://books.toscrape.com/catalogue/page-1.html
2026-09-23 20:00:53 | DEBUG    | parser.utils.http_client | GET https://books.toscrape.com/catalogue/page-1.html (timeout=10.0)
2026-09-23 20:00:54 | INFO     | parser.utils.http_client | GET https://books.toscrape.com/catalogue/page-1.html -> 200: OK
2026-09-23 20:00:54 | INFO     | parser.scrapers.catalogue | Получено 50469 символов
2026-09-23 20:00:54 | INFO     | parser.parsers.book_list | Найдено 20 карточек
2026-09-23 20:00:54 | INFO     | parser.parsers.book_list | Разобрано 20 из 20 карточек
2026-09-23 20:00:54 | DEBUG    | parser.utils.http_client | GET https://books.toscrape.com/catalogue/a-light-in-the-attic_1000/index.html (timeout=10.0)
2026-09-23 20:00:55 | INFO     | parser.utils.http_client | GET https://books.toscrape.com/catalogue/a-light-in-the-attic_1000/index.html -> 200: OK
2026-09-23 20:00:56 | DEBUG    | parser.utils.http_client | GET https://books.toscrape.com/catalogue/tipping-the-velvet_999/index.html (timeout=10.0)
2026-09-23 20:00:57 | INFO     | parser.utils.http_client | GET https://books.toscrape.com/catalogue/tipping-the-velvet_999/index.html -> 200: OK
2026-09-23 20:00:57 | DEBUG    | parser.utils.http_client | GET https://books.toscrape.com/catalogue/soumission_998/index.html (timeout=10.0)
2026-09-23 20:00:58 | INFO     | parser.utils.http_client | GET https://books.toscrape.com/catalogue/soumission_998/index.html -> 200: OK
2026-09-23 20:00:59 | DEBUG    | parser.utils.http_client | GET https://books.toscrape.com/catalogue/sharp-objects_997/index.html (timeout=10.0)
2026-09-23 20:00:59 | INFO     | parser.utils.http_client | GET https://books.toscrape.com/catalogue/sharp-objects_997/index.html -> 200: OK
2026-09-23 20:01:00 | DEBUG    | parser.utils.http_client | GET https://books.toscrape.com/catalogue/sapiens-a-brief-history-of-humankind_996/index.html (timeout=10.0)
2026-09-23 20:01:01 | INFO     | parser.utils.http_client | GET https://books.toscrape.com/catalogue/sapiens-a-brief-history-of-humankind_996/index.html -> 200: OK
2026-09-23 20:01:02 | DEBUG    | parser.utils.http_client | GET https://books.toscrape.com/catalogue/the-requiem-red_995/index.html (timeout=10.0)
2026-09-23 20:01:02 | INFO     | parser.utils.http_client | GET https://books.toscrape.com/catalogue/the-requiem-red_995/index.html -> 200: OK
2026-09-23 20:01:03 | DEBUG    | parser.utils.http_client | GET https://books.toscrape.com/catalogue/the-dirty-little-secrets-of-getting-your-dream-job_994/index.html (timeout=10.0)
2026-09-23 20:01:04 | INFO     | parser.utils.http_client | GET https://books.toscrape.com/catalogue/the-dirty-little-secrets-of-getting-your-dream-job_994/index.html -> 200: OK
2026-09-23 20:01:04 | DEBUG    | parser.utils.http_client | GET https://books.toscrape.com/catalogue/the-coming-woman-a-novel-based-on-the-life-of-the-infamous-feminist-victoria-woodhull_993/index.html (timeout=10.0)
2026-09-23 20:01:05 | INFO     | parser.utils.http_client | GET https://books.toscrape.com/catalogue/the-coming-woman-a-novel-based-on-the-life-of-the-infamous-feminist-victoria-woodhull_993/index.html -> 200: OK
2026-09-23 20:01:06 | DEBUG    | parser.utils.http_client | GET https://books.toscrape.com/catalogue/the-boys-in-the-boat-nine-americans-and-their-epic-quest-for-gold-at-the-1936-berlin-olympics_992/index.html (timeout=10.0)
2026-09-23 20:01:07 | INFO     | parser.utils.http_client | GET https://books.toscrape.com/catalogue/the-boys-in-the-boat-nine-americans-and-their-epic-quest-for-gold-at-the-1936-berlin-olympics_992/index.html -> 200: OK
2026-09-23 20:01:08 | DEBUG    | parser.utils.http_client | GET https://books.toscrape.com/catalogue/the-black-maria_991/index.html (timeout=10.0)
2026-09-23 20:01:08 | INFO     | parser.utils.http_client | GET https://books.toscrape.com/catalogue/the-black-maria_991/index.html -> 200: OK
2026-09-23 20:01:09 | DEBUG    | parser.utils.http_client | GET https://books.toscrape.com/catalogue/starving-hearts-triangular-trade-trilogy-1_990/index.html (timeout=10.0)
2026-09-23 20:01:10 | INFO     | parser.utils.http_client | GET https://books.toscrape.com/catalogue/starving-hearts-triangular-trade-trilogy-1_990/index.html -> 200: OK
2026-09-23 20:01:11 | DEBUG    | parser.utils.http_client | GET https://books.toscrape.com/catalogue/shakespeares-sonnets_989/index.html (timeout=10.0)
2026-09-23 20:01:12 | INFO     | parser.utils.http_client | GET https://books.toscrape.com/catalogue/shakespeares-sonnets_989/index.html -> 200: OK
2026-09-23 20:01:12 | DEBUG    | parser.utils.http_client | GET https://books.toscrape.com/catalogue/set-me-free_988/index.html (timeout=10.0)
2026-09-23 20:01:13 | INFO     | parser.utils.http_client | GET https://books.toscrape.com/catalogue/set-me-free_988/index.html -> 200: OK
2026-09-23 20:01:14 | DEBUG    | parser.utils.http_client | GET https://books.toscrape.com/catalogue/scott-pilgrims-precious-little-life-scott-pilgrim-1_987/index.html (timeout=10.0)
2026-09-23 20:01:15 | INFO     | parser.utils.http_client | GET https://books.toscrape.com/catalogue/scott-pilgrims-precious-little-life-scott-pilgrim-1_987/index.html -> 200: OK
2026-09-23 20:01:15 | DEBUG    | parser.utils.http_client | GET https://books.toscrape.com/catalogue/rip-it-up-and-start-again_986/index.html (timeout=10.0)
2026-09-23 20:01:16 | INFO     | parser.utils.http_client | GET https://books.toscrape.com/catalogue/rip-it-up-and-start-again_986/index.html -> 200: OK
2026-09-23 20:01:17 | DEBUG    | parser.utils.http_client | GET https://books.toscrape.com/catalogue/our-band-could-be-your-life-scenes-from-the-american-indie-underground-1981-1991_985/index.html (timeout=10.0)
2026-09-23 20:01:18 | INFO     | parser.utils.http_client | GET https://books.toscrape.com/catalogue/our-band-could-be-your-life-scenes-from-the-american-indie-underground-1981-1991_985/index.html -> 200: OK
2026-09-23 20:01:18 | DEBUG    | parser.utils.http_client | GET https://books.toscrape.com/catalogue/olio_984/index.html (timeout=10.0)
2026-09-23 20:01:19 | INFO     | parser.utils.http_client | GET https://books.toscrape.com/catalogue/olio_984/index.html -> 200: OK
2026-09-23 20:01:19 | DEBUG    | parser.utils.http_client | GET https://books.toscrape.com/catalogue/mesaerion-the-best-science-fiction-stories-1800-1849_983/index.html (timeout=10.0)
2026-09-23 20:01:20 | INFO     | parser.utils.http_client | GET https://books.toscrape.com/catalogue/mesaerion-the-best-science-fiction-stories-1800-1849_983/index.html -> 200: OK
2026-09-23 20:01:21 | DEBUG    | parser.utils.http_client | GET https://books.toscrape.com/catalogue/libertarianism-for-beginners_982/index.html (timeout=10.0)
2026-09-23 20:01:22 | INFO     | parser.utils.http_client | GET https://books.toscrape.com/catalogue/libertarianism-for-beginners_982/index.html -> 200: OK
2026-09-23 20:01:23 | DEBUG    | parser.utils.http_client | GET https://books.toscrape.com/catalogue/its-only-the-himalayas_981/index.html (timeout=10.0)
2026-09-23 20:01:24 | INFO     | parser.utils.http_client | GET https://books.toscrape.com/catalogue/its-only-the-himalayas_981/index.html -> 200: OK
2026-09-23 20:01:24 | DEBUG    | __main__ | Номер книги - 0, название - A Light in the Attic, рейтинг - 3, цена - 51.77 GBP
2026-09-23 20:01:24 | DEBUG    | __main__ | Номер книги - 1, название - Tipping the Velvet, рейтинг - 1, цена - 53.74 GBP
2026-09-23 20:01:24 | DEBUG    | __main__ | Номер книги - 2, название - Soumission, рейтинг - 1, цена - 50.10 GBP
2026-09-23 20:01:24 | DEBUG    | __main__ | Номер книги - 3, название - Sharp Objects, рейтинг - 4, цена - 47.82 GBP
2026-09-23 20:01:24 | DEBUG    | __main__ | Номер книги - 4, название - Sapiens: A Brief History of Humankind, рейтинг - 5, цена - 54.23 GBP
2026-09-23 20:01:24 | DEBUG    | __main__ | Номер книги - 5, название - The Requiem Red, рейтинг - 1, цена - 22.65 GBP
2026-09-23 20:01:24 | DEBUG    | __main__ | Номер книги - 6, название - The Dirty Little Secrets of Getting Your Dream Job, рейтинг - 4, цена - 33.34 GBP
2026-09-23 20:01:24 | DEBUG    | __main__ | Номер книги - 7, название - The Coming Woman: A Novel Based on the Life of the Infamous Feminist, Victoria Woodhull, рейтинг - 3, цена - 17.93 GBP
2026-09-23 20:01:24 | DEBUG    | __main__ | Номер книги - 8, название - The Boys in the Boat: Nine Americans and Their Epic Quest for Gold at the 1936 Berlin Olympics, рейтинг - 4, цена - 22.60 GBP
2026-09-23 20:01:24 | DEBUG    | __main__ | Номер книги - 9, название - The Black Maria, рейтинг - 1, цена - 52.15 GBP
2026-09-23 20:01:24 | DEBUG    | __main__ | Номер книги - 10, название - Starving Hearts (Triangular Trade Trilogy, #1), рейтинг - 2, цена - 13.99 GBP
2026-09-23 20:01:24 | DEBUG    | __main__ | Номер книги - 11, название - Shakespeare's Sonnets, рейтинг - 4, цена - 20.66 GBP
2026-09-23 20:01:24 | DEBUG    | __main__ | Номер книги - 12, название - Set Me Free, рейтинг - 5, цена - 17.46 GBP
2026-09-23 20:01:24 | DEBUG    | __main__ | Номер книги - 13, название - Scott Pilgrim's Precious Little Life (Scott Pilgrim #1), рейтинг - 5, цена - 52.29 GBP
2026-09-23 20:01:24 | DEBUG    | __main__ | Номер книги - 14, название - Rip it Up and Start Again, рейтинг - 5, цена - 35.02 GBP
2026-09-23 20:01:24 | DEBUG    | __main__ | Номер книги - 15, название - Our Band Could Be Your Life: Scenes from the American Indie Underground, 1981-1991, рейтинг - 3, цена - 57.25 GBP
2026-09-23 20:01:24 | DEBUG    | __main__ | Номер книги - 16, название - Olio, рейтинг - 1, цена - 23.88 GBP
2026-09-23 20:01:24 | DEBUG    | __main__ | Номер книги - 17, название - Mesaerion: The Best Science Fiction Stories 1800-1849, рейтинг - 1, цена - 37.59 GBP
2026-09-23 20:01:24 | DEBUG    | __main__ | Номер книги - 18, название - Libertarianism for Beginners, рейтинг - 2, цена - 51.33 GBP
2026-09-23 20:01:24 | DEBUG    | __main__ | Номер книги - 19, название - It's Only the Himalayas, рейтинг - 2, цена - 45.17 GBP
2026-09-23 20:01:25 | INFO     | parser.storage.json_storage | Сохранено: 20 записей в C:\Users\dalum\OneDrive\Рабочий стол\python_learn\parser\src\parser\data\output_data\books.json
2026-09-23 20:01:25 | INFO     | parser.analysis.analyze_json | Аналитика сохранена: C:\Users\dalum\OneDrive\Рабочий стол\python_learn\parser\src\parser\data\output_data\analysis.xlsx
2026-09-23 20:01:25 | INFO     | __main__ | Готово
